{
  "experiment_id": "20260329_tcn_300",
  "trial_id": "20260329_tcn_300_068",
  "model_class": "TCN",
  "champion_eligible": true,
  "description": "TCN lookback=4 channels=32 num_blocks=3 kernel_size=2 epochs=75 learning_rate=0.01 with housing_starts",
  "gof_composite": 0.07597086092692092,
  "gof_insample": 0.3320518003071441,
  "gof_validation_near": -0.2707354826863091,
  "gof_validation_far": -0.19172737948263485,
  "gof_diagnostic": 0.6666666666666666,
  "rmse": 46.30217454207722,
  "mae": 34.691211456298824,
  "theil_u": 1.270735482686309,
  "directional_accuracy": 0.6641604010025063,
  "n_params": 7,
  "status": "ok",
  "diagnostics_passed": [
    "arch_lm",
    "cusum",
    "adf",
    "forecast_plausibility"
  ],
  "diagnostics_failed": [
    "ljung_box",
    "jarque_bera"
  ],
  "error_summary": "",
  "rmse_1yr": 46.30217454207722,
  "rmse_3yr": 136.69491941348974,
  "insample_rmse": 4.457528083455859,
  "naive_insample_rmse": 6.6734637289322345,
  "gof_volatility_near": NaN,
  "gof_volatility_far": NaN,
  "gof_volatility_weighted": NaN,
  "validation_coverage_90": NaN,
  "fit_attempts": [],
  "fit_strategy": "",
  "fit_scaled": false,
  "fit_recovered": false
}