{
  "experiment_id": "20260330_nbeats_full20_300",
  "trial_id": "20260330_nbeats_full20_300_064",
  "model_class": "N-BEATS",
  "champion_eligible": true,
  "description": "N-BEATS lookback=8 stack_width=64 n_blocks=3 n_layers=2 epochs=75 learning_rate=0.01 with personal_consumption",
  "gof_composite": 0.17374519253853138,
  "gof_insample": 0.5459196053949957,
  "gof_validation_near": -0.0035840641472275614,
  "gof_validation_far": -0.5113437366751374,
  "gof_diagnostic": 0.3333333333333333,
  "rmse": 36.56789720513625,
  "mae": 26.6689455464681,
  "theil_u": 1.0035840641472276,
  "directional_accuracy": 0.5939849624060151,
  "n_params": 7,
  "status": "ok",
  "diagnostics_passed": [
    "jarque_bera",
    "adf"
  ],
  "diagnostics_failed": [
    "ljung_box",
    "arch_lm",
    "cusum",
    "forecast_plausibility"
  ],
  "error_summary": "",
  "rmse_1yr": 36.56789720513625,
  "rmse_3yr": 173.35593177407628,
  "insample_rmse": 3.030289043415732,
  "naive_insample_rmse": 6.6734637289322345,
  "gof_volatility_near": NaN,
  "gof_volatility_far": NaN,
  "gof_volatility_weighted": NaN,
  "validation_coverage_90": NaN,
  "fit_attempts": [],
  "fit_strategy": "",
  "fit_scaled": false,
  "fit_recovered": false
}