{
  "experiment_id": "20260330_arimax_garch_full20_300",
  "trial_id": "20260330_arimax_garch_full20_300_083",
  "model_class": "ARIMAX-GARCH",
  "champion_eligible": true,
  "description": "ARIMAX-GARCH(1, 1, 1) trend=t GARCH(1,1) dist=normal with new_home_sales",
  "gof_composite": -1.4359830474810324,
  "gof_insample": -2.1328822751221486,
  "gof_validation_near": 0.06101390667327078,
  "gof_validation_far": -0.3599950355885384,
  "gof_diagnostic": 0.5555555555555556,
  "rmse": 34.21412133222857,
  "mae": 21.72822242637973,
  "theil_u": 0.9389860933267292,
  "directional_accuracy": 0.7518796992481203,
  "n_params": 8,
  "status": "ok",
  "diagnostics_passed": [
    "arch_lm",
    "cusum",
    "economic_sign",
    "forecast_plausibility",
    "std_resid_unit_variance"
  ],
  "diagnostics_failed": [
    "ljung_box",
    "jarque_bera",
    "adf",
    "volatility_coverage_90"
  ],
  "error_summary": "",
  "rmse_1yr": 34.21412133222857,
  "rmse_3yr": 155.9957545602654,
  "insample_rmse": 20.907176230042356,
  "naive_insample_rmse": 6.6734637289322345,
  "gof_volatility_near": -0.9127177862885114,
  "gof_volatility_far": -8.949363746785574,
  "gof_volatility_weighted": -3.3237115744376298,
  "validation_coverage_90": 0.1925,
  "fit_attempts": [],
  "fit_strategy": "",
  "fit_scaled": false,
  "fit_recovered": false
}