{
  "experiment_id": "20260325_vecm_refine_20",
  "trial_id": "20260325_vecm_refine_20_013",
  "model_class": "VECM",
  "champion_eligible": true,
  "description": "VECM(k_ar_diff=1) deterministic=ci with housing_starts",
  "gof_composite": 0.22917073719272338,
  "gof_insample": 0.28649055954653724,
  "gof_validation_near": 0.26934763955751384,
  "gof_validation_far": -0.08686995869569802,
  "gof_diagnostic": 0.3333333333333333,
  "rmse": 26.623001862882663,
  "mae": 17.339493816328186,
  "theil_u": 0.7306523604424862,
  "directional_accuracy": 0.581453634085213,
  "n_params": 9,
  "status": "ok",
  "diagnostics_passed": [
    "adf",
    "forecast_plausibility"
  ],
  "diagnostics_failed": [
    "ljung_box",
    "jarque_bera",
    "arch_lm",
    "cusum"
  ],
  "error_summary": "",
  "rmse_1yr": 26.623001862882663,
  "rmse_3yr": 124.66743986477003,
  "insample_rmse": 4.761579371116918,
  "naive_insample_rmse": 6.6734637289322345,
  "gof_volatility_near": NaN,
  "gof_volatility_far": NaN,
  "gof_volatility_weighted": NaN,
  "validation_coverage_90": NaN,
  "fit_attempts": [],
  "fit_strategy": "",
  "fit_scaled": false,
  "fit_recovered": false
}