{
  "experiment_id": "20260330_arimax_garch_full20_300",
  "trial_id": "20260330_arimax_garch_full20_300_061",
  "model_class": "ARIMAX-GARCH",
  "champion_eligible": true,
  "description": "ARIMAX-GARCH(1, 1, 0) trend=t GARCH(1,1) dist=normal with consumer_confidence, fed_funds, mortgage_rate",
  "gof_composite": -0.5682923092711633,
  "gof_insample": -1.9553784764143547,
  "gof_validation_near": 0.2035174990436086,
  "gof_validation_far": -0.01712516121823704,
  "gof_diagnostic": 0.4444444444444444,
  "rmse": 29.02167467696096,
  "mae": 19.84049834777947,
  "theil_u": 0.7964825009563914,
  "directional_accuracy": 0.8220551378446115,
  "n_params": 9,
  "status": "ok",
  "diagnostics_passed": [
    "cusum",
    "adf",
    "forecast_plausibility",
    "std_resid_unit_variance"
  ],
  "diagnostics_failed": [
    "ljung_box",
    "jarque_bera",
    "arch_lm",
    "economic_sign",
    "volatility_coverage_90"
  ],
  "error_summary": "",
  "rmse_1yr": 29.02167467696096,
  "rmse_3yr": 116.66748984698108,
  "insample_rmse": 19.722611067618207,
  "naive_insample_rmse": 6.6734637289322345,
  "gof_volatility_near": -0.2495742365625062,
  "gof_volatility_far": -0.42152770709254805,
  "gof_volatility_weighted": -0.30116027772151877,
  "validation_coverage_90": 0.32,
  "fit_attempts": [],
  "fit_strategy": "",
  "fit_scaled": false,
  "fit_recovered": false
}