{
  "experiment_id": "20260329_xgboost_300",
  "trial_id": "20260329_xgboost_300_006",
  "model_class": "XGBoost",
  "champion_eligible": true,
  "description": "XGBoost n_estimators=200 learning_rate=0.05 max_depth=4 subsample=0.8 colsample_bytree=0.8 lags=[1, 2, 4] with no exogenous variables",
  "gof_composite": 0.4337723348440132,
  "gof_insample": 0.825962116912427,
  "gof_validation_near": 0.21702324021132402,
  "gof_validation_far": -0.039359862188362627,
  "gof_diagnostic": 0.3333333333333333,
  "rmse": 28.529561886070987,
  "mae": 23.92233734130859,
  "theil_u": 0.782976759788676,
  "directional_accuracy": 0.18045112781954886,
  "n_params": 10,
  "status": "ok",
  "diagnostics_passed": [
    "arch_lm",
    "cusum"
  ],
  "diagnostics_failed": [
    "ljung_box",
    "jarque_bera",
    "adf",
    "forecast_plausibility"
  ],
  "error_summary": "",
  "rmse_1yr": 28.529561886070987,
  "rmse_3yr": 119.21788074142695,
  "insample_rmse": 1.1614355002450671,
  "naive_insample_rmse": 6.6734637289322345,
  "gof_volatility_near": NaN,
  "gof_volatility_far": NaN,
  "gof_volatility_weighted": NaN,
  "validation_coverage_90": NaN,
  "fit_attempts": [],
  "fit_strategy": "",
  "fit_scaled": false,
  "fit_recovered": false
}