{
  "experiment_id": "20260329_lstm_gru_300",
  "trial_id": "20260329_lstm_gru_300_038",
  "model_class": "LSTM / GRU",
  "champion_eligible": true,
  "description": "LSTM lookback=8 hidden_size=16 num_layers=2 epochs=75 learning_rate=0.01 with unemployment_rate",
  "gof_composite": 0.19587797124888046,
  "gof_insample": -0.009178797375100967,
  "gof_validation_near": 0.4540367821458128,
  "gof_validation_far": 0.04868855409702044,
  "gof_diagnostic": 0.3333333333333333,
  "rmse": 19.893427507980505,
  "mae": 14.624505055745441,
  "theil_u": 0.5459632178541872,
  "directional_accuracy": 0.7418546365914787,
  "n_params": 8,
  "status": "ok",
  "diagnostics_passed": [
    "adf",
    "forecast_plausibility"
  ],
  "diagnostics_failed": [
    "ljung_box",
    "jarque_bera",
    "arch_lm",
    "cusum"
  ],
  "error_summary": "",
  "rmse_1yr": 19.893427507980505,
  "rmse_3yr": 109.11844745170852,
  "insample_rmse": 6.734718100290189,
  "naive_insample_rmse": 6.6734637289322345,
  "gof_volatility_near": NaN,
  "gof_volatility_far": NaN,
  "gof_volatility_weighted": NaN,
  "validation_coverage_90": NaN,
  "fit_attempts": [],
  "fit_strategy": "",
  "fit_scaled": false,
  "fit_recovered": false
}