{
  "experiment_id": "20260330_arimax_garch_full20_300",
  "trial_id": "20260330_arimax_garch_full20_300_003",
  "model_class": "ARIMAX-GARCH",
  "champion_eligible": true,
  "description": "ARIMAX-GARCH(1, 1, 0) trend=t GARCH(1,1) dist=normal with treasury_10y",
  "gof_composite": -0.5725456793106668,
  "gof_insample": -1.900915564601883,
  "gof_validation_near": 0.17830650227951717,
  "gof_validation_far": -0.019593960683076395,
  "gof_diagnostic": 0.4444444444444444,
  "rmse": 29.940295419401398,
  "mae": 20.96784645223928,
  "theil_u": 0.8216934977204828,
  "directional_accuracy": 0.8370927318295739,
  "n_params": 7,
  "status": "ok",
  "diagnostics_passed": [
    "cusum",
    "economic_sign",
    "forecast_plausibility",
    "std_resid_unit_variance"
  ],
  "diagnostics_failed": [
    "ljung_box",
    "jarque_bera",
    "arch_lm",
    "adf",
    "volatility_coverage_90"
  ],
  "error_summary": "",
  "rmse_1yr": 29.940295419401398,
  "rmse_3yr": 116.95066899491741,
  "insample_rmse": 19.35915480106564,
  "naive_insample_rmse": 6.6734637289322345,
  "gof_volatility_near": -0.29205174650080523,
  "gof_volatility_far": -0.5096483765130282,
  "gof_volatility_weighted": -0.35733073550447214,
  "validation_coverage_90": 0.33,
  "fit_attempts": [],
  "fit_strategy": "",
  "fit_scaled": false,
  "fit_recovered": false
}