{
  "experiment_id": "20260325_arimax_garch_60_volaware",
  "trial_id": "20260325_arimax_garch_60_volaware_042",
  "model_class": "ARIMAX-GARCH",
  "champion_eligible": true,
  "description": "ARIMAX-GARCH(1, 1, 0) trend=t GARCH(1,2) dist=normal with mortgage_rate, unemployment_rate, per_capita_income",
  "gof_composite": -0.5133030511297083,
  "gof_insample": -1.8475798092828541,
  "gof_validation_near": 0.23455254670454329,
  "gof_validation_far": -0.014844958960223309,
  "gof_diagnostic": 0.4444444444444444,
  "rmse": 27.89084122397473,
  "mae": 20.380265601337122,
  "theil_u": 0.7654474532954567,
  "directional_accuracy": 0.8195488721804511,
  "n_params": 10,
  "status": "ok",
  "diagnostics_passed": [
    "cusum",
    "adf",
    "forecast_plausibility",
    "std_resid_unit_variance"
  ],
  "diagnostics_failed": [
    "ljung_box",
    "jarque_bera",
    "arch_lm",
    "economic_sign",
    "volatility_coverage_90"
  ],
  "error_summary": "",
  "rmse_1yr": 27.89084122397473,
  "rmse_3yr": 116.40594339829501,
  "insample_rmse": 19.003220572488896,
  "naive_insample_rmse": 6.6734637289322345,
  "gof_volatility_near": -0.176372862811909,
  "gof_volatility_far": -0.3968259010310127,
  "gof_volatility_weighted": -0.24250877427764012,
  "validation_coverage_90": 0.31,
  "fit_attempts": [],
  "fit_strategy": "",
  "fit_scaled": false,
  "fit_recovered": false
}