{
  "experiment_id": "20260330_lightgbm_full20_300",
  "trial_id": "20260330_lightgbm_full20_300_017",
  "model_class": "LightGBM",
  "champion_eligible": true,
  "description": "LightGBM n_estimators=500 learning_rate=0.1 max_depth=3 num_leaves=15 lags=[1, 2, 4] with no exogenous variables",
  "gof_composite": -0.08905264746503236,
  "gof_insample": -0.40445196088019264,
  "gof_validation_near": 0.12074993383752419,
  "gof_validation_far": -0.019117821929480527,
  "gof_diagnostic": 0.3333333333333333,
  "rmse": 32.0375015762724,
  "mae": 27.65580967721068,
  "theil_u": 0.8792500661624758,
  "directional_accuracy": 0.19298245614035087,
  "n_params": 11,
  "status": "ok",
  "diagnostics_passed": [
    "cusum",
    "adf"
  ],
  "diagnostics_failed": [
    "ljung_box",
    "jarque_bera",
    "arch_lm",
    "forecast_plausibility"
  ],
  "error_summary": "",
  "rmse_1yr": 32.0375015762724,
  "rmse_3yr": 116.89605436604087,
  "insample_rmse": 9.372559219961719,
  "naive_insample_rmse": 6.6734637289322345,
  "gof_volatility_near": NaN,
  "gof_volatility_far": NaN,
  "gof_volatility_weighted": NaN,
  "validation_coverage_90": NaN,
  "fit_attempts": [],
  "fit_strategy": "",
  "fit_scaled": false,
  "fit_recovered": false
}