{
  "experiment_id": "20260329_xgboost_300",
  "trial_id": "20260329_xgboost_300_045",
  "model_class": "XGBoost",
  "champion_eligible": true,
  "description": "XGBoost n_estimators=200 learning_rate=0.1 max_depth=4 subsample=0.8 colsample_bytree=0.8 lags=[1, 2, 4, 8] with no exogenous variables",
  "gof_composite": 0.5085307589733813,
  "gof_insample": 0.9456259074563039,
  "gof_validation_near": 0.1983375241887847,
  "gof_validation_far": -0.03869602761254365,
  "gof_diagnostic": 0.6666666666666666,
  "rmse": 29.210418993240378,
  "mae": 24.21819503784179,
  "theil_u": 0.8016624758112153,
  "directional_accuracy": 0.13784461152882205,
  "n_params": 11,
  "status": "ok",
  "diagnostics_passed": [
    "jarque_bera",
    "cusum",
    "adf",
    "forecast_plausibility"
  ],
  "diagnostics_failed": [
    "ljung_box",
    "arch_lm"
  ],
  "error_summary": "",
  "rmse_1yr": 29.210418993240378,
  "rmse_3yr": 119.14173680497996,
  "insample_rmse": 0.36286353438396074,
  "naive_insample_rmse": 6.6734637289322345,
  "gof_volatility_near": NaN,
  "gof_volatility_far": NaN,
  "gof_volatility_weighted": NaN,
  "validation_coverage_90": NaN,
  "fit_attempts": [],
  "fit_strategy": "",
  "fit_scaled": false,
  "fit_recovered": false
}