{
  "experiment_id": "20260325_bvar_60",
  "trial_id": "20260325_bvar_60_041",
  "model_class": "BVAR",
  "champion_eligible": true,
  "description": "BVAR(1) prior=minnesota lambda=0.1 trend=c with mortgage_rate, term_spread",
  "gof_composite": -0.30528450411735875,
  "gof_insample": 0.09440930187931429,
  "gof_validation_near": -0.4702661394433443,
  "gof_validation_far": -1.4119227293149819,
  "gof_diagnostic": 0.3333333333333333,
  "rmse": 53.57253365421054,
  "mae": 38.78247573741237,
  "theil_u": 1.4702661394433443,
  "directional_accuracy": 0.6766917293233082,
  "n_params": 13,
  "status": "ok",
  "diagnostics_passed": [
    "adf",
    "forecast_plausibility"
  ],
  "diagnostics_failed": [
    "ljung_box",
    "jarque_bera",
    "arch_lm",
    "cusum"
  ],
  "error_summary": "",
  "rmse_1yr": 53.57253365421054,
  "rmse_3yr": 276.6552055373666,
  "insample_rmse": 6.043426677166817,
  "naive_insample_rmse": 6.6734637289322345,
  "gof_volatility_near": NaN,
  "gof_volatility_far": NaN,
  "gof_volatility_weighted": NaN,
  "validation_coverage_90": NaN,
  "fit_attempts": [],
  "fit_strategy": "",
  "fit_scaled": false,
  "fit_recovered": false
}