{
  "experiment_id": "20260329_tcn_300",
  "trial_id": "20260329_tcn_300_052",
  "model_class": "TCN",
  "champion_eligible": true,
  "description": "TCN lookback=4 channels=32 num_blocks=3 kernel_size=2 epochs=75 learning_rate=0.01 with real_gdp",
  "gof_composite": 0.06906325140005089,
  "gof_insample": 0.3499132889877564,
  "gof_validation_near": -0.020442538740674587,
  "gof_validation_far": -0.8694256153498818,
  "gof_diagnostic": 0.6666666666666666,
  "rmse": 37.18217456165487,
  "mae": 25.575132904052733,
  "theil_u": 1.0204425387406746,
  "directional_accuracy": 0.556390977443609,
  "n_params": 7,
  "status": "ok",
  "diagnostics_passed": [
    "jarque_bera",
    "arch_lm",
    "adf",
    "forecast_plausibility"
  ],
  "diagnostics_failed": [
    "ljung_box",
    "cusum"
  ],
  "error_summary": "",
  "rmse_1yr": 37.18217456165487,
  "rmse_3yr": 214.42906174623903,
  "insample_rmse": 4.338330086601059,
  "naive_insample_rmse": 6.6734637289322345,
  "gof_volatility_near": NaN,
  "gof_volatility_far": NaN,
  "gof_volatility_weighted": NaN,
  "validation_coverage_90": NaN,
  "fit_attempts": [],
  "fit_strategy": "",
  "fit_scaled": false,
  "fit_recovered": false
}