{
  "experiment_id": "20260330_lightgbm_full20_300",
  "trial_id": "20260330_lightgbm_full20_300_042",
  "model_class": "LightGBM",
  "champion_eligible": true,
  "description": "LightGBM n_estimators=200 learning_rate=0.05 max_depth=4 num_leaves=31 lags=[1, 2, 4, 8] with no exogenous variables",
  "gof_composite": -0.0998977378801078,
  "gof_insample": -0.4791495199915996,
  "gof_validation_near": 0.16117514352825735,
  "gof_validation_far": 0.013449576988724288,
  "gof_diagnostic": 0.3333333333333333,
  "rmse": 30.56451593881817,
  "mae": 25.691364196291396,
  "theil_u": 0.8388248564717427,
  "directional_accuracy": 0.10025062656641603,
  "n_params": 12,
  "status": "ok",
  "diagnostics_passed": [
    "cusum",
    "adf"
  ],
  "diagnostics_failed": [
    "ljung_box",
    "jarque_bera",
    "arch_lm",
    "forecast_plausibility"
  ],
  "error_summary": "",
  "rmse_1yr": 30.56451593881817,
  "rmse_3yr": 113.16047016509415,
  "insample_rmse": 9.871050671331465,
  "naive_insample_rmse": 6.6734637289322345,
  "gof_volatility_near": NaN,
  "gof_volatility_far": NaN,
  "gof_volatility_weighted": NaN,
  "validation_coverage_90": NaN,
  "fit_attempts": [],
  "fit_strategy": "",
  "fit_scaled": false,
  "fit_recovered": false
}