{
  "experiment_id": "20260329_lstm_gru_300",
  "trial_id": "20260329_lstm_gru_300_003",
  "model_class": "LSTM / GRU",
  "champion_eligible": true,
  "description": "LSTM lookback=4 hidden_size=32 num_layers=1 epochs=75 learning_rate=0.01 with no exogenous variables",
  "gof_composite": -0.08188128260641031,
  "gof_insample": -0.38929096843918676,
  "gof_validation_near": 0.09383041240497925,
  "gof_validation_far": 0.05107418062792235,
  "gof_diagnostic": 0.3333333333333333,
  "rmse": 33.018376350717155,
  "mae": 27.974290883382157,
  "theil_u": 0.9061695875950208,
  "directional_accuracy": 0.7694235588972431,
  "n_params": 8,
  "status": "ok",
  "diagnostics_passed": [
    "adf",
    "forecast_plausibility"
  ],
  "diagnostics_failed": [
    "ljung_box",
    "jarque_bera",
    "arch_lm",
    "cusum"
  ],
  "error_summary": "",
  "rmse_1yr": 33.018376350717155,
  "rmse_3yr": 108.84480850373546,
  "insample_rmse": 9.27138288681205,
  "naive_insample_rmse": 6.6734637289322345,
  "gof_volatility_near": NaN,
  "gof_volatility_far": NaN,
  "gof_volatility_weighted": NaN,
  "validation_coverage_90": NaN,
  "fit_attempts": [],
  "fit_strategy": "",
  "fit_scaled": false,
  "fit_recovered": false
}