{
  "experiment_id": "20260330_xgboost_full20_300",
  "trial_id": "20260330_xgboost_full20_300_042",
  "model_class": "XGBoost",
  "champion_eligible": true,
  "description": "XGBoost n_estimators=200 learning_rate=0.05 max_depth=4 subsample=0.8 colsample_bytree=0.8 lags=[1, 2, 4, 8] with no exogenous variables",
  "gof_composite": 0.4963401966745351,
  "gof_insample": 0.8644275239039199,
  "gof_validation_near": 0.2072321975221183,
  "gof_validation_far": -0.03530276902071705,
  "gof_diagnostic": 0.8333333333333334,
  "rmse": 28.886321080821862,
  "mae": 24.008098785400385,
  "theil_u": 0.7927678024778817,
  "directional_accuracy": 0.17042606516290726,
  "n_params": 11,
  "status": "ok",
  "diagnostics_passed": [
    "ljung_box",
    "arch_lm",
    "cusum",
    "adf",
    "forecast_plausibility"
  ],
  "diagnostics_failed": [
    "jarque_bera"
  ],
  "error_summary": "",
  "rmse_1yr": 28.886321080821862,
  "rmse_3yr": 118.75251925594601,
  "insample_rmse": 0.9047380018687236,
  "naive_insample_rmse": 6.6734637289322345,
  "gof_volatility_near": NaN,
  "gof_volatility_far": NaN,
  "gof_volatility_weighted": NaN,
  "validation_coverage_90": NaN,
  "fit_attempts": [],
  "fit_strategy": "",
  "fit_scaled": false,
  "fit_recovered": false
}