{
  "experiment_id": "20260325_var_refine2_20",
  "trial_id": "20260325_var_refine2_20_004",
  "model_class": "VAR",
  "champion_eligible": true,
  "description": "VAR(5) trend=ctt with term_spread",
  "gof_composite": -0.12798437313690117,
  "gof_insample": 0.4653826239942217,
  "gof_validation_near": -0.4099163136271118,
  "gof_validation_far": -1.6933336419895606,
  "gof_diagnostic": 0.8333333333333334,
  "rmse": 51.37354873044025,
  "mae": 34.27596505488527,
  "theil_u": 1.4099163136271118,
  "directional_accuracy": 0.2631578947368421,
  "n_params": 26,
  "status": "ok",
  "diagnostics_passed": [
    "ljung_box",
    "arch_lm",
    "cusum",
    "adf",
    "forecast_plausibility"
  ],
  "diagnostics_failed": [
    "jarque_bera"
  ],
  "error_summary": "",
  "rmse_1yr": 51.37354873044025,
  "rmse_3yr": 308.93393194107483,
  "insample_rmse": 3.5677496676314875,
  "naive_insample_rmse": 6.6734637289322345,
  "gof_volatility_near": NaN,
  "gof_volatility_far": NaN,
  "gof_volatility_weighted": NaN,
  "validation_coverage_90": NaN,
  "fit_attempts": [],
  "fit_strategy": "",
  "fit_scaled": false,
  "fit_recovered": false
}