{
  "experiment_id": "20260330_svr_full20_300",
  "trial_id": "20260330_svr_full20_300_081",
  "model_class": "Support Vector Regression",
  "champion_eligible": true,
  "description": "Support Vector Regression kernel=rbf C=50.0 epsilon=5.0 gamma=0.1 lags=[1, 2, 4, 8] with no exogenous variables",
  "gof_composite": -0.0360898420246841,
  "gof_insample": -0.36138527889668404,
  "gof_validation_near": 0.22516178330463332,
  "gof_validation_far": 0.086606524738008,
  "gof_diagnostic": 0.16666666666666666,
  "rmse": 28.233015320748038,
  "mae": 22.322439677487466,
  "theil_u": 0.7748382166953667,
  "directional_accuracy": 0.5162907268170426,
  "n_params": 5,
  "status": "ok",
  "diagnostics_passed": [
    "forecast_plausibility"
  ],
  "diagnostics_failed": [
    "ljung_box",
    "jarque_bera",
    "arch_lm",
    "cusum",
    "adf"
  ],
  "error_summary": "",
  "rmse_1yr": 28.233015320748038,
  "rmse_3yr": 104.76913566251136,
  "insample_rmse": 9.085155279819315,
  "naive_insample_rmse": 6.6734637289322345,
  "gof_volatility_near": NaN,
  "gof_volatility_far": NaN,
  "gof_volatility_weighted": NaN,
  "validation_coverage_90": NaN,
  "fit_attempts": [],
  "fit_strategy": "",
  "fit_scaled": false,
  "fit_recovered": false
}