{
  "experiment_id": "20260325_arimax_garch_60_volaware",
  "trial_id": "20260325_arimax_garch_60_volaware_022",
  "model_class": "ARIMAX-GARCH",
  "champion_eligible": true,
  "description": "ARIMAX-GARCH(1, 1, 1) trend=t GARCH(1,1) dist=normal with mortgage_rate, building_permits",
  "gof_composite": -0.7477956310435278,
  "gof_insample": -1.4664936934847534,
  "gof_validation_near": -0.11784594593233533,
  "gof_validation_far": -1.9249081576110356,
  "gof_diagnostic": 0.4444444444444444,
  "rmse": 40.7312920784234,
  "mae": 24.79054907904718,
  "theil_u": 1.1178459459323353,
  "directional_accuracy": 0.7243107769423559,
  "n_params": 9,
  "status": "ok",
  "diagnostics_passed": [
    "arch_lm",
    "cusum",
    "forecast_plausibility",
    "std_resid_unit_variance"
  ],
  "diagnostics_failed": [
    "ljung_box",
    "jarque_bera",
    "adf",
    "economic_sign",
    "volatility_coverage_90"
  ],
  "error_summary": "",
  "rmse_1yr": 40.7312920784234,
  "rmse_3yr": 335.49626515258325,
  "insample_rmse": 16.460056201110604,
  "naive_insample_rmse": 6.6734637289322345,
  "gof_volatility_near": -0.537296327265222,
  "gof_volatility_far": -0.4841707723592654,
  "gof_volatility_weighted": -0.5213586607934351,
  "validation_coverage_90": 0.205,
  "fit_attempts": [],
  "fit_strategy": "",
  "fit_scaled": false,
  "fit_recovered": false
}