{
  "experiment_id": "20260329_lstm_gru_300",
  "trial_id": "20260329_lstm_gru_300_011",
  "model_class": "LSTM / GRU",
  "champion_eligible": true,
  "description": "GRU lookback=4 hidden_size=32 num_layers=1 epochs=75 learning_rate=0.01 with no exogenous variables",
  "gof_composite": -0.009980122347457904,
  "gof_insample": -0.32132900047182433,
  "gof_validation_near": 0.12868351846706638,
  "gof_validation_far": 0.04563719807421296,
  "gof_diagnostic": 0.6666666666666666,
  "rmse": 31.74842314471334,
  "mae": 26.183051188151037,
  "theil_u": 0.8713164815329336,
  "directional_accuracy": 0.7092731829573935,
  "n_params": 8,
  "status": "ok",
  "diagnostics_passed": [
    "jarque_bera",
    "cusum",
    "adf",
    "forecast_plausibility"
  ],
  "diagnostics_failed": [
    "ljung_box",
    "arch_lm"
  ],
  "error_summary": "",
  "rmse_1yr": 31.74842314471334,
  "rmse_3yr": 109.46844768902841,
  "insample_rmse": 8.817841158635003,
  "naive_insample_rmse": 6.6734637289322345,
  "gof_volatility_near": NaN,
  "gof_volatility_far": NaN,
  "gof_volatility_weighted": NaN,
  "validation_coverage_90": NaN,
  "fit_attempts": [],
  "fit_strategy": "",
  "fit_scaled": false,
  "fit_recovered": false
}