{
  "experiment_id": "20260330_svr_full20_300",
  "trial_id": "20260330_svr_full20_300_053",
  "model_class": "Support Vector Regression",
  "champion_eligible": true,
  "description": "Support Vector Regression kernel=rbf C=50.0 epsilon=1.0 gamma=0.1 lags=[1, 4, 8] with no exogenous variables",
  "gof_composite": -0.017612549263997395,
  "gof_insample": -0.29295103836369085,
  "gof_validation_near": 0.20874390624648964,
  "gof_validation_far": 0.06560554819027276,
  "gof_diagnostic": 0.16666666666666666,
  "rmse": 28.83123849111983,
  "mae": 22.324708615244653,
  "theil_u": 0.7912560937535104,
  "directional_accuracy": 0.5137844611528822,
  "n_params": 5,
  "status": "ok",
  "diagnostics_passed": [
    "forecast_plausibility"
  ],
  "diagnostics_failed": [
    "ljung_box",
    "jarque_bera",
    "arch_lm",
    "cusum",
    "adf"
  ],
  "error_summary": "",
  "rmse_1yr": 28.83123849111983,
  "rmse_3yr": 107.17801444319652,
  "insample_rmse": 8.62846185780536,
  "naive_insample_rmse": 6.6734637289322345,
  "gof_volatility_near": NaN,
  "gof_volatility_far": NaN,
  "gof_volatility_weighted": NaN,
  "validation_coverage_90": NaN,
  "fit_attempts": [],
  "fit_strategy": "",
  "fit_scaled": false,
  "fit_recovered": false
}