{
  "experiment_id": "20260330_arimax_full20_300",
  "trial_id": "20260330_arimax_full20_300_020",
  "model_class": "ARIMAX",
  "champion_eligible": true,
  "description": "ARIMAX(1, 1, 0) trend=t with consumer_confidence, population",
  "gof_composite": -0.5241888734763178,
  "gof_insample": -1.6078098274602248,
  "gof_validation_near": 0.17326564463937322,
  "gof_validation_far": 0.007661498274229128,
  "gof_diagnostic": 0.5714285714285714,
  "rmse": 30.123970679497464,
  "mae": 21.19841391295372,
  "theil_u": 0.8267343553606268,
  "directional_accuracy": 0.8395989974937343,
  "n_params": 5,
  "status": "ok",
  "diagnostics_passed": [
    "ljung_box",
    "cusum",
    "adf",
    "forecast_plausibility"
  ],
  "diagnostics_failed": [
    "jarque_bera",
    "arch_lm",
    "economic_sign"
  ],
  "error_summary": "",
  "rmse_1yr": 30.123970679497464,
  "rmse_3yr": 113.82438119630696,
  "insample_rmse": 17.40312429550884,
  "naive_insample_rmse": 6.6734637289322345,
  "gof_volatility_near": NaN,
  "gof_volatility_far": NaN,
  "gof_volatility_weighted": NaN,
  "validation_coverage_90": NaN,
  "fit_attempts": [],
  "fit_strategy": "",
  "fit_scaled": false,
  "fit_recovered": false
}