{
  "experiment_id": "20260329_lstm_gru_300",
  "trial_id": "20260329_lstm_gru_300_046",
  "model_class": "LSTM / GRU",
  "champion_eligible": true,
  "description": "GRU lookback=8 hidden_size=16 num_layers=2 epochs=75 learning_rate=0.01 with unemployment_rate",
  "gof_composite": 0.25053822969675904,
  "gof_insample": 0.061057865335199635,
  "gof_validation_near": 0.44974318525396595,
  "gof_validation_far": 0.013588680380829832,
  "gof_diagnostic": 0.6666666666666666,
  "rmse": 20.04987460134359,
  "mae": 14.589797068277994,
  "theil_u": 0.550256814746034,
  "directional_accuracy": 0.7017543859649122,
  "n_params": 8,
  "status": "ok",
  "diagnostics_passed": [
    "jarque_bera",
    "cusum",
    "adf",
    "forecast_plausibility"
  ],
  "diagnostics_failed": [
    "ljung_box",
    "arch_lm"
  ],
  "error_summary": "",
  "rmse_1yr": 20.04987460134359,
  "rmse_3yr": 113.14451456375329,
  "insample_rmse": 6.265996279251751,
  "naive_insample_rmse": 6.6734637289322345,
  "gof_volatility_near": NaN,
  "gof_volatility_far": NaN,
  "gof_volatility_weighted": NaN,
  "validation_coverage_90": NaN,
  "fit_attempts": [],
  "fit_strategy": "",
  "fit_scaled": false,
  "fit_recovered": false
}