{
  "experiment_id": "20260330_nbeats_full20_300",
  "trial_id": "20260330_nbeats_full20_300_017",
  "model_class": "N-BEATS",
  "champion_eligible": true,
  "description": "N-BEATS lookback=4 stack_width=32 n_blocks=2 n_layers=2 epochs=75 learning_rate=0.01 with treasury_10y",
  "gof_composite": -0.664396201755518,
  "gof_insample": 0.3109601468970442,
  "gof_validation_near": -0.7428653934136975,
  "gof_validation_far": -3.747404707685832,
  "gof_diagnostic": 0.3333333333333333,
  "rmse": 63.505315424569865,
  "mae": 46.16018684895833,
  "theil_u": 1.7428653934136975,
  "directional_accuracy": 0.43609022556390975,
  "n_params": 7,
  "status": "ok",
  "diagnostics_passed": [
    "cusum",
    "adf"
  ],
  "diagnostics_failed": [
    "ljung_box",
    "jarque_bera",
    "arch_lm",
    "forecast_plausibility"
  ],
  "error_summary": "",
  "rmse_1yr": 63.505315424569865,
  "rmse_3yr": 544.5424139051532,
  "insample_rmse": 4.59828246747137,
  "naive_insample_rmse": 6.6734637289322345,
  "gof_volatility_near": NaN,
  "gof_volatility_far": NaN,
  "gof_volatility_weighted": NaN,
  "validation_coverage_90": NaN,
  "fit_attempts": [],
  "fit_strategy": "",
  "fit_scaled": false,
  "fit_recovered": false
}