{
  "experiment_id": "20260325_var_refine_20",
  "trial_id": "20260325_var_refine_20_006",
  "model_class": "VAR",
  "champion_eligible": true,
  "description": "VAR(5) trend=ct with term_spread",
  "gof_composite": 0.1236881408800972,
  "gof_insample": 0.4574549072110802,
  "gof_validation_near": -0.10030283430474318,
  "gof_validation_far": -0.716807755540054,
  "gof_diagnostic": 0.8333333333333334,
  "rmse": 40.092068394455154,
  "mae": 26.168426879668036,
  "theil_u": 1.1003028343047432,
  "directional_accuracy": 0.6666666666666666,
  "n_params": 24,
  "status": "ok",
  "diagnostics_passed": [
    "ljung_box",
    "arch_lm",
    "cusum",
    "adf",
    "forecast_plausibility"
  ],
  "diagnostics_failed": [
    "jarque_bera"
  ],
  "error_summary": "",
  "rmse_1yr": 40.092068394455154,
  "rmse_3yr": 196.9233079917012,
  "insample_rmse": 3.62065499803703,
  "naive_insample_rmse": 6.6734637289322345,
  "gof_volatility_near": NaN,
  "gof_volatility_far": NaN,
  "gof_volatility_weighted": NaN,
  "validation_coverage_90": NaN,
  "fit_attempts": [],
  "fit_strategy": "",
  "fit_scaled": false,
  "fit_recovered": false
}