{
  "experiment_id": "20260330_arimax_full20_300",
  "trial_id": "20260330_arimax_full20_300_008",
  "model_class": "ARIMAX",
  "champion_eligible": true,
  "description": "ARIMAX(1, 1, 0) trend=t with personal_consumption",
  "gof_composite": -0.5490624727104885,
  "gof_insample": -1.7020576600100155,
  "gof_validation_near": 0.17098832659203878,
  "gof_validation_far": 0.0032407037182194953,
  "gof_diagnostic": 0.7142857142857143,
  "rmse": 30.206950008517687,
  "mae": 21.388608542218034,
  "theil_u": 0.8290116734079612,
  "directional_accuracy": 0.8320802005012531,
  "n_params": 4,
  "status": "ok",
  "diagnostics_passed": [
    "ljung_box",
    "cusum",
    "adf",
    "economic_sign",
    "forecast_plausibility"
  ],
  "diagnostics_failed": [
    "jarque_bera",
    "arch_lm"
  ],
  "error_summary": "",
  "rmse_1yr": 30.206950008517687,
  "rmse_3yr": 114.33146038738812,
  "insample_rmse": 18.032083787560346,
  "naive_insample_rmse": 6.6734637289322345,
  "gof_volatility_near": NaN,
  "gof_volatility_far": NaN,
  "gof_volatility_weighted": NaN,
  "validation_coverage_90": NaN,
  "fit_attempts": [],
  "fit_strategy": "",
  "fit_scaled": false,
  "fit_recovered": false
}