{
  "experiment_id": "20260325_bvar_refine_20",
  "trial_id": "20260325_bvar_refine_20_017",
  "model_class": "BVAR",
  "champion_eligible": true,
  "description": "BVAR(3) prior=minnesota lambda=0.15 trend=c with per_capita_income",
  "gof_composite": -0.09602970185718646,
  "gof_insample": 0.2862375372657602,
  "gof_validation_near": -0.11527530283575604,
  "gof_validation_far": -1.2456335162509506,
  "gof_diagnostic": 0.16666666666666666,
  "rmse": 40.63762477553863,
  "mae": 24.20969788578281,
  "theil_u": 1.115275302835756,
  "directional_accuracy": 0.7669172932330827,
  "n_params": 15,
  "status": "ok",
  "diagnostics_passed": [
    "cusum"
  ],
  "diagnostics_failed": [
    "ljung_box",
    "jarque_bera",
    "arch_lm",
    "adf",
    "forecast_plausibility"
  ],
  "error_summary": "",
  "rmse_1yr": 40.63762477553863,
  "rmse_3yr": 257.58130409777016,
  "insample_rmse": 4.763267906130295,
  "naive_insample_rmse": 6.6734637289322345,
  "gof_volatility_near": NaN,
  "gof_volatility_far": NaN,
  "gof_volatility_weighted": NaN,
  "validation_coverage_90": NaN,
  "fit_attempts": [],
  "fit_strategy": "",
  "fit_scaled": false,
  "fit_recovered": false
}