{
  "experiment_id": "20260329_nbeats_300",
  "trial_id": "20260329_nbeats_300_069",
  "model_class": "N-BEATS",
  "champion_eligible": true,
  "description": "N-BEATS lookback=8 stack_width=32 n_blocks=2 n_layers=2 epochs=75 learning_rate=0.01 with housing_starts",
  "gof_composite": -0.31178248669704683,
  "gof_insample": 0.36055183343942643,
  "gof_validation_near": -0.5346030265183603,
  "gof_validation_far": -1.9037255163870532,
  "gof_diagnostic": 0.16666666666666666,
  "rmse": 55.91679633942642,
  "mae": 43.22135974121093,
  "theil_u": 1.5346030265183603,
  "directional_accuracy": 0.6015037593984962,
  "n_params": 7,
  "status": "ok",
  "diagnostics_passed": [
    "adf"
  ],
  "diagnostics_failed": [
    "ljung_box",
    "jarque_bera",
    "arch_lm",
    "cusum",
    "forecast_plausibility"
  ],
  "error_summary": "",
  "rmse_1yr": 55.91679633942642,
  "rmse_3yr": 333.0665488559465,
  "insample_rmse": 4.267334146074206,
  "naive_insample_rmse": 6.6734637289322345,
  "gof_volatility_near": NaN,
  "gof_volatility_far": NaN,
  "gof_volatility_weighted": NaN,
  "validation_coverage_90": NaN,
  "fit_attempts": [],
  "fit_strategy": "",
  "fit_scaled": false,
  "fit_recovered": false
}