{
  "experiment_id": "20260330_xgboost_full20_300",
  "trial_id": "20260330_xgboost_full20_300_108",
  "model_class": "XGBoost",
  "champion_eligible": true,
  "description": "XGBoost n_estimators=500 learning_rate=0.1 max_depth=4 subsample=0.8 colsample_bytree=0.8 lags=[1, 2, 4, 8] with consumer_confidence",
  "gof_composite": 0.5709529310997764,
  "gof_insample": 0.9959058593780186,
  "gof_validation_near": 0.26304279998004576,
  "gof_validation_far": -0.018718173185202414,
  "gof_diagnostic": 0.8333333333333334,
  "rmse": 26.852733216538258,
  "mae": 21.998379475911452,
  "theil_u": 0.7369572000199542,
  "directional_accuracy": 0.3483709273182957,
  "n_params": 12,
  "status": "ok",
  "diagnostics_passed": [
    "jarque_bera",
    "arch_lm",
    "cusum",
    "adf",
    "forecast_plausibility"
  ],
  "diagnostics_failed": [
    "ljung_box"
  ],
  "error_summary": "",
  "rmse_1yr": 26.852733216538258,
  "rmse_3yr": 116.85021338442603,
  "insample_rmse": 0.02732209894194081,
  "naive_insample_rmse": 6.6734637289322345,
  "gof_volatility_near": NaN,
  "gof_volatility_far": NaN,
  "gof_volatility_weighted": NaN,
  "validation_coverage_90": NaN,
  "fit_attempts": [],
  "fit_strategy": "",
  "fit_scaled": false,
  "fit_recovered": false
}