{
  "experiment_id": "20260330_svr_full20_300",
  "trial_id": "20260330_svr_full20_300_051",
  "model_class": "Support Vector Regression",
  "champion_eligible": true,
  "description": "Support Vector Regression kernel=rbf C=10.0 epsilon=5.0 gamma=0.1 lags=[1, 4, 8] with no exogenous variables",
  "gof_composite": -2.3575370749113995,
  "gof_insample": -5.957401070893642,
  "gof_validation_near": 0.006195041357288211,
  "gof_validation_far": 0.04392281536226428,
  "gof_diagnostic": 0.16666666666666666,
  "rmse": 36.211572969207715,
  "mae": 30.43114685401599,
  "theil_u": 0.9938049586427118,
  "directional_accuracy": 0.506265664160401,
  "n_params": 5,
  "status": "ok",
  "diagnostics_passed": [
    "forecast_plausibility"
  ],
  "diagnostics_failed": [
    "ljung_box",
    "jarque_bera",
    "arch_lm",
    "cusum",
    "adf"
  ],
  "error_summary": "",
  "rmse_1yr": 36.211572969207715,
  "rmse_3yr": 109.66509283680998,
  "insample_rmse": 46.42996369424301,
  "naive_insample_rmse": 6.6734637289322345,
  "gof_volatility_near": NaN,
  "gof_volatility_far": NaN,
  "gof_volatility_weighted": NaN,
  "validation_coverage_90": NaN,
  "fit_attempts": [],
  "fit_strategy": "",
  "fit_scaled": false,
  "fit_recovered": false
}