{
  "experiment_id": "20260330_xgboost_full20_300",
  "trial_id": "20260330_xgboost_full20_300_018",
  "model_class": "XGBoost",
  "champion_eligible": true,
  "description": "XGBoost n_estimators=500 learning_rate=0.1 max_depth=4 subsample=0.8 colsample_bytree=0.8 lags=[1, 2, 4] with no exogenous variables",
  "gof_composite": 0.5356200605835445,
  "gof_insample": 0.9936636907225495,
  "gof_validation_near": 0.22079868579553663,
  "gof_validation_far": -0.03861081600386518,
  "gof_diagnostic": 0.6666666666666666,
  "rmse": 28.391994829200282,
  "mae": 23.71349577840169,
  "theil_u": 0.7792013142044634,
  "directional_accuracy": 0.24060150375939848,
  "n_params": 10,
  "status": "ok",
  "diagnostics_passed": [
    "jarque_bera",
    "arch_lm",
    "cusum",
    "adf"
  ],
  "diagnostics_failed": [
    "ljung_box",
    "forecast_plausibility"
  ],
  "error_summary": "",
  "rmse_1yr": 28.391994829200282,
  "rmse_3yr": 119.13196276254213,
  "insample_rmse": 0.04228513013836267,
  "naive_insample_rmse": 6.6734637289322345,
  "gof_volatility_near": NaN,
  "gof_volatility_far": NaN,
  "gof_volatility_weighted": NaN,
  "validation_coverage_90": NaN,
  "fit_attempts": [],
  "fit_strategy": "",
  "fit_scaled": false,
  "fit_recovered": false
}