{
  "experiment_id": "20260325_state_space_60",
  "trial_id": "20260325_state_space_60_041",
  "model_class": "State-Space",
  "champion_eligible": true,
  "description": "State-Space(local level, cycle) with mortgage_rate, fed_funds",
  "gof_composite": -0.4931800253640084,
  "gof_insample": -1.3400770884871833,
  "gof_validation_near": 0.16286539578573622,
  "gof_validation_far": -0.28482338043714184,
  "gof_diagnostic": 0.2857142857142857,
  "rmse": 30.50292770419952,
  "mae": 23.891618643912032,
  "theil_u": 0.8371346042142638,
  "directional_accuracy": 0.5839598997493735,
  "n_params": 6,
  "status": "ok",
  "diagnostics_passed": [
    "ljung_box",
    "forecast_plausibility"
  ],
  "diagnostics_failed": [
    "jarque_bera",
    "arch_lm",
    "cusum",
    "adf",
    "economic_sign"
  ],
  "error_summary": "",
  "rmse_1yr": 30.50292770419952,
  "rmse_3yr": 147.37332671308465,
  "insample_rmse": 15.616419572924563,
  "naive_insample_rmse": 6.6734637289322345
}