{
  "experiment_id": "20260330_arimax_garch_full20_300",
  "trial_id": "20260330_arimax_garch_full20_300_014",
  "model_class": "ARIMAX-GARCH",
  "champion_eligible": true,
  "description": "ARIMAX-GARCH(1, 1, 0) trend=t GARCH(1,1) dist=normal with consumer_confidence, mortgage_rate",
  "gof_composite": -0.5819195355720995,
  "gof_insample": -1.964459264412238,
  "gof_validation_near": 0.1743666366964738,
  "gof_validation_far": -0.026743585222965605,
  "gof_diagnostic": 0.4444444444444444,
  "rmse": 30.083853497682767,
  "mae": 21.01926581774148,
  "theil_u": 0.8256333633035262,
  "directional_accuracy": 0.8295739348370927,
  "n_params": 8,
  "status": "ok",
  "diagnostics_passed": [
    "cusum",
    "adf",
    "forecast_plausibility",
    "std_resid_unit_variance"
  ],
  "diagnostics_failed": [
    "ljung_box",
    "jarque_bera",
    "arch_lm",
    "economic_sign",
    "volatility_coverage_90"
  ],
  "error_summary": "",
  "rmse_1yr": 30.083853497682767,
  "rmse_3yr": 117.77075366121176,
  "insample_rmse": 19.783211376952202,
  "naive_insample_rmse": 6.6734637289322345,
  "gof_volatility_near": -0.26512987489632334,
  "gof_volatility_far": -0.420610309837838,
  "gof_volatility_weighted": -0.3117740053787777,
  "validation_coverage_90": 0.335,
  "fit_attempts": [],
  "fit_strategy": "",
  "fit_scaled": false,
  "fit_recovered": false
}