{
  "experiment_id": "20260330_arimax_full20_300",
  "trial_id": "20260330_arimax_full20_300_016",
  "model_class": "ARIMAX",
  "champion_eligible": true,
  "description": "ARIMAX(1, 1, 0) trend=t with consumer_confidence, new_home_sales",
  "gof_composite": -1.068974537153961,
  "gof_insample": -2.9497230235878296,
  "gof_validation_near": 0.15990353381718803,
  "gof_validation_far": -0.014629477984680284,
  "gof_diagnostic": 0.5714285714285714,
  "rmse": 30.61084996788523,
  "mae": 20.968559635814024,
  "theil_u": 0.840096466182812,
  "directional_accuracy": 0.8320802005012531,
  "n_params": 5,
  "status": "ok",
  "diagnostics_passed": [
    "ljung_box",
    "cusum",
    "adf",
    "forecast_plausibility"
  ],
  "diagnostics_failed": [
    "jarque_bera",
    "arch_lm",
    "economic_sign"
  ],
  "error_summary": "",
  "rmse_1yr": 30.61084996788523,
  "rmse_3yr": 116.38122704529842,
  "insample_rmse": 26.358333337241937,
  "naive_insample_rmse": 6.6734637289322345,
  "gof_volatility_near": NaN,
  "gof_volatility_far": NaN,
  "gof_volatility_weighted": NaN,
  "validation_coverage_90": NaN,
  "fit_attempts": [],
  "fit_strategy": "",
  "fit_scaled": false,
  "fit_recovered": false
}