{
  "experiment_id": "20260330_arimax_garch_full20_300",
  "trial_id": "20260330_arimax_garch_full20_300_049",
  "model_class": "ARIMAX-GARCH",
  "champion_eligible": true,
  "description": "ARIMAX-GARCH(1, 1, 0) trend=t GARCH(1,1) dist=normal with new_home_sales, m2_money_supply",
  "gof_composite": -0.9049505658436733,
  "gof_insample": -2.9444637022201876,
  "gof_validation_near": 0.1782816969587323,
  "gof_validation_far": -0.016472365798223088,
  "gof_diagnostic": 0.2222222222222222,
  "rmse": 29.941199258405028,
  "mae": 20.788127633806003,
  "theil_u": 0.8217183030412677,
  "directional_accuracy": 0.8220551378446115,
  "n_params": 8,
  "status": "ok",
  "diagnostics_passed": [
    "cusum",
    "forecast_plausibility"
  ],
  "diagnostics_failed": [
    "ljung_box",
    "jarque_bera",
    "arch_lm",
    "adf",
    "economic_sign",
    "volatility_coverage_90",
    "std_resid_unit_variance"
  ],
  "error_summary": "",
  "rmse_1yr": 29.941199258405028,
  "rmse_3yr": 116.5926121368029,
  "insample_rmse": 26.32323544685618,
  "naive_insample_rmse": 6.6734637289322345,
  "gof_volatility_near": -0.3092114624125126,
  "gof_volatility_far": -0.4352647885001366,
  "gof_volatility_weighted": -0.3470274602387998,
  "validation_coverage_90": 0.335,
  "fit_attempts": [],
  "fit_strategy": "",
  "fit_scaled": false,
  "fit_recovered": false
}