{
  "experiment_id": "20260325_dynamic_factor_60",
  "trial_id": "20260325_dynamic_factor_60_010",
  "model_class": "Dynamic Factor",
  "champion_eligible": true,
  "description": "Dynamic Factor(k_factors=1, factor_order=1) with real_gdp",
  "gof_composite": -6.002833010940203,
  "gof_insample": -11.455469445835561,
  "gof_validation_near": -3.3352746254923487,
  "gof_validation_far": -1.688660757891045,
  "gof_diagnostic": 0.0,
  "rmse": 157.96571759611246,
  "mae": 115.52476083273967,
  "theil_u": 4.335274625492349,
  "directional_accuracy": 0.18546365914786966,
  "n_params": 5,
  "status": "ok",
  "diagnostics_passed": [],
  "diagnostics_failed": [
    "ljung_box",
    "jarque_bera",
    "arch_lm",
    "cusum",
    "adf",
    "forecast_plausibility"
  ],
  "error_summary": "",
  "rmse_1yr": 157.96571759611246,
  "rmse_3yr": 308.3979372779729,
  "insample_rmse": 83.12112357360729,
  "naive_insample_rmse": 6.6734637289322345,
  "fit_attempts": [],
  "fit_strategy": "",
  "fit_scaled": false,
  "fit_recovered": false
}