{
  "experiment_id": "20260330_lstm_gru_full20_300",
  "trial_id": "20260330_lstm_gru_full20_300_072",
  "model_class": "LSTM / GRU",
  "champion_eligible": true,
  "description": "LSTM lookback=8 hidden_size=32 num_layers=2 epochs=75 learning_rate=0.01 with mortgage_rate",
  "gof_composite": 0.05741706041397894,
  "gof_insample": 0.06522191989154924,
  "gof_validation_near": 0.03449704184847835,
  "gof_validation_far": -0.09386003681961008,
  "gof_diagnostic": 0.3333333333333333,
  "rmse": 35.18032438562147,
  "mae": 29.010202870686843,
  "theil_u": 0.9655029581515217,
  "directional_accuracy": 0.42105263157894735,
  "n_params": 8,
  "status": "ok",
  "diagnostics_passed": [
    "adf",
    "forecast_plausibility"
  ],
  "diagnostics_failed": [
    "ljung_box",
    "jarque_bera",
    "arch_lm",
    "cusum"
  ],
  "error_summary": "",
  "rmse_1yr": 35.18032438562147,
  "rmse_3yr": 125.46922404988877,
  "insample_rmse": 6.238207612204657,
  "naive_insample_rmse": 6.6734637289322345,
  "gof_volatility_near": NaN,
  "gof_volatility_far": NaN,
  "gof_volatility_weighted": NaN,
  "validation_coverage_90": NaN,
  "fit_attempts": [],
  "fit_strategy": "",
  "fit_scaled": false,
  "fit_recovered": false
}