{
  "experiment_id": "20260330_lstm_gru_full20_300",
  "trial_id": "20260330_lstm_gru_full20_300_043",
  "model_class": "LSTM / GRU",
  "champion_eligible": true,
  "description": "GRU lookback=4 hidden_size=32 num_layers=1 epochs=75 learning_rate=0.01 with treasury_10y",
  "gof_composite": -0.12804330161523203,
  "gof_insample": -0.35177215924742433,
  "gof_validation_near": -0.028701998099628145,
  "gof_validation_far": -0.2930360349870609,
  "gof_diagnostic": 0.6666666666666666,
  "rmse": 37.483126989655865,
  "mae": 30.151401133219398,
  "theil_u": 1.0287019980996281,
  "directional_accuracy": 0.38847117794486213,
  "n_params": 8,
  "status": "ok",
  "diagnostics_passed": [
    "jarque_bera",
    "cusum",
    "adf",
    "forecast_plausibility"
  ],
  "diagnostics_failed": [
    "ljung_box",
    "arch_lm"
  ],
  "error_summary": "",
  "rmse_1yr": 37.483126989655865,
  "rmse_3yr": 148.3153443013349,
  "insample_rmse": 9.021002474518095,
  "naive_insample_rmse": 6.6734637289322345,
  "gof_volatility_near": NaN,
  "gof_volatility_far": NaN,
  "gof_volatility_weighted": NaN,
  "validation_coverage_90": NaN,
  "fit_attempts": [],
  "fit_strategy": "",
  "fit_scaled": false,
  "fit_recovered": false
}