{
  "experiment_id": "20260325_arimax_garch_60_volaware",
  "trial_id": "20260325_arimax_garch_60_volaware_023",
  "model_class": "ARIMAX-GARCH",
  "champion_eligible": true,
  "description": "ARIMAX-GARCH(1, 1, 1) trend=t GARCH(1,1) dist=normal with mortgage_rate, term_spread",
  "gof_composite": -0.534569463385317,
  "gof_insample": -1.4132141640376759,
  "gof_validation_near": 0.04029673503301179,
  "gof_validation_far": -0.3701951466100597,
  "gof_diagnostic": 0.4444444444444444,
  "rmse": 34.96899920443342,
  "mae": 24.453371707894487,
  "theil_u": 0.9597032649669882,
  "directional_accuracy": 0.731829573934837,
  "n_params": 9,
  "status": "ok",
  "diagnostics_passed": [
    "arch_lm",
    "cusum",
    "forecast_plausibility",
    "std_resid_unit_variance"
  ],
  "diagnostics_failed": [
    "ljung_box",
    "jarque_bera",
    "adf",
    "economic_sign",
    "volatility_coverage_90"
  ],
  "error_summary": "",
  "rmse_1yr": 34.96899920443342,
  "rmse_3yr": 157.1657397247422,
  "insample_rmse": 16.104497193850953,
  "naive_insample_rmse": 6.6734637289322345,
  "gof_volatility_near": -0.5046780563527531,
  "gof_volatility_far": -0.5304755713863163,
  "gof_volatility_weighted": -0.512417310862822,
  "validation_coverage_90": 0.2075,
  "fit_attempts": [],
  "fit_strategy": "",
  "fit_scaled": false,
  "fit_recovered": false
}