{
  "experiment_id": "20260329_lstm_gru_300",
  "trial_id": "20260329_lstm_gru_300_068",
  "model_class": "LSTM / GRU",
  "champion_eligible": true,
  "description": "LSTM lookback=4 hidden_size=32 num_layers=2 epochs=75 learning_rate=0.01 with per_capita_income",
  "gof_composite": -0.006095918193653897,
  "gof_insample": -0.34180672517112165,
  "gof_validation_near": 0.23239594054567103,
  "gof_validation_far": 0.1063657290031772,
  "gof_diagnostic": 0.3333333333333333,
  "rmse": 27.96942213727033,
  "mae": 22.703355499267573,
  "theil_u": 0.767604059454329,
  "directional_accuracy": 0.6015037593984962,
  "n_params": 8,
  "status": "ok",
  "diagnostics_passed": [
    "jarque_bera",
    "forecast_plausibility"
  ],
  "diagnostics_failed": [
    "ljung_box",
    "arch_lm",
    "cusum",
    "adf"
  ],
  "error_summary": "",
  "rmse_1yr": 27.96942213727033,
  "rmse_3yr": 102.50269211073648,
  "insample_rmse": 8.954498511666824,
  "naive_insample_rmse": 6.6734637289322345,
  "gof_volatility_near": NaN,
  "gof_volatility_far": NaN,
  "gof_volatility_weighted": NaN,
  "validation_coverage_90": NaN,
  "fit_attempts": [],
  "fit_strategy": "",
  "fit_scaled": false,
  "fit_recovered": false
}