{
  "experiment_id": "20260330_tcn_full20_300",
  "trial_id": "20260330_tcn_full20_300_038",
  "model_class": "TCN",
  "champion_eligible": true,
  "description": "TCN lookback=8 channels=16 num_blocks=3 kernel_size=2 epochs=75 learning_rate=0.01 with mortgage_rate",
  "gof_composite": -0.032310620155984494,
  "gof_insample": 0.23456306243685454,
  "gof_validation_near": -0.13890159851057882,
  "gof_validation_far": -0.7390241265690471,
  "gof_diagnostic": 0.3333333333333333,
  "rmse": 41.498503283318854,
  "mae": 34.43580825805664,
  "theil_u": 1.1389015985105788,
  "directional_accuracy": 0.5112781954887218,
  "n_params": 7,
  "status": "ok",
  "diagnostics_passed": [
    "jarque_bera",
    "adf"
  ],
  "diagnostics_failed": [
    "ljung_box",
    "arch_lm",
    "cusum",
    "forecast_plausibility"
  ],
  "error_summary": "",
  "rmse_1yr": 41.498503283318854,
  "rmse_3yr": 199.47159638362083,
  "insample_rmse": 5.108115639612619,
  "naive_insample_rmse": 6.6734637289322345,
  "gof_volatility_near": NaN,
  "gof_volatility_far": NaN,
  "gof_volatility_weighted": NaN,
  "validation_coverage_90": NaN,
  "fit_attempts": [],
  "fit_strategy": "",
  "fit_scaled": false,
  "fit_recovered": false
}