{
  "experiment_id": "20260330_xgboost_full20_300",
  "trial_id": "20260330_xgboost_full20_300_007",
  "model_class": "XGBoost",
  "champion_eligible": true,
  "description": "XGBoost n_estimators=200 learning_rate=0.1 max_depth=2 subsample=0.8 colsample_bytree=0.8 lags=[1, 2, 4] with no exogenous variables",
  "gof_composite": 0.4268877737207867,
  "gof_insample": 0.7384305837055003,
  "gof_validation_near": 0.2061490616602516,
  "gof_validation_far": -0.048688653394454384,
  "gof_diagnostic": 0.6666666666666666,
  "rmse": 28.925787631030182,
  "mae": 24.06165618896484,
  "theil_u": 0.7938509383397484,
  "directional_accuracy": 0.21804511278195488,
  "n_params": 10,
  "status": "ok",
  "diagnostics_passed": [
    "jarque_bera",
    "arch_lm",
    "cusum",
    "adf"
  ],
  "diagnostics_failed": [
    "ljung_box",
    "forecast_plausibility"
  ],
  "error_summary": "",
  "rmse_1yr": 28.925787631030182,
  "rmse_3yr": 120.28792275279334,
  "insample_rmse": 1.7455740122393202,
  "naive_insample_rmse": 6.6734637289322345,
  "gof_volatility_near": NaN,
  "gof_volatility_far": NaN,
  "gof_volatility_weighted": NaN,
  "validation_coverage_90": NaN,
  "fit_attempts": [],
  "fit_strategy": "",
  "fit_scaled": false,
  "fit_recovered": false
}