{
  "experiment_id": "20260325_state_space_60",
  "trial_id": "20260325_state_space_60_029",
  "model_class": "State-Space",
  "champion_eligible": true,
  "description": "State-Space(local linear trend, no_cycle) with mortgage_rate, consumer_confidence, housing_inventory",
  "gof_composite": -0.6342584569957133,
  "gof_insample": -1.7252904691901598,
  "gof_validation_near": 0.13520997333606477,
  "gof_validation_far": -0.32405744753419397,
  "gof_diagnostic": 0.5714285714285714,
  "rmse": 31.510616727404102,
  "mae": 19.777782661272045,
  "theil_u": 0.8647900266639352,
  "directional_accuracy": 0.5739348370927319,
  "n_params": 6,
  "status": "ok",
  "diagnostics_passed": [
    "ljung_box",
    "cusum",
    "adf",
    "forecast_plausibility"
  ],
  "diagnostics_failed": [
    "jarque_bera",
    "arch_lm",
    "economic_sign"
  ],
  "error_summary": "",
  "rmse_1yr": 31.510616727404102,
  "rmse_3yr": 151.8735989501992,
  "insample_rmse": 18.187127096945243,
  "naive_insample_rmse": 6.6734637289322345
}