{
  "experiment_id": "20260329_tcn_300",
  "trial_id": "20260329_tcn_300_023",
  "model_class": "TCN",
  "champion_eligible": true,
  "description": "TCN lookback=8 channels=32 num_blocks=2 kernel_size=2 epochs=75 learning_rate=0.01 with unemployment_rate",
  "gof_composite": -0.33270125416509655,
  "gof_insample": 0.41246086711900765,
  "gof_validation_near": -0.3705699590797584,
  "gof_validation_far": -2.6754629911207837,
  "gof_diagnostic": 0.3333333333333333,
  "rmse": 49.93987366535533,
  "mae": 30.166641988118496,
  "theil_u": 1.3705699590797584,
  "directional_accuracy": 0.5664160401002506,
  "n_params": 7,
  "status": "ok",
  "diagnostics_passed": [
    "cusum",
    "adf"
  ],
  "diagnostics_failed": [
    "ljung_box",
    "jarque_bera",
    "arch_lm",
    "forecast_plausibility"
  ],
  "error_summary": "",
  "rmse_1yr": 49.93987366535533,
  "rmse_3yr": 421.58729087573204,
  "insample_rmse": 3.920921092609599,
  "naive_insample_rmse": 6.6734637289322345,
  "gof_volatility_near": NaN,
  "gof_volatility_far": NaN,
  "gof_volatility_weighted": NaN,
  "validation_coverage_90": NaN,
  "fit_attempts": [],
  "fit_strategy": "",
  "fit_scaled": false,
  "fit_recovered": false
}