{
  "experiment_id": "20260330_nbeats_full20_300",
  "trial_id": "20260330_nbeats_full20_300_063",
  "model_class": "N-BEATS",
  "champion_eligible": true,
  "description": "N-BEATS lookback=8 stack_width=64 n_blocks=2 n_layers=2 epochs=75 learning_rate=0.01 with personal_consumption",
  "gof_composite": 0.1285756063726558,
  "gof_insample": 0.4875995110293715,
  "gof_validation_near": 0.05108334982024032,
  "gof_validation_far": -0.7845113587300685,
  "gof_diagnostic": 0.3333333333333333,
  "rmse": 34.575964046919296,
  "mae": 22.139554260253906,
  "theil_u": 0.9489166501797597,
  "directional_accuracy": 0.5664160401002506,
  "n_params": 7,
  "status": "ok",
  "diagnostics_passed": [
    "jarque_bera",
    "adf"
  ],
  "diagnostics_failed": [
    "ljung_box",
    "arch_lm",
    "cusum",
    "forecast_plausibility"
  ],
  "error_summary": "",
  "rmse_1yr": 34.575964046919296,
  "rmse_3yr": 204.68912653493183,
  "insample_rmse": 3.419486077832631,
  "naive_insample_rmse": 6.6734637289322345,
  "gof_volatility_near": NaN,
  "gof_volatility_far": NaN,
  "gof_volatility_weighted": NaN,
  "validation_coverage_90": NaN,
  "fit_attempts": [],
  "fit_strategy": "",
  "fit_scaled": false,
  "fit_recovered": false
}