{
  "experiment_id": "20260325_arimax_garch_60_volaware",
  "trial_id": "20260325_arimax_garch_60_volaware_010",
  "model_class": "ARIMAX-GARCH",
  "champion_eligible": true,
  "description": "ARIMAX-GARCH(1, 1, 0) trend=t GARCH(1,1) dist=normal with mortgage_rate, consumer_confidence",
  "gof_composite": -0.5819191896064962,
  "gof_insample": -1.9644593896393765,
  "gof_validation_near": 0.17436664444879746,
  "gof_validation_far": -0.026743565151117865,
  "gof_diagnostic": 0.4444444444444444,
  "rmse": 30.083853215208997,
  "mae": 21.019265751996492,
  "theil_u": 0.8256333555512025,
  "directional_accuracy": 0.8295739348370927,
  "n_params": 8,
  "status": "ok",
  "diagnostics_passed": [
    "cusum",
    "adf",
    "forecast_plausibility",
    "std_resid_unit_variance"
  ],
  "diagnostics_failed": [
    "ljung_box",
    "jarque_bera",
    "arch_lm",
    "economic_sign",
    "volatility_coverage_90"
  ],
  "error_summary": "",
  "rmse_1yr": 30.083853215208997,
  "rmse_3yr": 117.770751358907,
  "insample_rmse": 19.78321221265097,
  "naive_insample_rmse": 6.6734637289322345,
  "gof_volatility_near": -0.2651297801844912,
  "gof_volatility_far": -0.4206054696523909,
  "gof_volatility_weighted": -0.31177248702486104,
  "validation_coverage_90": 0.335,
  "fit_attempts": [],
  "fit_strategy": "",
  "fit_scaled": false,
  "fit_recovered": false
}