{
  "experiment_id": "20260325_arimax_60",
  "trial_id": "20260325_arimax_60_034",
  "model_class": "ARIMAX",
  "champion_eligible": true,
  "description": "ARIMAX(1, 1, 1) trend=t with mortgage_rate, unemployment_rate, real_gdp",
  "gof_composite": -0.7470962087577883,
  "gof_insample": -1.4534572956418073,
  "gof_validation_near": -0.026182270557380427,
  "gof_validation_far": -1.424615686325596,
  "gof_diagnostic": 0.5714285714285714,
  "rmse": 37.391314912280805,
  "mae": 23.012106624865105,
  "theil_u": 1.0261822705573804,
  "directional_accuracy": 0.7468671679197995,
  "n_params": 7,
  "status": "ok",
  "diagnostics_passed": [
    "ljung_box",
    "cusum",
    "adf",
    "forecast_plausibility"
  ],
  "diagnostics_failed": [
    "jarque_bera",
    "arch_lm",
    "economic_sign"
  ],
  "error_summary": "",
  "rmse_1yr": 37.391314912280805,
  "rmse_3yr": 278.11112806256534,
  "insample_rmse": 16.37305827294977,
  "naive_insample_rmse": 6.6734637289322345
}