{
  "experiment_id": "20260330_arimax_garch_full20_300",
  "trial_id": "20260330_arimax_garch_full20_300_069",
  "model_class": "ARIMAX-GARCH",
  "champion_eligible": true,
  "description": "ARIMAX-GARCH(1, 1, 0) trend=t GARCH(1,1) dist=normal with treasury_10y, fed_funds, new_home_sales",
  "gof_composite": -0.9697855093297635,
  "gof_insample": -3.285796188934981,
  "gof_validation_near": 0.17571694579567088,
  "gof_validation_far": -0.07508071516184822,
  "gof_diagnostic": 0.4444444444444444,
  "rmse": 30.034651875119582,
  "mae": 19.818650350917657,
  "theil_u": 0.8242830542043291,
  "directional_accuracy": 0.7769423558897243,
  "n_params": 9,
  "status": "ok",
  "diagnostics_passed": [
    "cusum",
    "adf",
    "economic_sign",
    "forecast_plausibility"
  ],
  "diagnostics_failed": [
    "ljung_box",
    "jarque_bera",
    "arch_lm",
    "volatility_coverage_90",
    "std_resid_unit_variance"
  ],
  "error_summary": "",
  "rmse_1yr": 30.034651875119582,
  "rmse_3yr": 123.31517614862949,
  "insample_rmse": 28.601105416453596,
  "naive_insample_rmse": 6.6734637289322345,
  "gof_volatility_near": -0.19924015028304054,
  "gof_volatility_far": -0.40060314302552613,
  "gof_volatility_weighted": -0.2596490481057862,
  "validation_coverage_90": 0.3125,
  "fit_attempts": [],
  "fit_strategy": "",
  "fit_scaled": false,
  "fit_recovered": false
}