{
  "experiment_id": "20260330_arimax_garch_full20_300",
  "trial_id": "20260330_arimax_garch_full20_300_047",
  "model_class": "ARIMAX-GARCH",
  "champion_eligible": true,
  "description": "ARIMAX-GARCH(1, 1, 0) trend=t GARCH(1,1) dist=normal with new_home_sales, personal_consumption",
  "gof_composite": -0.9235556981399272,
  "gof_insample": -3.1104373925020603,
  "gof_validation_near": 0.147987110098458,
  "gof_validation_far": -0.030251498192236603,
  "gof_diagnostic": 0.5555555555555556,
  "rmse": 31.045052316414594,
  "mae": 21.51978644979595,
  "theil_u": 0.852012889901542,
  "directional_accuracy": 0.8220551378446115,
  "n_params": 8,
  "status": "ok",
  "diagnostics_passed": [
    "arch_lm",
    "cusum",
    "adf",
    "economic_sign",
    "forecast_plausibility"
  ],
  "diagnostics_failed": [
    "ljung_box",
    "jarque_bera",
    "volatility_coverage_90",
    "std_resid_unit_variance"
  ],
  "error_summary": "",
  "rmse_1yr": 31.045052316414594,
  "rmse_3yr": 118.17312243187153,
  "insample_rmse": 27.43085484890929,
  "naive_insample_rmse": 6.6734637289322345,
  "gof_volatility_near": -0.2775962292029397,
  "gof_volatility_far": -0.4182976471965487,
  "gof_volatility_weighted": -0.3198066546010224,
  "validation_coverage_90": 0.325,
  "fit_attempts": [],
  "fit_strategy": "",
  "fit_scaled": false,
  "fit_recovered": false
}