{
  "experiment_id": "20260325_vecm_60",
  "trial_id": "20260325_vecm_60_040",
  "model_class": "VECM",
  "champion_eligible": true,
  "description": "VECM(k_ar_diff=1) deterministic=ci with mortgage_rate, term_spread",
  "gof_composite": -0.18326808378872267,
  "gof_insample": 0.27649367884025977,
  "gof_validation_near": -0.21167141957826563,
  "gof_validation_far": -1.7985370564828909,
  "gof_diagnostic": 0.5,
  "rmse": 44.15003934442649,
  "mae": 27.940523400053856,
  "theil_u": 1.2116714195782656,
  "directional_accuracy": 0.3082706766917293,
  "n_params": 16,
  "status": "ok",
  "diagnostics_passed": [
    "cusum",
    "adf",
    "forecast_plausibility"
  ],
  "diagnostics_failed": [
    "ljung_box",
    "jarque_bera",
    "arch_lm"
  ],
  "error_summary": "",
  "rmse_1yr": 44.15003934442649,
  "rmse_3yr": 321.0010980679728,
  "insample_rmse": 4.8282931919127225,
  "naive_insample_rmse": 6.6734637289322345
}