{
  "experiment_id": "20260325_vecm_60",
  "trial_id": "20260325_vecm_60_046",
  "model_class": "VECM",
  "champion_eligible": true,
  "description": "VECM(k_ar_diff=1) deterministic=ci with mortgage_rate, unemployment_rate, per_capita_income",
  "gof_composite": -0.07809000246929101,
  "gof_insample": 0.2935872531832875,
  "gof_validation_near": -0.041758270984994184,
  "gof_validation_far": -1.4282856148746093,
  "gof_diagnostic": 0.3333333333333333,
  "rmse": 37.95886236829599,
  "mae": 23.10647824421072,
  "theil_u": 1.0417582709849942,
  "directional_accuracy": 0.49874686716791977,
  "n_params": 25,
  "status": "ok",
  "diagnostics_passed": [
    "adf",
    "forecast_plausibility"
  ],
  "diagnostics_failed": [
    "ljung_box",
    "jarque_bera",
    "arch_lm",
    "cusum"
  ],
  "error_summary": "",
  "rmse_1yr": 37.95886236829599,
  "rmse_3yr": 278.53208053533507,
  "insample_rmse": 4.71421984353672,
  "naive_insample_rmse": 6.6734637289322345
}