{
  "experiment_id": "20260330_svr_full20_300",
  "trial_id": "20260330_svr_full20_300_133",
  "model_class": "Support Vector Regression",
  "champion_eligible": true,
  "description": "Support Vector Regression kernel=rbf C=50.0 epsilon=0.1 gamma=0.1 lags=[1, 4, 8] with consumer_confidence",
  "gof_composite": -0.06339026594773332,
  "gof_insample": -0.4531663501687846,
  "gof_validation_near": 0.2581634499718243,
  "gof_validation_far": 0.07234933308650249,
  "gof_diagnostic": 0.16666666666666666,
  "rmse": 27.03052357402081,
  "mae": 20.65160962262893,
  "theil_u": 0.7418365500281757,
  "directional_accuracy": 0.45614035087719296,
  "n_params": 5,
  "status": "ok",
  "diagnostics_passed": [
    "forecast_plausibility"
  ],
  "diagnostics_failed": [
    "ljung_box",
    "jarque_bera",
    "arch_lm",
    "cusum",
    "adf"
  ],
  "error_summary": "",
  "rmse_1yr": 27.03052357402081,
  "rmse_3yr": 106.40448087435946,
  "insample_rmse": 9.697652929956222,
  "naive_insample_rmse": 6.6734637289322345,
  "gof_volatility_near": NaN,
  "gof_volatility_far": NaN,
  "gof_volatility_weighted": NaN,
  "validation_coverage_90": NaN,
  "fit_attempts": [],
  "fit_strategy": "",
  "fit_scaled": false,
  "fit_recovered": false
}