{
  "experiment_id": "20260329_nbeats_300",
  "trial_id": "20260329_nbeats_300_056",
  "model_class": "N-BEATS",
  "champion_eligible": true,
  "description": "N-BEATS lookback=8 stack_width=64 n_blocks=3 n_layers=2 epochs=75 learning_rate=0.01 with real_gdp",
  "gof_composite": 0.20339341284168191,
  "gof_insample": 0.5685860542527222,
  "gof_validation_near": 0.09636935592397267,
  "gof_validation_far": -0.6073574451075383,
  "gof_diagnostic": 0.3333333333333333,
  "rmse": 32.925864094963984,
  "mae": 23.78658057657878,
  "theil_u": 0.9036306440760273,
  "directional_accuracy": 0.5588972431077694,
  "n_params": 7,
  "status": "ok",
  "diagnostics_passed": [
    "adf",
    "forecast_plausibility"
  ],
  "diagnostics_failed": [
    "ljung_box",
    "jarque_bera",
    "arch_lm",
    "cusum"
  ],
  "error_summary": "",
  "rmse_1yr": 32.925864094963984,
  "rmse_3yr": 184.36900939796632,
  "insample_rmse": 2.879025319099997,
  "naive_insample_rmse": 6.6734637289322345,
  "gof_volatility_near": NaN,
  "gof_volatility_far": NaN,
  "gof_volatility_weighted": NaN,
  "validation_coverage_90": NaN,
  "fit_attempts": [],
  "fit_strategy": "",
  "fit_scaled": false,
  "fit_recovered": false
}