{
  "experiment_id": "20260329_lightgbm_300",
  "trial_id": "20260329_lightgbm_300_028",
  "model_class": "LightGBM",
  "champion_eligible": true,
  "description": "LightGBM n_estimators=500 learning_rate=0.03 max_depth=2 num_leaves=7 lags=[1, 4, 8] with no exogenous variables",
  "gof_composite": -0.13097198163839072,
  "gof_insample": -0.5100674112330179,
  "gof_validation_near": 0.0832565159268116,
  "gof_validation_far": 0.07054579298066066,
  "gof_diagnostic": 0.3333333333333333,
  "rmse": 33.403660626628756,
  "mae": 27.86002494994663,
  "theil_u": 0.9167434840731884,
  "directional_accuracy": 0.12280701754385964,
  "n_params": 11,
  "status": "ok",
  "diagnostics_passed": [
    "cusum",
    "adf"
  ],
  "diagnostics_failed": [
    "ljung_box",
    "jarque_bera",
    "arch_lm",
    "forecast_plausibility"
  ],
  "error_summary": "",
  "rmse_1yr": 33.403660626628756,
  "rmse_3yr": 106.61135265868826,
  "insample_rmse": 10.077380097106142,
  "naive_insample_rmse": 6.6734637289322345,
  "gof_volatility_near": NaN,
  "gof_volatility_far": NaN,
  "gof_volatility_weighted": NaN,
  "validation_coverage_90": NaN,
  "fit_attempts": [],
  "fit_strategy": "",
  "fit_scaled": false,
  "fit_recovered": false
}