{
  "experiment_id": "20260330_arimax_garch_full20_300",
  "trial_id": "20260330_arimax_garch_full20_300_015",
  "model_class": "ARIMAX-GARCH",
  "champion_eligible": true,
  "description": "ARIMAX-GARCH(1, 1, 0) trend=t GARCH(1,1) dist=normal with consumer_confidence, housing_inventory",
  "gof_composite": -0.46975703672411623,
  "gof_insample": -1.529971082081497,
  "gof_validation_near": 0.16660201645369865,
  "gof_validation_far": 0.01962838737895345,
  "gof_diagnostic": 0.4444444444444444,
  "rmse": 30.366775322588378,
  "mae": 20.9112935228761,
  "theil_u": 0.8333979835463013,
  "directional_accuracy": 0.8270676691729323,
  "n_params": 8,
  "status": "ok",
  "diagnostics_passed": [
    "cusum",
    "adf",
    "forecast_plausibility",
    "std_resid_unit_variance"
  ],
  "diagnostics_failed": [
    "ljung_box",
    "jarque_bera",
    "arch_lm",
    "economic_sign",
    "volatility_coverage_90"
  ],
  "error_summary": "",
  "rmse_1yr": 30.366775322588378,
  "rmse_3yr": 112.45174096837948,
  "insample_rmse": 16.883670251518307,
  "naive_insample_rmse": 6.6734637289322345,
  "gof_volatility_near": -0.3708147056937492,
  "gof_volatility_far": -0.4524123453203408,
  "gof_volatility_weighted": -0.3952939975817267,
  "validation_coverage_90": 0.2975,
  "fit_attempts": [],
  "fit_strategy": "",
  "fit_scaled": false,
  "fit_recovered": false
}