{
  "experiment_id": "20260330_arimax_full20_300",
  "trial_id": "20260330_arimax_full20_300_072",
  "model_class": "ARIMAX",
  "champion_eligible": true,
  "description": "ARIMAX(1, 1, 0) trend=t with treasury_10y, housing_inventory, new_home_sales",
  "gof_composite": 0.21157450177815573,
  "gof_insample": 0.30206473236410647,
  "gof_validation_near": 0.1479473096591447,
  "gof_validation_far": -0.02593394936886928,
  "gof_diagnostic": 0.42857142857142855,
  "rmse": 31.04650253710414,
  "mae": 20.99376542691964,
  "theil_u": 0.8520526903408553,
  "directional_accuracy": 0.8446115288220551,
  "n_params": 6,
  "status": "ok",
  "diagnostics_passed": [
    "cusum",
    "adf",
    "forecast_plausibility"
  ],
  "diagnostics_failed": [
    "ljung_box",
    "jarque_bera",
    "arch_lm",
    "economic_sign"
  ],
  "error_summary": "",
  "rmse_1yr": 31.04650253710414,
  "rmse_3yr": 117.67788585458469,
  "insample_rmse": 4.657645693710747,
  "naive_insample_rmse": 6.6734637289322345,
  "gof_volatility_near": NaN,
  "gof_volatility_far": NaN,
  "gof_volatility_weighted": NaN,
  "validation_coverage_90": NaN,
  "fit_attempts": [],
  "fit_strategy": "",
  "fit_scaled": false,
  "fit_recovered": false
}