{
  "experiment_id": "20260330_arimax_garch_full20_300",
  "trial_id": "20260330_arimax_garch_full20_300_096",
  "model_class": "ARIMAX-GARCH",
  "champion_eligible": true,
  "description": "ARIMAX-GARCH(1, 1, 1) trend=t GARCH(1,1) dist=normal with consumer_confidence, population",
  "gof_composite": -1.0473895287690371,
  "gof_insample": -1.4265049686010207,
  "gof_validation_near": -0.0977810182027794,
  "gof_validation_far": -1.6109207545915232,
  "gof_diagnostic": 0.4444444444444444,
  "rmse": 40.000180215595684,
  "mae": 24.59397302274127,
  "theil_u": 1.0977810182027794,
  "directional_accuracy": 0.8145363408521303,
  "n_params": 9,
  "status": "ok",
  "diagnostics_passed": [
    "arch_lm",
    "cusum",
    "forecast_plausibility",
    "std_resid_unit_variance"
  ],
  "diagnostics_failed": [
    "ljung_box",
    "jarque_bera",
    "adf",
    "economic_sign",
    "volatility_coverage_90"
  ],
  "error_summary": "",
  "rmse_1yr": 40.000180215595684,
  "rmse_3yr": 299.48091173237714,
  "insample_rmse": 16.193192896032762,
  "naive_insample_rmse": 6.6734637289322345,
  "gof_volatility_near": -1.0375807651381446,
  "gof_volatility_far": -3.956913582988707,
  "gof_volatility_weighted": -1.9133806104933133,
  "validation_coverage_90": 0.2025,
  "fit_attempts": [],
  "fit_strategy": "",
  "fit_scaled": false,
  "fit_recovered": false
}