{
  "experiment_id": "20260330_uecm_full20_300",
  "trial_id": "20260330_uecm_full20_300_033",
  "model_class": "UECM / ECM",
  "champion_eligible": true,
  "description": "UECM(ar_lags=4, distributed_lags=2) trend=c with treasury_10y",
  "gof_composite": -22.425408357015222,
  "gof_insample": -55.39252969051987,
  "gof_validation_near": -0.11184359298473101,
  "gof_validation_far": -1.7188176788936165,
  "gof_diagnostic": 0.2857142857142857,
  "rmse": 40.512582521926554,
  "mae": 22.865996599130725,
  "theil_u": 1.111843592984731,
  "directional_accuracy": 0.7142857142857143,
  "n_params": 8,
  "status": "ok",
  "diagnostics_passed": [
    "economic_sign",
    "forecast_plausibility"
  ],
  "diagnostics_failed": [
    "ljung_box",
    "jarque_bera",
    "arch_lm",
    "cusum",
    "adf"
  ],
  "error_summary": "",
  "rmse_1yr": 40.512582521926554,
  "rmse_3yr": 311.8570319981052,
  "insample_rmse": 376.3335014724185,
  "naive_insample_rmse": 6.6734637289322345,
  "gof_volatility_near": NaN,
  "gof_volatility_far": NaN,
  "gof_volatility_weighted": NaN,
  "validation_coverage_90": NaN,
  "fit_attempts": [],
  "fit_strategy": "",
  "fit_scaled": false,
  "fit_recovered": false
}