{
  "experiment_id": "20260330_arimax_full20_300",
  "trial_id": "20260330_arimax_full20_300_099",
  "model_class": "ARIMAX",
  "champion_eligible": true,
  "description": "ARIMAX(1, 1, 1) trend=t with treasury_10y, housing_inventory",
  "gof_composite": -0.877856273022641,
  "gof_insample": -1.4869895036784802,
  "gof_validation_near": -0.11694606970034416,
  "gof_validation_far": -1.9951480286599041,
  "gof_diagnostic": 0.5714285714285714,
  "rmse": 40.698503014981306,
  "mae": 21.975496973459453,
  "theil_u": 1.1169460697003442,
  "directional_accuracy": 0.7644110275689223,
  "n_params": 6,
  "status": "ok",
  "diagnostics_passed": [
    "ljung_box",
    "cusum",
    "adf",
    "forecast_plausibility"
  ],
  "diagnostics_failed": [
    "jarque_bera",
    "arch_lm",
    "economic_sign"
  ],
  "error_summary": "",
  "rmse_1yr": 40.698503014981306,
  "rmse_3yr": 343.5530016830532,
  "insample_rmse": 16.596834247033517,
  "naive_insample_rmse": 6.6734637289322345,
  "gof_volatility_near": NaN,
  "gof_volatility_far": NaN,
  "gof_volatility_weighted": NaN,
  "validation_coverage_90": NaN,
  "fit_attempts": [],
  "fit_strategy": "",
  "fit_scaled": false,
  "fit_recovered": false
}