{
  "experiment_id": "20260330_arimax_full20_300",
  "trial_id": "20260330_arimax_full20_300_014",
  "model_class": "ARIMAX",
  "champion_eligible": true,
  "description": "ARIMAX(1, 1, 0) trend=t with consumer_confidence, mortgage_rate",
  "gof_composite": -0.6716240635617172,
  "gof_insample": -1.964459264412238,
  "gof_validation_near": 0.1743666366964738,
  "gof_validation_far": -0.026743585222965605,
  "gof_diagnostic": 0.5714285714285714,
  "rmse": 30.083853497682767,
  "mae": 21.01926581774148,
  "theil_u": 0.8256333633035262,
  "directional_accuracy": 0.8295739348370927,
  "n_params": 5,
  "status": "ok",
  "diagnostics_passed": [
    "ljung_box",
    "cusum",
    "adf",
    "forecast_plausibility"
  ],
  "diagnostics_failed": [
    "jarque_bera",
    "arch_lm",
    "economic_sign"
  ],
  "error_summary": "",
  "rmse_1yr": 30.083853497682767,
  "rmse_3yr": 117.77075366121176,
  "insample_rmse": 19.783211376952202,
  "naive_insample_rmse": 6.6734637289322345,
  "gof_volatility_near": NaN,
  "gof_volatility_far": NaN,
  "gof_volatility_weighted": NaN,
  "validation_coverage_90": NaN,
  "fit_attempts": [],
  "fit_strategy": "",
  "fit_scaled": false,
  "fit_recovered": false
}