{
  "experiment_id": "20260330_arimax_garch_full20_300",
  "trial_id": "20260330_arimax_garch_full20_300_095",
  "model_class": "ARIMAX-GARCH",
  "champion_eligible": true,
  "description": "ARIMAX-GARCH(1, 1, 1) trend=t GARCH(1,1) dist=normal with consumer_confidence, m2_money_supply",
  "gof_composite": -1.299730158923186,
  "gof_insample": -1.6429566223452068,
  "gof_validation_near": 0.08635587290075264,
  "gof_validation_far": -0.3239082710498886,
  "gof_diagnostic": 0.3333333333333333,
  "rmse": 33.290728415691945,
  "mae": 21.019978218268967,
  "theil_u": 0.9136441270992474,
  "directional_accuracy": 0.7142857142857143,
  "n_params": 9,
  "status": "ok",
  "diagnostics_passed": [
    "arch_lm",
    "cusum",
    "forecast_plausibility"
  ],
  "diagnostics_failed": [
    "ljung_box",
    "jarque_bera",
    "adf",
    "economic_sign",
    "volatility_coverage_90",
    "std_resid_unit_variance"
  ],
  "error_summary": "",
  "rmse_1yr": 33.290728415691945,
  "rmse_3yr": 151.8564879331566,
  "insample_rmse": 17.637675156361986,
  "naive_insample_rmse": 6.6734637289322345,
  "gof_volatility_near": -0.9002333918420886,
  "gof_volatility_far": -8.957784041343883,
  "gof_volatility_weighted": -3.317498586692627,
  "validation_coverage_90": 0.1625,
  "fit_attempts": [],
  "fit_strategy": "",
  "fit_scaled": false,
  "fit_recovered": false
}