{
  "experiment_id": "20260330_arimax_garch_full20_300",
  "trial_id": "20260330_arimax_garch_full20_300_094",
  "model_class": "ARIMAX-GARCH",
  "champion_eligible": true,
  "description": "ARIMAX-GARCH(1, 1, 1) trend=t GARCH(1,1) dist=normal with consumer_confidence, per_capita_income",
  "gof_composite": -1.8974730906022788,
  "gof_insample": -1.6622264923680494,
  "gof_validation_near": 0.08880430824963126,
  "gof_validation_far": -0.46457887569791745,
  "gof_diagnostic": 0.4444444444444444,
  "rmse": 33.20151403360897,
  "mae": 21.48397768928358,
  "theil_u": 0.9111956917503687,
  "directional_accuracy": 0.7042606516290727,
  "n_params": 9,
  "status": "ok",
  "diagnostics_passed": [
    "arch_lm",
    "cusum",
    "forecast_plausibility",
    "std_resid_unit_variance"
  ],
  "diagnostics_failed": [
    "ljung_box",
    "jarque_bera",
    "adf",
    "economic_sign",
    "volatility_coverage_90"
  ],
  "error_summary": "",
  "rmse_1yr": 33.20151403360897,
  "rmse_3yr": 167.9918535354448,
  "insample_rmse": 17.766271935020665,
  "naive_insample_rmse": 6.6734637289322345,
  "gof_volatility_near": -1.8421609510436223,
  "gof_volatility_far": -14.621528138617208,
  "gof_volatility_weighted": -5.675971107315698,
  "validation_coverage_90": 0.16,
  "fit_attempts": [],
  "fit_strategy": "",
  "fit_scaled": false,
  "fit_recovered": false
}