{
  "experiment_id": "20260330_ardl_300",
  "trial_id": "20260330_ardl_300_051",
  "model_class": "ARDL",
  "champion_eligible": true,
  "description": "ARDL(ar_lags=4, distributed_lags=2) trend=c with unemployment_rate",
  "gof_composite": 0.02963645846497967,
  "gof_insample": 0.4392187935714986,
  "gof_validation_near": -0.03434954404887125,
  "gof_validation_far": -1.4649533617386705,
  "gof_diagnostic": 0.8571428571428571,
  "rmse": 37.688908335844026,
  "mae": 22.131389696783124,
  "theil_u": 1.0343495440488713,
  "directional_accuracy": 0.41604010025062654,
  "n_params": 8,
  "status": "ok",
  "diagnostics_passed": [
    "ljung_box",
    "arch_lm",
    "cusum",
    "adf",
    "economic_sign",
    "forecast_plausibility"
  ],
  "diagnostics_failed": [
    "jarque_bera"
  ],
  "error_summary": "",
  "rmse_1yr": 37.688908335844026,
  "rmse_3yr": 282.7379876823481,
  "insample_rmse": 3.742353040967464,
  "naive_insample_rmse": 6.6734637289322345,
  "gof_volatility_near": NaN,
  "gof_volatility_far": NaN,
  "gof_volatility_weighted": NaN,
  "validation_coverage_90": NaN,
  "fit_attempts": [],
  "fit_strategy": "",
  "fit_scaled": false,
  "fit_recovered": false
}