{
  "experiment_id": "20260330_arimax_garch_full20_300",
  "trial_id": "20260330_arimax_garch_full20_300_076",
  "model_class": "ARIMAX-GARCH",
  "champion_eligible": true,
  "description": "ARIMAX-GARCH(1, 1, 0) trend=t GARCH(1,1) dist=normal with mortgage_rate, housing_inventory, new_home_sales",
  "gof_composite": 0.029121326981909855,
  "gof_insample": 0.2644270596539161,
  "gof_validation_near": 0.14297298937703806,
  "gof_validation_far": -0.032552591175194046,
  "gof_diagnostic": 0.3333333333333333,
  "rmse": 31.227753355286538,
  "mae": 21.19627081747198,
  "theil_u": 0.8570270106229619,
  "directional_accuracy": 0.8446115288220551,
  "n_params": 9,
  "status": "ok",
  "diagnostics_passed": [
    "arch_lm",
    "adf",
    "forecast_plausibility"
  ],
  "diagnostics_failed": [
    "ljung_box",
    "jarque_bera",
    "cusum",
    "economic_sign",
    "volatility_coverage_90",
    "std_resid_unit_variance"
  ],
  "error_summary": "",
  "rmse_1yr": 31.227753355286538,
  "rmse_3yr": 118.43706511312878,
  "insample_rmse": 4.908819337383625,
  "naive_insample_rmse": 6.6734637289322345,
  "gof_volatility_near": -0.20317687122859884,
  "gof_volatility_far": -1.0729621334577817,
  "gof_volatility_weighted": -0.4641124498973537,
  "validation_coverage_90": 0.3325,
  "fit_attempts": [],
  "fit_strategy": "",
  "fit_scaled": false,
  "fit_recovered": false
}