{
  "experiment_id": "20260325_vecm_refine_20",
  "trial_id": "20260325_vecm_refine_20_015",
  "model_class": "VECM",
  "champion_eligible": true,
  "description": "VECM(k_ar_diff=1) deterministic=li with housing_starts",
  "gof_composite": 0.22280843004221584,
  "gof_insample": 0.2818279829938536,
  "gof_validation_near": 0.26418522494368113,
  "gof_validation_far": -0.10480616812631527,
  "gof_diagnostic": 0.3333333333333333,
  "rmse": 26.811106331330294,
  "mae": 18.498032317314156,
  "theil_u": 0.7358147750563189,
  "directional_accuracy": 0.5588972431077694,
  "n_params": 9,
  "status": "ok",
  "diagnostics_passed": [
    "adf",
    "forecast_plausibility"
  ],
  "diagnostics_failed": [
    "ljung_box",
    "jarque_bera",
    "arch_lm",
    "cusum"
  ],
  "error_summary": "",
  "rmse_1yr": 26.811106331330294,
  "rmse_3yr": 126.72478011297855,
  "insample_rmse": 4.792694906624622,
  "naive_insample_rmse": 6.6734637289322345,
  "gof_volatility_near": NaN,
  "gof_volatility_far": NaN,
  "gof_volatility_weighted": NaN,
  "validation_coverage_90": NaN,
  "fit_attempts": [],
  "fit_strategy": "",
  "fit_scaled": false,
  "fit_recovered": false
}