{
  "experiment_id": "20260330_arimax_garch_full20_300",
  "trial_id": "20260330_arimax_garch_full20_300_079",
  "model_class": "ARIMAX-GARCH",
  "champion_eligible": true,
  "description": "ARIMAX-GARCH(1, 1, 1) trend=t GARCH(1,1) dist=normal with treasury_10y",
  "gof_composite": -0.7717264569602681,
  "gof_insample": -1.5555422948609787,
  "gof_validation_near": -0.12402358570982042,
  "gof_validation_far": -1.8375100424353468,
  "gof_diagnostic": 0.4444444444444444,
  "rmse": 40.95638861435275,
  "mae": 25.476365688010617,
  "theil_u": 1.1240235857098204,
  "directional_accuracy": 0.7644110275689223,
  "n_params": 8,
  "status": "ok",
  "diagnostics_passed": [
    "arch_lm",
    "cusum",
    "forecast_plausibility",
    "std_resid_unit_variance"
  ],
  "diagnostics_failed": [
    "ljung_box",
    "jarque_bera",
    "adf",
    "economic_sign",
    "volatility_coverage_90"
  ],
  "error_summary": "",
  "rmse_1yr": 40.95638861435275,
  "rmse_3yr": 325.47142346771886,
  "insample_rmse": 17.054318812506988,
  "naive_insample_rmse": 6.6734637289322345,
  "gof_volatility_near": -0.5624265750056181,
  "gof_volatility_far": -0.4843554886592796,
  "gof_volatility_weighted": -0.5390052491017165,
  "validation_coverage_90": 0.2325,
  "fit_attempts": [],
  "fit_strategy": "",
  "fit_scaled": false,
  "fit_recovered": false
}