{
  "experiment_id": "20260330_tcn_full20_300",
  "trial_id": "20260330_tcn_full20_300_046",
  "model_class": "TCN",
  "champion_eligible": true,
  "description": "TCN lookback=8 channels=16 num_blocks=3 kernel_size=2 epochs=75 learning_rate=0.01 with housing_inventory",
  "gof_composite": 0.2866030924181221,
  "gof_insample": 0.37691014566185055,
  "gof_validation_near": 0.14282957982708788,
  "gof_validation_far": 0.12788009698156289,
  "gof_diagnostic": 0.6666666666666666,
  "rmse": 31.232978812593167,
  "mae": 22.021381591796874,
  "theil_u": 0.8571704201729121,
  "directional_accuracy": 0.7042606516290727,
  "n_params": 7,
  "status": "ok",
  "diagnostics_passed": [
    "arch_lm",
    "cusum",
    "adf",
    "forecast_plausibility"
  ],
  "diagnostics_failed": [
    "ljung_box",
    "jarque_bera"
  ],
  "error_summary": "",
  "rmse_1yr": 31.232978812593167,
  "rmse_3yr": 100.0349257006752,
  "insample_rmse": 4.158167542791309,
  "naive_insample_rmse": 6.6734637289322345,
  "gof_volatility_near": NaN,
  "gof_volatility_far": NaN,
  "gof_volatility_weighted": NaN,
  "validation_coverage_90": NaN,
  "fit_attempts": [],
  "fit_strategy": "",
  "fit_scaled": false,
  "fit_recovered": false
}