{
  "experiment_id": "20260330_arimax_garch_full20_300",
  "trial_id": "20260330_arimax_garch_full20_300_045",
  "model_class": "ARIMAX-GARCH",
  "champion_eligible": true,
  "description": "ARIMAX-GARCH(1, 1, 0) trend=t GARCH(1,1) dist=normal with housing_inventory, m2_money_supply",
  "gof_composite": -0.4413358219879094,
  "gof_insample": -1.4121618170660568,
  "gof_validation_near": 0.17801854889916313,
  "gof_validation_far": 0.014349581097106268,
  "gof_diagnostic": 0.3333333333333333,
  "rmse": 29.950787664135877,
  "mae": 20.86687285409922,
  "theil_u": 0.8219814511008369,
  "directional_accuracy": 0.8295739348370927,
  "n_params": 8,
  "status": "ok",
  "diagnostics_passed": [
    "cusum",
    "forecast_plausibility",
    "std_resid_unit_variance"
  ],
  "diagnostics_failed": [
    "ljung_box",
    "jarque_bera",
    "arch_lm",
    "adf",
    "economic_sign",
    "volatility_coverage_90"
  ],
  "error_summary": "",
  "rmse_1yr": 29.950787664135877,
  "rmse_3yr": 113.05723683238303,
  "insample_rmse": 16.097474394505603,
  "naive_insample_rmse": 6.6734637289322345,
  "gof_volatility_near": -0.3609859505276052,
  "gof_volatility_far": -0.4505021892479486,
  "gof_volatility_weighted": -0.3878408221437082,
  "validation_coverage_90": 0.29,
  "fit_attempts": [],
  "fit_strategy": "",
  "fit_scaled": false,
  "fit_recovered": false
}