{
  "experiment_id": "20260331_var_full20_300",
  "trial_id": "20260331_var_full20_300_018",
  "model_class": "VAR",
  "champion_eligible": true,
  "description": "VAR(4) trend=c with new_home_sales",
  "gof_composite": -0.49456912830032795,
  "gof_insample": 0.46340560178629087,
  "gof_validation_near": -0.6328655345199363,
  "gof_validation_far": -3.5006339906635553,
  "gof_diagnostic": 0.6666666666666666,
  "rmse": 59.4972171732046,
  "mae": 33.29862324504338,
  "theil_u": 1.6328655345199363,
  "directional_accuracy": 0.568922305764411,
  "n_params": 18,
  "status": "ok",
  "diagnostics_passed": [
    "ljung_box",
    "cusum",
    "adf",
    "forecast_plausibility"
  ],
  "diagnostics_failed": [
    "jarque_bera",
    "arch_lm"
  ],
  "error_summary": "",
  "rmse_1yr": 59.4972171732046,
  "rmse_3yr": 516.237028078058,
  "insample_rmse": 3.5809432536274075,
  "naive_insample_rmse": 6.6734637289322345,
  "gof_volatility_near": NaN,
  "gof_volatility_far": NaN,
  "gof_volatility_weighted": NaN,
  "validation_coverage_90": NaN,
  "fit_attempts": [],
  "fit_strategy": "",
  "fit_scaled": false,
  "fit_recovered": false
}