{
  "experiment_id": "20260325_vecm_60",
  "trial_id": "20260325_vecm_60_003",
  "model_class": "VECM",
  "champion_eligible": true,
  "description": "VECM(k_ar_diff=4) deterministic=ci with mortgage_rate",
  "gof_composite": 0.2011204742053434,
  "gof_insample": 0.4468679320034463,
  "gof_validation_near": 0.13182949137592448,
  "gof_validation_far": -0.7140023594062803,
  "gof_diagnostic": 0.8333333333333334,
  "rmse": 31.63379237480467,
  "mae": 17.13078069674616,
  "theil_u": 0.8681705086240755,
  "directional_accuracy": 0.5939849624060151,
  "n_params": 21,
  "status": "ok",
  "diagnostics_passed": [
    "ljung_box",
    "arch_lm",
    "cusum",
    "adf",
    "forecast_plausibility"
  ],
  "diagnostics_failed": [
    "jarque_bera"
  ],
  "error_summary": "",
  "rmse_1yr": 31.63379237480467,
  "rmse_3yr": 196.60152013566017,
  "insample_rmse": 3.6913067930842796,
  "naive_insample_rmse": 6.6734637289322345
}