{
  "experiment_id": "20260330_arimax_full20_300",
  "trial_id": "20260330_arimax_full20_300_073",
  "model_class": "ARIMAX",
  "champion_eligible": true,
  "description": "ARIMAX(1, 1, 0) trend=t with fed_funds, mortgage_rate, housing_inventory",
  "gof_composite": -0.5656002473041911,
  "gof_insample": -1.7098689567534957,
  "gof_validation_near": 0.18917503532878233,
  "gof_validation_far": -0.03337856073815826,
  "gof_diagnostic": 0.5714285714285714,
  "rmse": 29.544275381305365,
  "mae": 19.444685381662218,
  "theil_u": 0.8108249646712177,
  "directional_accuracy": 0.8270676691729323,
  "n_params": 6,
  "status": "ok",
  "diagnostics_passed": [
    "ljung_box",
    "cusum",
    "adf",
    "forecast_plausibility"
  ],
  "diagnostics_failed": [
    "jarque_bera",
    "arch_lm",
    "economic_sign"
  ],
  "error_summary": "",
  "rmse_1yr": 29.544275381305365,
  "rmse_3yr": 118.53180644809451,
  "insample_rmse": 18.084212193053887,
  "naive_insample_rmse": 6.6734637289322345,
  "gof_volatility_near": NaN,
  "gof_volatility_far": NaN,
  "gof_volatility_weighted": NaN,
  "validation_coverage_90": NaN,
  "fit_attempts": [],
  "fit_strategy": "",
  "fit_scaled": false,
  "fit_recovered": false
}