{
  "experiment_id": "20260331_vecm_full20_300",
  "trial_id": "20260331_vecm_full20_300_063",
  "model_class": "VECM",
  "champion_eligible": true,
  "description": "VECM(k_ar_diff=4) deterministic=ci with treasury_10y, per_capita_income",
  "gof_composite": 0.09537261358271482,
  "gof_insample": 0.5421106358612138,
  "gof_validation_near": -0.01710916876638513,
  "gof_validation_far": -1.3254451001791283,
  "gof_diagnostic": 0.8333333333333334,
  "rmse": 37.06071554798462,
  "mae": 20.78826109963325,
  "theil_u": 1.0171091687663851,
  "directional_accuracy": 0.5714285714285714,
  "n_params": 43,
  "status": "ok",
  "diagnostics_passed": [
    "ljung_box",
    "jarque_bera",
    "cusum",
    "adf",
    "forecast_plausibility"
  ],
  "diagnostics_failed": [
    "arch_lm"
  ],
  "error_summary": "",
  "rmse_1yr": 37.06071554798462,
  "rmse_3yr": 266.7359465278715,
  "insample_rmse": 3.0557080634440346,
  "naive_insample_rmse": 6.6734637289322345,
  "gof_volatility_near": NaN,
  "gof_volatility_far": NaN,
  "gof_volatility_weighted": NaN,
  "validation_coverage_90": NaN,
  "fit_attempts": [],
  "fit_strategy": "",
  "fit_scaled": false,
  "fit_recovered": false
}