{
  "experiment_id": "20260325_state_space_60",
  "trial_id": "20260325_state_space_60_051",
  "model_class": "State-Space",
  "champion_eligible": true,
  "description": "State-Space(local linear trend, cycle) with mortgage_rate, housing_starts",
  "gof_composite": -0.625968811955348,
  "gof_insample": -1.738176489840126,
  "gof_validation_near": 0.15430966187603168,
  "gof_validation_far": -0.37423446069653377,
  "gof_diagnostic": 0.7142857142857143,
  "rmse": 30.814675577946826,
  "mae": 20.047348499679774,
  "theil_u": 0.8456903381239683,
  "directional_accuracy": 0.5137844611528822,
  "n_params": 7,
  "status": "ok",
  "diagnostics_passed": [
    "ljung_box",
    "cusum",
    "adf",
    "economic_sign",
    "forecast_plausibility"
  ],
  "diagnostics_failed": [
    "jarque_bera",
    "arch_lm"
  ],
  "error_summary": "",
  "rmse_1yr": 30.814675577946826,
  "rmse_3yr": 157.6290618930858,
  "insample_rmse": 18.273121488363063,
  "naive_insample_rmse": 6.6734637289322345
}