{
  "experiment_id": "20260329_xgboost_300",
  "trial_id": "20260329_xgboost_300_067",
  "model_class": "XGBoost",
  "champion_eligible": true,
  "description": "XGBoost n_estimators=500 learning_rate=0.05 max_depth=2 subsample=0.8 colsample_bytree=0.8 lags=[1, 2, 4] with mortgage_rate",
  "gof_composite": 0.4744983881665258,
  "gof_insample": 0.8249050604246172,
  "gof_validation_near": 0.2368194182051242,
  "gof_validation_far": -0.033447326945208244,
  "gof_diagnostic": 0.6666666666666666,
  "rmse": 27.808242538949838,
  "mae": 22.67152681477864,
  "theil_u": 0.7631805817948758,
  "directional_accuracy": 0.21052631578947367,
  "n_params": 11,
  "status": "ok",
  "diagnostics_passed": [
    "jarque_bera",
    "cusum",
    "adf",
    "forecast_plausibility"
  ],
  "diagnostics_failed": [
    "ljung_box",
    "arch_lm"
  ],
  "error_summary": "",
  "rmse_1yr": 27.808242538949838,
  "rmse_3yr": 118.53969415067893,
  "insample_rmse": 1.1684897283758984,
  "naive_insample_rmse": 6.6734637289322345,
  "gof_volatility_near": NaN,
  "gof_volatility_far": NaN,
  "gof_volatility_weighted": NaN,
  "validation_coverage_90": NaN,
  "fit_attempts": [],
  "fit_strategy": "",
  "fit_scaled": false,
  "fit_recovered": false
}