{
  "experiment_id": "20260329_tcn_300",
  "trial_id": "20260329_tcn_300_080",
  "model_class": "TCN",
  "champion_eligible": true,
  "description": "TCN lookback=8 channels=32 num_blocks=3 kernel_size=2 epochs=75 learning_rate=0.01 with mortgage_rate, housing_starts",
  "gof_composite": 0.005371981404487247,
  "gof_insample": 0.5965038273333297,
  "gof_validation_near": -0.5597344688437038,
  "gof_validation_far": -0.6932610140014335,
  "gof_diagnostic": 0.6666666666666666,
  "rmse": 56.832518332631714,
  "mae": 42.22540740966796,
  "theil_u": 1.5597344688437038,
  "directional_accuracy": 0.518796992481203,
  "n_params": 7,
  "status": "ok",
  "diagnostics_passed": [
    "ljung_box",
    "jarque_bera",
    "arch_lm",
    "adf"
  ],
  "diagnostics_failed": [
    "cusum",
    "forecast_plausibility"
  ],
  "error_summary": "",
  "rmse_1yr": 56.832518332631714,
  "rmse_3yr": 194.22242187253747,
  "insample_rmse": 2.692717073054002,
  "naive_insample_rmse": 6.6734637289322345,
  "gof_volatility_near": NaN,
  "gof_volatility_far": NaN,
  "gof_volatility_weighted": NaN,
  "validation_coverage_90": NaN,
  "fit_attempts": [],
  "fit_strategy": "",
  "fit_scaled": false,
  "fit_recovered": false
}