{
  "experiment_id": "20260330_arimax_garch_full20_300",
  "trial_id": "20260330_arimax_garch_full20_300_072",
  "model_class": "ARIMAX-GARCH",
  "champion_eligible": true,
  "description": "ARIMAX-GARCH(1, 1, 0) trend=t GARCH(1,1) dist=normal with treasury_10y, housing_inventory, new_home_sales",
  "gof_composite": 0.044478951602274046,
  "gof_insample": 0.30206473236410647,
  "gof_validation_near": 0.1479473096591447,
  "gof_validation_far": -0.02593394936886928,
  "gof_diagnostic": 0.4444444444444444,
  "rmse": 31.04650253710414,
  "mae": 20.99376542691964,
  "theil_u": 0.8520526903408553,
  "directional_accuracy": 0.8446115288220551,
  "n_params": 9,
  "status": "ok",
  "diagnostics_passed": [
    "arch_lm",
    "adf",
    "forecast_plausibility",
    "std_resid_unit_variance"
  ],
  "diagnostics_failed": [
    "ljung_box",
    "jarque_bera",
    "cusum",
    "economic_sign",
    "volatility_coverage_90"
  ],
  "error_summary": "",
  "rmse_1yr": 31.04650253710414,
  "rmse_3yr": 117.67788585458469,
  "insample_rmse": 4.657645693710747,
  "naive_insample_rmse": 6.6734637289322345,
  "gof_volatility_near": -0.18721682154153996,
  "gof_volatility_far": -1.229538683460428,
  "gof_volatility_weighted": -0.49991338011720643,
  "validation_coverage_90": 0.33,
  "fit_attempts": [],
  "fit_strategy": "",
  "fit_scaled": false,
  "fit_recovered": false
}