{
  "experiment_id": "20260325_arimax_60",
  "trial_id": "20260325_arimax_60_050",
  "model_class": "ARIMAX",
  "champion_eligible": true,
  "description": "ARIMAX(2, 1, 0) trend=t with mortgage_rate, consumer_confidence, housing_inventory",
  "gof_composite": -0.6168617896405845,
  "gof_insample": -1.7689515114281469,
  "gof_validation_near": 0.13680489535483142,
  "gof_validation_far": -0.09537170390915861,
  "gof_diagnostic": 0.5714285714285714,
  "rmse": 31.45250206963298,
  "mae": 20.292229425891822,
  "theil_u": 0.8631951046451686,
  "directional_accuracy": 0.8145363408521303,
  "n_params": 7,
  "status": "ok",
  "diagnostics_passed": [
    "ljung_box",
    "cusum",
    "adf",
    "forecast_plausibility"
  ],
  "diagnostics_failed": [
    "jarque_bera",
    "arch_lm",
    "economic_sign"
  ],
  "error_summary": "",
  "rmse_1yr": 31.45250206963298,
  "rmse_3yr": 125.64261707126548,
  "insample_rmse": 18.478497478687828,
  "naive_insample_rmse": 6.6734637289322345
}