{
  "experiment_id": "20260330_ardl_full20_300",
  "trial_id": "20260330_ardl_full20_300_039",
  "model_class": "ARDL",
  "champion_eligible": true,
  "description": "ARDL(ar_lags=1, distributed_lags=2) trend=c with treasury_10y",
  "gof_composite": -149717318992.80386,
  "gof_insample": 0.08184877080431541,
  "gof_validation_near": -13352.320331586407,
  "gof_validation_far": -998115428796.9252,
  "gof_diagnostic": 0.14285714285714285,
  "rmse": 486558.9866132756,
  "mae": 238991.50800541634,
  "theil_u": 13353.320331586407,
  "directional_accuracy": 0.8220551378446115,
  "n_params": 5,
  "status": "ok",
  "diagnostics_passed": [
    "adf"
  ],
  "diagnostics_failed": [
    "ljung_box",
    "jarque_bera",
    "arch_lm",
    "cusum",
    "economic_sign",
    "forecast_plausibility"
  ],
  "error_summary": "",
  "rmse_1yr": 486558.9866132756,
  "rmse_3yr": 114487013098687.66,
  "insample_rmse": 6.127248925711948,
  "naive_insample_rmse": 6.6734637289322345,
  "gof_volatility_near": NaN,
  "gof_volatility_far": NaN,
  "gof_volatility_weighted": NaN,
  "validation_coverage_90": NaN,
  "fit_attempts": [],
  "fit_strategy": "",
  "fit_scaled": false,
  "fit_recovered": false
}