{
  "experiment_id": "20260331_var_full20_300",
  "trial_id": "20260331_var_full20_300_037",
  "model_class": "VAR",
  "champion_eligible": true,
  "description": "VAR(1) trend=c with consumer_confidence, mortgage_rate",
  "gof_composite": -0.157657268525438,
  "gof_insample": 0.156294119322826,
  "gof_validation_near": -0.2570066604919634,
  "gof_validation_far": -1.090372789438097,
  "gof_diagnostic": 0.3333333333333333,
  "rmse": 45.80193328009881,
  "mae": 28.668710896078817,
  "theil_u": 1.2570066604919634,
  "directional_accuracy": 0.7994987468671679,
  "n_params": 12,
  "status": "ok",
  "diagnostics_passed": [
    "adf",
    "forecast_plausibility"
  ],
  "diagnostics_failed": [
    "ljung_box",
    "jarque_bera",
    "arch_lm",
    "cusum"
  ],
  "error_summary": "",
  "rmse_1yr": 45.80193328009881,
  "rmse_3yr": 239.77240509523435,
  "insample_rmse": 5.630440592585948,
  "naive_insample_rmse": 6.6734637289322345,
  "gof_volatility_near": NaN,
  "gof_volatility_far": NaN,
  "gof_volatility_weighted": NaN,
  "validation_coverage_90": NaN,
  "fit_attempts": [],
  "fit_strategy": "",
  "fit_scaled": false,
  "fit_recovered": false
}