{
  "experiment_id": "20260330_arimax_garch_full20_300",
  "trial_id": "20260330_arimax_garch_full20_300_048",
  "model_class": "ARIMAX-GARCH",
  "champion_eligible": true,
  "description": "ARIMAX-GARCH(1, 1, 0) trend=t GARCH(1,1) dist=normal with new_home_sales, per_capita_income",
  "gof_composite": -0.8813161898266584,
  "gof_insample": -2.969471021408127,
  "gof_validation_near": 0.1726447455999447,
  "gof_validation_far": -0.016809502065655568,
  "gof_diagnostic": 0.4444444444444444,
  "rmse": 30.14659456628455,
  "mae": 20.73560305176966,
  "theil_u": 0.8273552544000553,
  "directional_accuracy": 0.8245614035087719,
  "n_params": 8,
  "status": "ok",
  "diagnostics_passed": [
    "arch_lm",
    "cusum",
    "adf",
    "forecast_plausibility"
  ],
  "diagnostics_failed": [
    "ljung_box",
    "jarque_bera",
    "economic_sign",
    "volatility_coverage_90",
    "std_resid_unit_variance"
  ],
  "error_summary": "",
  "rmse_1yr": 30.14659456628455,
  "rmse_3yr": 116.63128273857093,
  "insample_rmse": 26.490120884414722,
  "naive_insample_rmse": 6.6734637289322345,
  "gof_volatility_near": -0.25825953269317137,
  "gof_volatility_far": -0.4160552776104067,
  "gof_volatility_weighted": -0.30559825616834196,
  "validation_coverage_90": 0.33,
  "fit_attempts": [],
  "fit_strategy": "",
  "fit_scaled": false,
  "fit_recovered": false
}