{
  "correlation_matrix": {
    "hpi": {
      "hpi": 1.0,
      "real_gdp": -0.079848,
      "per_capita_income": -0.186443,
      "population": -0.57525,
      "unemployment_rate": -0.423894,
      "consumer_confidence": -0.227968,
      "personal_consumption": -0.059328,
      "housing_starts": -0.036536,
      "building_permits": -0.053821,
      "new_home_sales": 0.004888,
      "housing_inventory": 0.107461,
      "mortgage_rate": -0.702487,
      "treasury_10y": -0.756376,
      "fed_funds": -0.604537,
      "term_spread": -0.017852,
      "m2_money_supply": -0.153715,
      "cpi_all_items": -0.289714,
      "cpi_less_shelter": -0.260831,
      "ppi_construction": -0.022688
    },
    "real_gdp": {
      "hpi": -0.079848,
      "real_gdp": 1.0,
      "per_capita_income": -0.109205,
      "population": 0.023194,
      "unemployment_rate": -0.141886,
      "consumer_confidence": 0.257699,
      "personal_consumption": 0.860263,
      "housing_starts": 0.479341,
      "building_permits": 0.368839,
      "new_home_sales": 0.23428,
      "housing_inventory": -0.287172,
      "mortgage_rate": 0.025306,
      "treasury_10y": 0.067902,
      "fed_funds": 0.03424,
      "term_spread": -0.013841,
      "m2_money_supply": -0.337535,
      "cpi_all_items": 0.164847,
      "cpi_less_shelter": 0.209513,
      "ppi_construction": 0.204897
    },
    "per_capita_income": {
      "hpi": -0.186443,
      "real_gdp": -0.109205,
      "per_capita_income": 1.0,
      "population": -0.029416,
      "unemployment_rate": 0.083196,
      "consumer_confidence": 0.030956,
      "personal_consumption": -0.195802,
      "housing_starts": -0.054516,
      "building_permits": 0.005886,
      "new_home_sales": 0.105292,
      "housing_inventory": -0.005802,
      "mortgage_rate": 0.24846,
      "treasury_10y": 0.264248,
      "fed_funds": 0.29795,
      "term_spread": -0.254528,
      "m2_money_supply": 0.230242,
      "cpi_all_items": 0.253745,
      "cpi_less_shelter": 0.205738,
      "ppi_construction": 0.102964
    },
    "population": {
      "hpi": -0.57525,
      "real_gdp": 0.023194,
      "per_capita_income": -0.029416,
      "population": 1.0,
      "unemployment_rate": 0.011921,
      "consumer_confidence": 0.062981,
      "personal_consumption": 0.000506,
      "housing_starts": -0.070792,
      "building_permits": -0.093926,
      "new_home_sales": 0.088962,
      "housing_inventory": 0.053638,
      "mortgage_rate": 0.458582,
      "treasury_10y": 0.497061,
      "fed_funds": 0.42161,
      "term_spread": -0.071323,
      "m2_money_supply": -0.313022,
      "cpi_all_items": 0.156993,
      "cpi_less_shelter": 0.109763,
      "ppi_construction": -0.281018
    },
    "unemployment_rate": {
      "hpi": -0.423894,
      "real_gdp": -0.141886,
      "per_capita_income": 0.083196,
      "population": 0.011921,
      "unemployment_rate": 1.0,
      "consumer_confidence": -0.37486,
      "personal_consumption": -0.133557,
      "housing_starts": 0.113729,
      "building_permits": 0.179689,
      "new_home_sales": -0.513441,
      "housing_inventory": 0.122247,
      "mortgage_rate": 0.301412,
      "treasury_10y": 0.298499,
      "fed_funds": 0.106508,
      "term_spread": 0.452686,
      "m2_money_supply": 0.406766,
      "cpi_all_items": -0.014938,
      "cpi_less_shelter": 0.036737,
      "ppi_construction": 0.035262
    },
    "consumer_confidence": {
      "hpi": -0.227968,
      "real_gdp": 0.257699,
      "per_capita_income": 0.030956,
      "population": 0.062981,
      "unemployment_rate": -0.37486,
      "consumer_confidence": 1.0,
      "personal_consumption": 0.23821,
      "housing_starts": 0.127067,
      "building_permits": 0.135287,
      "new_home_sales": 0.512218,
      "housing_inventory": -0.642547,
      "mortgage_rate": -0.064596,
      "treasury_10y": -0.004412,
      "fed_funds": -0.042224,
      "term_spread": -0.051504,
      "m2_money_supply": -0.011945,
      "cpi_all_items": -0.311595,
      "cpi_less_shelter": -0.275556,
      "ppi_construction": -0.029092
    },
    "personal_consumption": {
      "hpi": -0.059328,
      "real_gdp": 0.860263,
      "per_capita_income": -0.195802,
      "population": 0.000506,
      "unemployment_rate": -0.133557,
      "consumer_confidence": 0.23821,
      "personal_consumption": 1.0,
      "housing_starts": 0.481035,
      "building_permits": 0.426083,
      "new_home_sales": 0.236083,
      "housing_inventory": -0.289691,
      "mortgage_rate": 0.024947,
      "treasury_10y": 0.05306,
      "fed_funds": 0.012098,
      "term_spread": 0.007675,
      "m2_money_supply": -0.284394,
      "cpi_all_items": 0.077531,
      "cpi_less_shelter": 0.137488,
      "ppi_construction": 0.211569
    },
    "housing_starts": {
      "hpi": -0.036536,
      "real_gdp": 0.479341,
      "per_capita_income": -0.054516,
      "population": -0.070792,
      "unemployment_rate": 0.113729,
      "consumer_confidence": 0.127067,
      "personal_consumption": 0.481035,
      "housing_starts": 1.0,
      "building_permits": 0.818981,
      "new_home_sales": 0.084824,
      "housing_inventory": -0.440643,
      "mortgage_rate": -0.097383,
      "treasury_10y": -0.078999,
      "fed_funds": -0.168968,
      "term_spread": 0.220024,
      "m2_money_supply": -0.026739,
      "cpi_all_items": -0.03545,
      "cpi_less_shelter": 0.071517,
      "ppi_construction": 0.094542
    },
    "building_permits": {
      "hpi": -0.053821,
      "real_gdp": 0.368839,
      "per_capita_income": 0.005886,
      "population": -0.093926,
      "unemployment_rate": 0.179689,
      "consumer_confidence": 0.135287,
      "personal_consumption": 0.426083,
      "housing_starts": 0.818981,
      "building_permits": 1.0,
      "new_home_sales": 0.091644,
      "housing_inventory": -0.472935,
      "mortgage_rate": -0.103541,
      "treasury_10y": -0.082872,
      "fed_funds": -0.178286,
      "term_spread": 0.222626,
      "m2_money_supply": 0.065433,
      "cpi_all_items": -0.08197,
      "cpi_less_shelter": 0.035901,
      "ppi_construction": 0.09408
    },
    "new_home_sales": {
      "hpi": 0.004888,
      "real_gdp": 0.23428,
      "per_capita_income": 0.105292,
      "population": 0.088962,
      "unemployment_rate": -0.513441,
      "consumer_confidence": 0.512218,
      "personal_consumption": 0.236083,
      "housing_starts": 0.084824,
      "building_permits": 0.091644,
      "new_home_sales": 1.0,
      "housing_inventory": -0.539827,
      "mortgage_rate": -0.039664,
      "treasury_10y": -0.014693,
      "fed_funds": 0.035029,
      "term_spread": -0.265167,
      "m2_money_supply": 0.035422,
      "cpi_all_items": 0.038862,
      "cpi_less_shelter": 0.03946,
      "ppi_construction": 0.171305
    },
    "housing_inventory": {
      "hpi": 0.107461,
      "real_gdp": -0.287172,
      "per_capita_income": -0.005802,
      "population": 0.053638,
      "unemployment_rate": 0.122247,
      "consumer_confidence": -0.642547,
      "personal_consumption": -0.289691,
      "housing_starts": -0.440643,
      "building_permits": -0.472935,
      "new_home_sales": -0.539827,
      "housing_inventory": 1.0,
      "mortgage_rate": 0.307778,
      "treasury_10y": 0.262364,
      "fed_funds": 0.327453,
      "term_spread": -0.227374,
      "m2_money_supply": -0.144135,
      "cpi_all_items": 0.270843,
      "cpi_less_shelter": 0.205048,
      "ppi_construction": -0.122699
    },
    "mortgage_rate": {
      "hpi": -0.702487,
      "real_gdp": 0.025306,
      "per_capita_income": 0.24846,
      "population": 0.458582,
      "unemployment_rate": 0.301412,
      "consumer_confidence": -0.064596,
      "personal_consumption": 0.024947,
      "housing_starts": -0.097383,
      "building_permits": -0.103541,
      "new_home_sales": -0.039664,
      "housing_inventory": 0.307778,
      "mortgage_rate": 1.0,
      "treasury_10y": 0.989969,
      "fed_funds": 0.937636,
      "term_spread": -0.391699,
      "m2_money_supply": 0.0349,