{
  "experiment_id": "20260330_arimax_full20_300",
  "trial_id": "20260330_arimax_full20_300_105",
  "model_class": "ARIMAX",
  "champion_eligible": true,
  "description": "ARIMAX(1, 1, 1) trend=t with fed_funds, mortgage_rate",
  "gof_composite": -0.5177285873096072,
  "gof_insample": -1.3730116073265175,
  "gof_validation_near": 0.08751949401946546,
  "gof_validation_far": -0.3753241628578017,
  "gof_diagnostic": 0.5714285714285714,
  "rmse": 33.24832919974687,
  "mae": 21.902680892797797,
  "theil_u": 0.9124805059805345,
  "directional_accuracy": 0.7167919799498746,
  "n_params": 6,
  "status": "ok",
  "diagnostics_passed": [
    "ljung_box",
    "cusum",
    "adf",
    "forecast_plausibility"
  ],
  "diagnostics_failed": [
    "jarque_bera",
    "arch_lm",
    "economic_sign"
  ],
  "error_summary": "",
  "rmse_1yr": 33.24832919974687,
  "rmse_3yr": 157.75405419559033,
  "insample_rmse": 15.836206889828697,
  "naive_insample_rmse": 6.6734637289322345,
  "gof_volatility_near": NaN,
  "gof_volatility_far": NaN,
  "gof_volatility_weighted": NaN,
  "validation_coverage_90": NaN,
  "fit_attempts": [],
  "fit_strategy": "",
  "fit_scaled": false,
  "fit_recovered": false
}