{
  "experiment_id": "20260330_arimax_garch_full20_300",
  "trial_id": "20260330_arimax_garch_full20_300_038",
  "model_class": "ARIMAX-GARCH",
  "champion_eligible": true,
  "description": "ARIMAX-GARCH(1, 1, 0) trend=t GARCH(1,1) dist=normal with mortgage_rate, personal_consumption",
  "gof_composite": -0.5425046444186016,
  "gof_insample": -1.8282116149261034,
  "gof_validation_near": 0.17754566788033022,
  "gof_validation_far": -0.035075918738625145,
  "gof_diagnostic": 0.4444444444444444,
  "rmse": 29.96801817337243,
  "mae": 21.024488231916234,
  "theil_u": 0.8224543321196698,
  "directional_accuracy": 0.8145363408521303,
  "n_params": 8,
  "status": "ok",
  "diagnostics_passed": [
    "cusum",
    "economic_sign",
    "forecast_plausibility",
    "std_resid_unit_variance"
  ],
  "diagnostics_failed": [
    "ljung_box",
    "jarque_bera",
    "arch_lm",
    "adf",
    "volatility_coverage_90"
  ],
  "error_summary": "",
  "rmse_1yr": 29.96801817337243,
  "rmse_3yr": 118.72649880734063,
  "insample_rmse": 18.873967629954212,
  "naive_insample_rmse": 6.6734637289322345,
  "gof_volatility_near": -0.27180805844743317,
  "gof_volatility_far": -0.4239735900417898,
  "gof_volatility_weighted": -0.3174577179257401,
  "validation_coverage_90": 0.3275,
  "fit_attempts": [],
  "fit_strategy": "",
  "fit_scaled": false,
  "fit_recovered": false
}