{
  "experiment_id": "20260325_arimax_60",
  "trial_id": "20260325_arimax_60_026",
  "model_class": "ARIMAX",
  "champion_eligible": true,
  "description": "ARIMAX(1, 1, 1) trend=t with mortgage_rate, term_spread",
  "gof_composite": -0.5495682232021679,
  "gof_insample": -1.4132141640376759,
  "gof_validation_near": 0.04029673503301179,
  "gof_validation_far": -0.3701951466100597,
  "gof_diagnostic": 0.5714285714285714,
  "rmse": 34.96899920443342,
  "mae": 24.453371707894487,
  "theil_u": 0.9597032649669882,
  "directional_accuracy": 0.731829573934837,
  "n_params": 6,
  "status": "ok",
  "diagnostics_passed": [
    "ljung_box",
    "cusum",
    "adf",
    "forecast_plausibility"
  ],
  "diagnostics_failed": [
    "jarque_bera",
    "arch_lm",
    "economic_sign"
  ],
  "error_summary": "",
  "rmse_1yr": 34.96899920443342,
  "rmse_3yr": 157.1657397247422,
  "insample_rmse": 16.104497193850953,
  "naive_insample_rmse": 6.6734637289322345
}