{
  "experiment_id": "20260325_var_refine2_20",
  "trial_id": "20260325_var_refine2_20_002",
  "model_class": "VAR",
  "champion_eligible": true,
  "description": "VAR(4) trend=ctt with term_spread",
  "gof_composite": -0.1794169749369543,
  "gof_insample": 0.45845499550097935,
  "gof_validation_near": -0.39172322064646536,
  "gof_validation_far": -1.9490834171849993,
  "gof_diagnostic": 0.6666666666666666,
  "rmse": 50.71064147859476,
  "mae": 37.48784007693462,
  "theil_u": 1.3917232206464654,
  "directional_accuracy": 0.24060150375939848,
  "n_params": 22,
  "status": "ok",
  "diagnostics_passed": [
    "ljung_box",
    "cusum",
    "adf",
    "forecast_plausibility"
  ],
  "diagnostics_failed": [
    "jarque_bera",
    "arch_lm"
  ],
  "error_summary": "",
  "rmse_1yr": 50.71064147859476,
  "rmse_3yr": 338.2692442887157,
  "insample_rmse": 3.613980945108658,
  "naive_insample_rmse": 6.6734637289322345,
  "gof_volatility_near": NaN,
  "gof_volatility_far": NaN,
  "gof_volatility_weighted": NaN,
  "validation_coverage_90": NaN,
  "fit_attempts": [],
  "fit_strategy": "",
  "fit_scaled": false,
  "fit_recovered": false
}