{
  "experiment_id": "20260330_arimax_garch_full20_300",
  "trial_id": "20260330_arimax_garch_full20_300_018",
  "model_class": "ARIMAX-GARCH",
  "champion_eligible": true,
  "description": "ARIMAX-GARCH(1, 1, 0) trend=t GARCH(1,1) dist=normal with consumer_confidence, per_capita_income",
  "gof_composite": -0.5621650178373331,
  "gof_insample": -1.878006007737318,
  "gof_validation_near": 0.18591073726982343,
  "gof_validation_far": 0.015276936446000255,
  "gof_diagnostic": 0.4444444444444444,
  "rmse": 29.663217600628432,
  "mae": 20.82081721720665,
  "theil_u": 0.8140892627301766,
  "directional_accuracy": 0.8370927318295739,
  "n_params": 8,
  "status": "ok",
  "diagnostics_passed": [
    "arch_lm",
    "cusum",
    "forecast_plausibility",
    "std_resid_unit_variance"
  ],
  "diagnostics_failed": [
    "ljung_box",
    "jarque_bera",
    "adf",
    "economic_sign",
    "volatility_coverage_90"
  ],
  "error_summary": "",
  "rmse_1yr": 29.663217600628432,
  "rmse_3yr": 112.95086622542445,
  "insample_rmse": 19.206268704284057,
  "naive_insample_rmse": 6.6734637289322345,
  "gof_volatility_near": -0.33163474593551445,
  "gof_volatility_far": -0.44235943178563786,
  "gof_volatility_weighted": -0.36485215169055146,
  "validation_coverage_90": 0.305,
  "fit_attempts": [],
  "fit_strategy": "",
  "fit_scaled": false,
  "fit_recovered": false
}