{
  "experiment_id": "20260331_vecm_full20_300",
  "trial_id": "20260331_vecm_full20_300_073",
  "model_class": "VECM",
  "champion_eligible": true,
  "description": "VECM(k_ar_diff=1) deterministic=ci with fed_funds, personal_consumption",
  "gof_composite": -0.15516310796507593,
  "gof_insample": 0.26464781984188146,
  "gof_validation_near": -0.17819621933923546,
  "gof_validation_far": -1.5465792831095295,
  "gof_diagnostic": 0.3333333333333333,
  "rmse": 42.930293311190724,
  "mae": 27.3025863993296,
  "theil_u": 1.1781962193392355,
  "directional_accuracy": 0.6390977443609023,
  "n_params": 16,
  "status": "ok",
  "diagnostics_passed": [
    "adf",
    "forecast_plausibility"
  ],
  "diagnostics_failed": [
    "ljung_box",
    "jarque_bera",
    "arch_lm",
    "cusum"
  ],
  "error_summary": "",
  "rmse_1yr": 42.930293311190724,
  "rmse_3yr": 292.10074038564284,
  "insample_rmse": 4.907346102276446,
  "naive_insample_rmse": 6.6734637289322345,
  "gof_volatility_near": NaN,
  "gof_volatility_far": NaN,
  "gof_volatility_weighted": NaN,
  "validation_coverage_90": NaN,
  "fit_attempts": [],
  "fit_strategy": "",
  "fit_scaled": false,
  "fit_recovered": false
}