{
  "experiment_id": "20260330_arimax_garch_full20_300",
  "trial_id": "20260330_arimax_garch_full20_300_089",
  "model_class": "ARIMAX-GARCH",
  "champion_eligible": true,
  "description": "ARIMAX-GARCH(1, 1, 1) trend=t GARCH(1,1) dist=normal with consumer_confidence, fed_funds",
  "gof_composite": -1.3030757628353689,
  "gof_insample": -1.5571010861225747,
  "gof_validation_near": 0.0999773276434901,
  "gof_validation_far": -0.24000000162353174,
  "gof_diagnostic": 0.4444444444444444,
  "rmse": 32.79439933414152,
  "mae": 21.89000313108142,
  "theil_u": 0.9000226723565099,
  "directional_accuracy": 0.8320802005012531,
  "n_params": 9,
  "status": "ok",
  "diagnostics_passed": [
    "arch_lm",
    "cusum",
    "forecast_plausibility",
    "std_resid_unit_variance"
  ],
  "diagnostics_failed": [
    "ljung_box",
    "jarque_bera",
    "adf",
    "economic_sign",
    "volatility_coverage_90"
  ],
  "error_summary": "",
  "rmse_1yr": 32.79439933414152,
  "rmse_3yr": 142.23194265138196,
  "insample_rmse": 17.064721349452224,
  "naive_insample_rmse": 6.6734637289322345,
  "gof_volatility_near": -1.265690049676063,
  "gof_volatility_far": -8.798512726643324,
  "gof_volatility_weighted": -3.5255368527662414,
  "validation_coverage_90": 0.1625,
  "fit_attempts": [],
  "fit_strategy": "",
  "fit_scaled": false,
  "fit_recovered": false
}