{
  "experiment_id": "20260330_arimax_garch_full20_300",
  "trial_id": "20260330_arimax_garch_full20_300_008",
  "model_class": "ARIMAX-GARCH",
  "champion_eligible": true,
  "description": "ARIMAX-GARCH(1, 1, 0) trend=t GARCH(1,1) dist=normal with personal_consumption",
  "gof_composite": -0.5100304041670084,
  "gof_insample": -1.7020576600100155,
  "gof_validation_near": 0.17098832659203878,
  "gof_validation_far": 0.0032407037182194953,
  "gof_diagnostic": 0.5555555555555556,
  "rmse": 30.206950008517687,
  "mae": 21.388608542218034,
  "theil_u": 0.8290116734079612,
  "directional_accuracy": 0.8320802005012531,
  "n_params": 7,
  "status": "ok",
  "diagnostics_passed": [
    "cusum",
    "adf",
    "economic_sign",
    "forecast_plausibility",
    "std_resid_unit_variance"
  ],
  "diagnostics_failed": [
    "ljung_box",
    "jarque_bera",
    "arch_lm",
    "volatility_coverage_90"
  ],
  "error_summary": "",
  "rmse_1yr": 30.206950008517687,
  "rmse_3yr": 114.33146038738812,
  "insample_rmse": 18.032083787560346,
  "naive_insample_rmse": 6.6734637289322345,
  "gof_volatility_near": -0.36736207066533155,
  "gof_volatility_far": -0.4500193516394402,
  "gof_volatility_weighted": -0.39215925495756415,
  "validation_coverage_90": 0.305,
  "fit_attempts": [],
  "fit_strategy": "",
  "fit_scaled": false,
  "fit_recovered": false
}