{
  "experiment_id": "20260330_arimax_full20_300",
  "trial_id": "20260330_arimax_full20_300_031",
  "model_class": "ARIMAX",
  "champion_eligible": true,
  "description": "ARIMAX(1, 1, 0) trend=t with fed_funds, new_home_sales",
  "gof_composite": -1.0358424465478036,
  "gof_insample": -2.9241203066254147,
  "gof_validation_near": 0.19375599801177446,
  "gof_validation_far": -0.036249964202201834,
  "gof_diagnostic": 0.7142857142857143,
  "rmse": 29.377357453374174,
  "mae": 19.517373809566358,
  "theil_u": 0.8062440019882255,
  "directional_accuracy": 0.8270676691729323,
  "n_params": 5,
  "status": "ok",
  "diagnostics_passed": [
    "ljung_box",
    "cusum",
    "adf",
    "economic_sign",
    "forecast_plausibility"
  ],
  "diagnostics_failed": [
    "jarque_bera",
    "arch_lm"
  ],
  "error_summary": "",
  "rmse_1yr": 29.377357453374174,
  "rmse_3yr": 118.86116555478169,
  "insample_rmse": 26.187474534231143,
  "naive_insample_rmse": 6.6734637289322345,
  "gof_volatility_near": NaN,
  "gof_volatility_far": NaN,
  "gof_volatility_weighted": NaN,
  "validation_coverage_90": NaN,
  "fit_attempts": [],
  "fit_strategy": "",
  "fit_scaled": false,
  "fit_recovered": false
}