{
  "experiment_id": "20260331_vecm_full20_300",
  "trial_id": "20260331_vecm_full20_300_090",
  "model_class": "VECM",
  "champion_eligible": true,
  "description": "VECM(k_ar_diff=4) deterministic=ci with mortgage_rate, per_capita_income",
  "gof_composite": 0.23078584309337113,
  "gof_insample": 0.5331461696457162,
  "gof_validation_near": 0.12362755657533642,
  "gof_validation_far": -0.616059574886332,
  "gof_diagnostic": 0.6666666666666666,
  "rmse": 31.93264876300967,
  "mae": 19.656872940089272,
  "theil_u": 0.8763724434246636,
  "directional_accuracy": 0.606516290726817,
  "n_params": 43,
  "status": "ok",
  "diagnostics_passed": [
    "ljung_box",
    "cusum",
    "adf",
    "forecast_plausibility"
  ],
  "diagnostics_failed": [
    "jarque_bera",
    "arch_lm"
  ],
  "error_summary": "",
  "rmse_1yr": 31.93264876300967,
  "rmse_3yr": 185.36717135120966,
  "insample_rmse": 3.115532103582396,
  "naive_insample_rmse": 6.6734637289322345,
  "gof_volatility_near": NaN,
  "gof_volatility_far": NaN,
  "gof_volatility_weighted": NaN,
  "validation_coverage_90": NaN,
  "fit_attempts": [],
  "fit_strategy": "",
  "fit_scaled": false,
  "fit_recovered": false
}