{
  "experiment_id": "20260325_arimax_garch_60_volaware",
  "trial_id": "20260325_arimax_garch_60_volaware_018",
  "model_class": "ARIMAX-GARCH",
  "champion_eligible": true,
  "description": "ARIMAX-GARCH(1, 1, 1) trend=t GARCH(1,1) dist=normal with mortgage_rate, unemployment_rate",
  "gof_composite": -0.6418632105700253,
  "gof_insample": -1.460731126130118,
  "gof_validation_near": -0.025156003158335105,
  "gof_validation_far": -1.38073776984062,
  "gof_diagnostic": 0.4444444444444444,
  "rmse": 37.353920495515965,
  "mae": 23.430657354894837,
  "theil_u": 1.025156003158335,
  "directional_accuracy": 0.7468671679197995,
  "n_params": 9,
  "status": "ok",
  "diagnostics_passed": [
    "arch_lm",
    "cusum",
    "forecast_plausibility",
    "std_resid_unit_variance"
  ],
  "diagnostics_failed": [
    "ljung_box",
    "jarque_bera",
    "adf",
    "economic_sign",
    "volatility_coverage_90"
  ],
  "error_summary": "",
  "rmse_1yr": 37.353920495515965,
  "rmse_3yr": 273.0781915359669,
  "insample_rmse": 16.421599916883913,
  "naive_insample_rmse": 6.6734637289322345,
  "gof_volatility_near": -0.38445792089100683,
  "gof_volatility_far": -0.4859387099448309,
  "gof_volatility_weighted": -0.41490215760715404,
  "validation_coverage_90": 0.245,
  "fit_attempts": [],
  "fit_strategy": "",
  "fit_scaled": false,
  "fit_recovered": false
}