{
  "experiment_id": "20260330_arimax_full20_300",
  "trial_id": "20260330_arimax_full20_300_039",
  "model_class": "ARIMAX",
  "champion_eligible": true,
  "description": "ARIMAX(1, 1, 0) trend=t with mortgage_rate, per_capita_income",
  "gof_composite": -0.620656732755306,
  "gof_insample": -1.8459151769334157,
  "gof_validation_near": 0.18553055069805113,
  "gof_validation_far": -0.029128079127430873,
  "gof_diagnostic": 0.5714285714285714,
  "rmse": 29.677070574158016,
  "mae": 20.900887411935628,
  "theil_u": 0.8144694493019489,
  "directional_accuracy": 0.8270676691729323,
  "n_params": 5,
  "status": "ok",
  "diagnostics_passed": [
    "ljung_box",
    "cusum",
    "adf",
    "forecast_plausibility"
  ],
  "diagnostics_failed": [
    "jarque_bera",
    "arch_lm",
    "economic_sign"
  ],
  "error_summary": "",
  "rmse_1yr": 29.677070574158016,
  "rmse_3yr": 118.04426269333146,
  "insample_rmse": 18.992111708882913,
  "naive_insample_rmse": 6.6734637289322345,
  "gof_volatility_near": NaN,
  "gof_volatility_far": NaN,
  "gof_volatility_weighted": NaN,
  "validation_coverage_90": NaN,
  "fit_attempts": [],
  "fit_strategy": "",
  "fit_scaled": false,
  "fit_recovered": false
}