{
  "experiment_id": "20260329_lightgbm_300",
  "trial_id": "20260329_lightgbm_300_052",
  "model_class": "LightGBM",
  "champion_eligible": true,
  "description": "LightGBM n_estimators=500 learning_rate=0.1 max_depth=2 num_leaves=7 lags=[1, 2, 4, 8] with no exogenous variables",
  "gof_composite": -0.1236905208253358,
  "gof_insample": -0.4720308690749224,
  "gof_validation_near": 0.13712799321024383,
  "gof_validation_far": 0.003069083429207975,
  "gof_diagnostic": 0.16666666666666666,
  "rmse": 31.44072925499193,
  "mae": 26.68976218061363,
  "theil_u": 0.8628720067897562,
  "directional_accuracy": 0.10776942355889724,
  "n_params": 12,
  "status": "ok",
  "diagnostics_passed": [
    "cusum"
  ],
  "diagnostics_failed": [
    "ljung_box",
    "jarque_bera",
    "arch_lm",
    "adf",
    "forecast_plausibility"
  ],
  "error_summary": "",
  "rmse_1yr": 31.44072925499193,
  "rmse_3yr": 114.35114578018856,
  "insample_rmse": 9.82354461264009,
  "naive_insample_rmse": 6.6734637289322345,
  "gof_volatility_near": NaN,
  "gof_volatility_far": NaN,
  "gof_volatility_weighted": NaN,
  "validation_coverage_90": NaN,
  "fit_attempts": [],
  "fit_strategy": "",
  "fit_scaled": false,
  "fit_recovered": false
}