{
  "experiment_id": "20260325_bvar_refine_20",
  "trial_id": "20260325_bvar_refine_20_020",
  "model_class": "BVAR",
  "champion_eligible": true,
  "description": "BVAR(3) prior=minnesota lambda=0.3 trend=c with per_capita_income",
  "gof_composite": -0.09171885760589225,
  "gof_insample": 0.28661206778156745,
  "gof_validation_near": -0.11037786558754514,
  "gof_validation_far": -1.2293206561969674,
  "gof_diagnostic": 0.16666666666666666,
  "rmse": 40.45917536780182,
  "mae": 24.117041442021037,
  "theil_u": 1.1103778655875451,
  "directional_accuracy": 0.7719298245614035,
  "n_params": 15,
  "status": "ok",
  "diagnostics_passed": [
    "cusum"
  ],
  "diagnostics_failed": [
    "ljung_box",
    "jarque_bera",
    "arch_lm",
    "adf",
    "forecast_plausibility"
  ],
  "error_summary": "",
  "rmse_1yr": 40.45917536780182,
  "rmse_3yr": 255.71016718435052,
  "insample_rmse": 4.760768490317677,
  "naive_insample_rmse": 6.6734637289322345,
  "gof_volatility_near": NaN,
  "gof_volatility_far": NaN,
  "gof_volatility_weighted": NaN,
  "validation_coverage_90": NaN,
  "fit_attempts": [],
  "fit_strategy": "",
  "fit_scaled": false,
  "fit_recovered": false
}