{
  "experiment_id": "20260331_threshold_var_full20_300",
  "trial_id": "20260331_threshold_var_full20_300_026",
  "model_class": "Threshold VAR / SETAR",
  "champion_eligible": true,
  "description": "Threshold VAR(1) delay=1 q=0.5 threshold=hpi with fed_funds",
  "gof_composite": -1.8583322907220436,
  "gof_insample": 0.17447604635308445,
  "gof_validation_near": -2.4118909738779637,
  "gof_validation_far": -7.337516900484378,
  "gof_diagnostic": 0.16666666666666666,
  "rmse": 124.32010716901763,
  "mae": 89.45297384206202,
  "theil_u": 3.4118909738779637,
  "directional_accuracy": 0.21303258145363407,
  "n_params": 15,
  "status": "ok",
  "diagnostics_passed": [
    "adf"
  ],
  "diagnostics_failed": [
    "ljung_box",
    "jarque_bera",
    "arch_lm",
    "cusum",
    "forecast_plausibility"
  ],
  "error_summary": "",
  "rmse_1yr": 124.32010716901763,
  "rmse_3yr": 956.3396968483661,
  "insample_rmse": 5.509104162027426,
  "naive_insample_rmse": 6.6734637289322345,
  "gof_volatility_near": NaN,
  "gof_volatility_far": NaN,
  "gof_volatility_weighted": NaN,
  "validation_coverage_90": NaN,
  "fit_attempts": [],
  "fit_strategy": "",
  "fit_scaled": false,
  "fit_recovered": false
}