{
  "experiment_id": "20260330_arimax_garch_full20_300",
  "trial_id": "20260330_arimax_garch_full20_300_035",
  "model_class": "ARIMAX-GARCH",
  "champion_eligible": true,
  "description": "ARIMAX-GARCH(1, 1, 0) trend=t GARCH(1,1) dist=normal with fed_funds, population",
  "gof_composite": -0.47998544772718343,
  "gof_insample": -1.673930435022565,
  "gof_validation_near": 0.2000066062669903,
  "gof_validation_far": -0.0003884687472130999,
  "gof_diagnostic": 0.6666666666666666,
  "rmse": 29.14960214287058,
  "mae": 20.330464654241897,
  "theil_u": 0.7999933937330097,
  "directional_accuracy": 0.8320802005012531,
  "n_params": 8,
  "status": "ok",
  "diagnostics_passed": [
    "arch_lm",
    "cusum",
    "adf",
    "economic_sign",
    "forecast_plausibility",
    "std_resid_unit_variance"
  ],
  "diagnostics_failed": [
    "ljung_box",
    "jarque_bera",
    "volatility_coverage_90"
  ],
  "error_summary": "",
  "rmse_1yr": 29.14960214287058,
  "rmse_3yr": 114.74773800779097,
  "insample_rmse": 17.84437777181108,
  "naive_insample_rmse": 6.6734637289322345,
  "gof_volatility_near": -0.3467115007709265,
  "gof_volatility_far": -0.45015034592259706,
  "gof_volatility_weighted": -0.37774315431642763,
  "validation_coverage_90": 0.3175,
  "fit_attempts": [],
  "fit_strategy": "",
  "fit_scaled": false,
  "fit_recovered": false
}