{
  "experiment_id": "20260325_arimax_60",
  "trial_id": "20260325_arimax_60_041",
  "model_class": "ARIMAX",
  "champion_eligible": true,
  "description": "ARIMAX(2, 1, 0) trend=t with mortgage_rate, real_gdp",
  "gof_composite": -0.654187859116285,
  "gof_insample": -1.8320018372950284,
  "gof_validation_near": 0.14007900414142382,
  "gof_validation_far": -0.27895564717562094,
  "gof_diagnostic": 0.7142857142857143,
  "rmse": 31.33320237384887,
  "mae": 21.680541393347866,
  "theil_u": 0.8599209958585762,
  "directional_accuracy": 0.7543859649122807,
  "n_params": 6,
  "status": "ok",
  "diagnostics_passed": [
    "ljung_box",
    "cusum",
    "adf",
    "economic_sign",
    "forecast_plausibility"
  ],
  "diagnostics_failed": [
    "jarque_bera",
    "arch_lm"
  ],
  "error_summary": "",
  "rmse_1yr": 31.33320237384887,
  "rmse_3yr": 146.70027905207374,
  "insample_rmse": 18.89926154145782,
  "naive_insample_rmse": 6.6734637289322345
}