{
  "experiment_id": "20260330_arimax_garch_full20_300",
  "trial_id": "20260330_arimax_garch_full20_300_058",
  "model_class": "ARIMAX-GARCH",
  "champion_eligible": true,
  "description": "ARIMAX-GARCH(1, 1, 0) trend=t GARCH(1,1) dist=normal with consumer_confidence, treasury_10y, mortgage_rate",
  "gof_composite": -0.5610711165552252,
  "gof_insample": -1.8743363482766826,
  "gof_validation_near": 0.17852519105460707,
  "gof_validation_far": -0.020241781768302936,
  "gof_diagnostic": 0.4444444444444444,
  "rmse": 29.932326990115705,
  "mae": 20.79322658748897,
  "theil_u": 0.8214748089453929,
  "directional_accuracy": 0.8295739348370927,
  "n_params": 9,
  "status": "ok",
  "diagnostics_passed": [
    "cusum",
    "adf",
    "forecast_plausibility",
    "std_resid_unit_variance"
  ],
  "diagnostics_failed": [
    "ljung_box",
    "jarque_bera",
    "arch_lm",
    "economic_sign",
    "volatility_coverage_90"
  ],
  "error_summary": "",
  "rmse_1yr": 29.932326990115705,
  "rmse_3yr": 117.02497613308003,
  "insample_rmse": 19.181779364975974,
  "naive_insample_rmse": 6.6734637289322345,
  "gof_volatility_near": -0.26972144304342427,
  "gof_volatility_far": -0.5149403142784958,
  "gof_volatility_weighted": -0.3432871044139457,
  "validation_coverage_90": 0.345,
  "fit_attempts": [],
  "fit_strategy": "",
  "fit_scaled": false,
  "fit_recovered": false
}