{
  "experiment_id": "20260329_xgboost_300",
  "trial_id": "20260329_xgboost_300_060",
  "model_class": "XGBoost",
  "champion_eligible": true,
  "description": "XGBoost n_estimators=200 learning_rate=0.05 max_depth=4 subsample=0.8 colsample_bytree=0.8 lags=[1, 2, 4] with mortgage_rate",
  "gof_composite": 0.470655690936179,
  "gof_insample": 0.8426080430024322,
  "gof_validation_near": 0.20755152131800658,
  "gof_validation_far": -0.03798150261841915,
  "gof_diagnostic": 0.6666666666666666,
  "rmse": 28.874685782733383,
  "mae": 23.67802553304036,
  "theil_u": 0.7924484786819934,
  "directional_accuracy": 0.19548872180451127,
  "n_params": 11,
  "status": "ok",
  "diagnostics_passed": [
    "arch_lm",
    "cusum",
    "adf",
    "forecast_plausibility"
  ],
  "diagnostics_failed": [
    "ljung_box",
    "jarque_bera"
  ],
  "error_summary": "",
  "rmse_1yr": 28.874685782733383,
  "rmse_3yr": 119.05977851638785,
  "insample_rmse": 1.0503495162489305,
  "naive_insample_rmse": 6.6734637289322345,
  "gof_volatility_near": NaN,
  "gof_volatility_far": NaN,
  "gof_volatility_weighted": NaN,
  "validation_coverage_90": NaN,
  "fit_attempts": [],
  "fit_strategy": "",
  "fit_scaled": false,
  "fit_recovered": false
}