{
  "experiment_id": "20260330_nbeats_full20_300",
  "trial_id": "20260330_nbeats_full20_300_019",
  "model_class": "N-BEATS",
  "champion_eligible": true,
  "description": "N-BEATS lookback=4 stack_width=64 n_blocks=2 n_layers=2 epochs=75 learning_rate=0.01 with treasury_10y",
  "gof_composite": -0.29327664372097806,
  "gof_insample": 0.5259321316295642,
  "gof_validation_near": -0.5761703845619246,
  "gof_validation_far": -2.235487967396423,
  "gof_diagnostic": 0.3333333333333333,
  "rmse": 57.431398783136764,
  "mae": 41.161085764567055,
  "theil_u": 1.5761703845619246,
  "directional_accuracy": 0.43859649122807015,
  "n_params": 7,
  "status": "ok",
  "diagnostics_passed": [
    "adf",
    "forecast_plausibility"
  ],
  "diagnostics_failed": [
    "ljung_box",
    "jarque_bera",
    "arch_lm",
    "cusum"
  ],
  "error_summary": "",
  "rmse_1yr": 57.431398783136764,
  "rmse_3yr": 371.1207567947081,
  "insample_rmse": 3.163674724622324,
  "naive_insample_rmse": 6.6734637289322345,
  "gof_volatility_near": NaN,
  "gof_volatility_far": NaN,
  "gof_volatility_weighted": NaN,
  "validation_coverage_90": NaN,
  "fit_attempts": [],
  "fit_strategy": "",
  "fit_scaled": false,
  "fit_recovered": false
}