{
  "experiment_id": "20260330_tcn_full20_300",
  "trial_id": "20260330_tcn_full20_300_042",
  "model_class": "TCN",
  "champion_eligible": true,
  "description": "TCN lookback=4 channels=16 num_blocks=3 kernel_size=2 epochs=75 learning_rate=0.01 with housing_inventory",
  "gof_composite": 0.14321762294394144,
  "gof_insample": 0.43178106575290376,
  "gof_validation_near": -0.20721864080361785,
  "gof_validation_far": 0.06465591727141895,
  "gof_diagnostic": 0.3333333333333333,
  "rmse": 43.98779209247665,
  "mae": 29.932662582397462,
  "theil_u": 1.2072186408036178,
  "directional_accuracy": 0.6491228070175439,
  "n_params": 7,
  "status": "ok",
  "diagnostics_passed": [
    "cusum",
    "adf"
  ],
  "diagnostics_failed": [
    "ljung_box",
    "jarque_bera",
    "arch_lm",
    "forecast_plausibility"
  ],
  "error_summary": "",
  "rmse_1yr": 43.98779209247665,
  "rmse_3yr": 107.2869401288526,
  "insample_rmse": 3.7919884477905272,
  "naive_insample_rmse": 6.6734637289322345,
  "gof_volatility_near": NaN,
  "gof_volatility_far": NaN,
  "gof_volatility_weighted": NaN,
  "validation_coverage_90": NaN,
  "fit_attempts": [],
  "fit_strategy": "",
  "fit_scaled": false,
  "fit_recovered": false
}