{
  "experiment_id": "20260330_tcn_full20_300",
  "trial_id": "20260330_tcn_full20_300_005",
  "model_class": "TCN",
  "champion_eligible": true,
  "description": "TCN lookback=8 channels=16 num_blocks=2 kernel_size=2 epochs=75 learning_rate=0.01 with no exogenous variables",
  "gof_composite": -0.20028904960504335,
  "gof_insample": 0.0454582319702973,
  "gof_validation_near": -0.14696679153008407,
  "gof_validation_far": -1.335781991273108,
  "gof_diagnostic": 0.3333333333333333,
  "rmse": 41.792377169735595,
  "mae": 29.456656494140624,
  "theil_u": 1.146966791530084,
  "directional_accuracy": 0.6115288220551378,
  "n_params": 7,
  "status": "ok",
  "diagnostics_passed": [
    "adf",
    "forecast_plausibility"
  ],
  "diagnostics_failed": [
    "ljung_box",
    "jarque_bera",
    "arch_lm",
    "cusum"
  ],
  "error_summary": "",
  "rmse_1yr": 41.792377169735595,
  "rmse_3yr": 267.92162080153884,
  "insample_rmse": 6.370099866697068,
  "naive_insample_rmse": 6.6734637289322345,
  "gof_volatility_near": NaN,
  "gof_volatility_far": NaN,
  "gof_volatility_weighted": NaN,
  "validation_coverage_90": NaN,
  "fit_attempts": [],
  "fit_strategy": "",
  "fit_scaled": false,
  "fit_recovered": false
}