{
  "experiment_id": "20260330_arimax_garch_full20_300",
  "trial_id": "20260330_arimax_garch_full20_300_007",
  "model_class": "ARIMAX-GARCH",
  "champion_eligible": true,
  "description": "ARIMAX-GARCH(1, 1, 0) trend=t GARCH(1,1) dist=normal with new_home_sales",
  "gof_composite": -0.8673415689701739,
  "gof_insample": -2.8557083658135505,
  "gof_validation_near": 0.15703731031526547,
  "gof_validation_far": -0.022363877413726918,
  "gof_diagnostic": 0.3333333333333333,
  "rmse": 30.71528742372936,
  "mae": 21.25582747890156,
  "theil_u": 0.8429626896847345,
  "directional_accuracy": 0.8220551378446115,
  "n_params": 7,
  "status": "ok",
  "diagnostics_passed": [
    "cusum",
    "economic_sign",
    "forecast_plausibility"
  ],
  "diagnostics_failed": [
    "ljung_box",
    "jarque_bera",
    "arch_lm",
    "adf",
    "volatility_coverage_90",
    "std_resid_unit_variance"
  ],
  "error_summary": "",
  "rmse_1yr": 30.71528742372936,
  "rmse_3yr": 117.26838725061673,
  "insample_rmse": 25.73092992859731,
  "naive_insample_rmse": 6.6734637289322345,
  "gof_volatility_near": -0.28162960127835457,
  "gof_volatility_far": -0.42266869564231624,
  "gof_volatility_weighted": -0.32394132958754307,
  "validation_coverage_90": 0.3225,
  "fit_attempts": [],
  "fit_strategy": "",
  "fit_scaled": false,
  "fit_recovered": false
}