{
  "experiment_id": "20260331_var_full20_300",
  "trial_id": "20260331_var_full20_300_015",
  "model_class": "VAR",
  "champion_eligible": true,
  "description": "VAR(4) trend=c with housing_inventory",
  "gof_composite": -0.07473472076939318,
  "gof_insample": 0.4961491398127218,
  "gof_validation_near": -0.2927435387913562,
  "gof_validation_far": -1.582672031894493,
  "gof_diagnostic": 0.6666666666666666,
  "rmse": 47.10408876340165,
  "mae": 28.502056698478288,
  "theil_u": 1.2927435387913562,
  "directional_accuracy": 0.47619047619047616,
  "n_params": 18,
  "status": "ok",
  "diagnostics_passed": [
    "ljung_box",
    "cusum",
    "adf",
    "forecast_plausibility"
  ],
  "diagnostics_failed": [
    "jarque_bera",
    "arch_lm"
  ],
  "error_summary": "",
  "rmse_1yr": 47.10408876340165,
  "rmse_3yr": 296.24069342483017,
  "insample_rmse": 3.362430440251108,
  "naive_insample_rmse": 6.6734637289322345,
  "gof_volatility_near": NaN,
  "gof_volatility_far": NaN,
  "gof_volatility_weighted": NaN,
  "validation_coverage_90": NaN,
  "fit_attempts": [],
  "fit_strategy": "",
  "fit_scaled": false,
  "fit_recovered": false
}