{
  "experiment_id": "20260330_arimax_garch_full20_300",
  "trial_id": "20260330_arimax_garch_full20_300_053",
  "model_class": "ARIMAX-GARCH",
  "champion_eligible": true,
  "description": "ARIMAX-GARCH(1, 1, 0) trend=t GARCH(1,1) dist=normal with personal_consumption, population",
  "gof_composite": -0.44284037892559014,
  "gof_insample": -1.5096625666160368,
  "gof_validation_near": 0.1717224226064331,
  "gof_validation_far": 0.00377059093125387,
  "gof_diagnostic": 0.6666666666666666,
  "rmse": 30.180201529190366,
  "mae": 21.393825230216876,
  "theil_u": 0.8282775773935669,
  "directional_accuracy": 0.8320802005012531,
  "n_params": 8,
  "status": "ok",
  "diagnostics_passed": [
    "arch_lm",
    "cusum",
    "adf",
    "economic_sign",
    "forecast_plausibility",
    "std_resid_unit_variance"
  ],
  "diagnostics_failed": [
    "ljung_box",
    "jarque_bera",
    "volatility_coverage_90"
  ],
  "error_summary": "",
  "rmse_1yr": 30.180201529190366,
  "rmse_3yr": 114.27068063932576,
  "insample_rmse": 16.7481421101711,
  "naive_insample_rmse": 6.6734637289322345,
  "gof_volatility_near": -0.3760391675795218,
  "gof_volatility_far": -0.45478781367684173,
  "gof_volatility_weighted": -0.39966376140871773,
  "validation_coverage_90": 0.3,
  "fit_attempts": [],
  "fit_strategy": "",
  "fit_scaled": false,
  "fit_recovered": false
}