{
  "experiment_id": "20260329_tcn_300",
  "trial_id": "20260329_tcn_300_019",
  "model_class": "TCN",
  "champion_eligible": true,
  "description": "TCN lookback=4 channels=32 num_blocks=2 kernel_size=2 epochs=75 learning_rate=0.01 with unemployment_rate",
  "gof_composite": -0.18469293724161345,
  "gof_insample": 0.3232586552988448,
  "gof_validation_near": -0.29104847991856353,
  "gof_validation_far": -1.6364184314865833,
  "gof_diagnostic": 0.3333333333333333,
  "rmse": 47.042325388681654,
  "mae": 27.129757202148436,
  "theil_u": 1.2910484799185635,
  "directional_accuracy": 0.6741854636591479,
  "n_params": 7,
  "status": "ok",
  "diagnostics_passed": [
    "adf",
    "forecast_plausibility"
  ],
  "diagnostics_failed": [
    "ljung_box",
    "jarque_bera",
    "arch_lm",
    "cusum"
  ],
  "error_summary": "",
  "rmse_1yr": 47.042325388681654,
  "rmse_3yr": 302.40557633974277,
  "insample_rmse": 4.516208817731986,
  "naive_insample_rmse": 6.6734637289322345,
  "gof_volatility_near": NaN,
  "gof_volatility_far": NaN,
  "gof_volatility_weighted": NaN,
  "validation_coverage_90": NaN,
  "fit_attempts": [],
  "fit_strategy": "",
  "fit_scaled": false,
  "fit_recovered": false
}