{
  "experiment_id": "20260330_xgboost_full20_300",
  "trial_id": "20260330_xgboost_full20_300_091",
  "model_class": "XGBoost",
  "champion_eligible": true,
  "description": "XGBoost n_estimators=200 learning_rate=0.03 max_depth=2 subsample=0.8 colsample_bytree=0.8 lags=[1, 2, 4, 8] with consumer_confidence",
  "gof_composite": 0.36683650245132976,
  "gof_insample": 0.5480699532519504,
  "gof_validation_near": 0.33050617648146485,
  "gof_validation_far": -0.009346493008642875,
  "gof_diagnostic": 0.3333333333333333,
  "rmse": 24.394549686978564,
  "mae": 19.95396897379557,
  "theil_u": 0.6694938235185351,
  "directional_accuracy": 0.16040100250626566,
  "n_params": 12,
  "status": "ok",
  "diagnostics_passed": [
    "jarque_bera",
    "forecast_plausibility"
  ],
  "diagnostics_failed": [
    "ljung_box",
    "arch_lm",
    "cusum",
    "adf"
  ],
  "error_summary": "",
  "rmse_1yr": 24.394549686978564,
  "rmse_3yr": 115.77525187178547,
  "insample_rmse": 3.0159387749877578,
  "naive_insample_rmse": 6.6734637289322345,
  "gof_volatility_near": NaN,
  "gof_volatility_far": NaN,
  "gof_volatility_weighted": NaN,
  "validation_coverage_90": NaN,
  "fit_attempts": [],
  "fit_strategy": "",
  "fit_scaled": false,
  "fit_recovered": false
}