{
  "experiment_id": "20260330_arimax_garch_full20_300",
  "trial_id": "20260330_arimax_garch_full20_300_051",
  "model_class": "ARIMAX-GARCH",
  "champion_eligible": true,
  "description": "ARIMAX-GARCH(1, 1, 0) trend=t GARCH(1,1) dist=normal with personal_consumption, per_capita_income",
  "gof_composite": -0.5010267988418837,
  "gof_insample": -1.70542034679064,
  "gof_validation_near": 0.19149923690064263,
  "gof_validation_far": 0.010894672741382339,
  "gof_diagnostic": 0.5555555555555556,
  "rmse": 29.459587743069477,
  "mae": 20.731766165846434,
  "theil_u": 0.8085007630993574,
  "directional_accuracy": 0.8320802005012531,
  "n_params": 8,
  "status": "ok",
  "diagnostics_passed": [
    "arch_lm",
    "cusum",
    "adf",
    "forecast_plausibility",
    "std_resid_unit_variance"
  ],
  "diagnostics_failed": [
    "ljung_box",
    "jarque_bera",
    "economic_sign",
    "volatility_coverage_90"
  ],
  "error_summary": "",
  "rmse_1yr": 29.459587743069477,
  "rmse_3yr": 113.4535258053457,
  "insample_rmse": 18.054524555822603,
  "naive_insample_rmse": 6.6734637289322345,
  "gof_volatility_near": -0.3453494209550285,
  "gof_volatility_far": -0.44645837589888204,
  "gof_volatility_weighted": -0.37568210743818453,
  "validation_coverage_90": 0.3075,
  "fit_attempts": [],
  "fit_strategy": "",
  "fit_scaled": false,
  "fit_recovered": false
}