{
  "experiment_id": "20260325_arimax_garch_60_volaware",
  "trial_id": "20260325_arimax_garch_60_volaware_005",
  "model_class": "ARIMAX-GARCH",
  "champion_eligible": true,
  "description": "ARIMAX-GARCH(1, 1, 0) trend=t GARCH(1,1) dist=normal with mortgage_rate, real_gdp",
  "gof_composite": -0.5481561205836788,
  "gof_insample": -1.8307319782318028,
  "gof_validation_near": 0.1721063473472817,
  "gof_validation_far": -0.03361531308955801,
  "gof_diagnostic": 0.4444444444444444,
  "rmse": 30.166212346859346,
  "mae": 21.138219576253004,
  "theil_u": 0.8278936526527183,
  "directional_accuracy": 0.8320802005012531,
  "n_params": 8,
  "status": "ok",
  "diagnostics_passed": [
    "cusum",
    "economic_sign",
    "forecast_plausibility",
    "std_resid_unit_variance"
  ],
  "diagnostics_failed": [
    "ljung_box",
    "jarque_bera",
    "arch_lm",
    "adf",
    "volatility_coverage_90"
  ],
  "error_summary": "",
  "rmse_1yr": 30.166212346859346,
  "rmse_3yr": 118.55896269553223,
  "insample_rmse": 18.890787183058528,
  "naive_insample_rmse": 6.6734637289322345,
  "gof_volatility_near": -0.2910244938768769,
  "gof_volatility_far": -0.4282232087732465,
  "gof_volatility_weighted": -0.33218410834578777,
  "validation_coverage_90": 0.3375,
  "fit_attempts": [],
  "fit_strategy": "",
  "fit_scaled": false,
  "fit_recovered": false
}