{
  "experiment_id": "20260330_tcn_full20_300",
  "trial_id": "20260330_tcn_full20_300_029",
  "model_class": "TCN",
  "champion_eligible": true,
  "description": "TCN lookback=8 channels=16 num_blocks=2 kernel_size=2 epochs=75 learning_rate=0.01 with fed_funds",
  "gof_composite": 0.039628195854317726,
  "gof_insample": 0.23489419757277896,
  "gof_validation_near": -0.010916767036771136,
  "gof_validation_far": -0.5589463203017153,
  "gof_diagnostic": 0.3333333333333333,
  "rmse": 36.83508112632424,
  "mae": 29.40481218465169,
  "theil_u": 1.0109167670367711,
  "directional_accuracy": 0.6165413533834586,
  "n_params": 7,
  "status": "ok",
  "diagnostics_passed": [
    "cusum",
    "adf"
  ],
  "diagnostics_failed": [
    "ljung_box",
    "jarque_bera",
    "arch_lm",
    "forecast_plausibility"
  ],
  "error_summary": "",
  "rmse_1yr": 36.83508112632424,
  "rmse_3yr": 178.8160994640507,
  "insample_rmse": 5.105905821293652,
  "naive_insample_rmse": 6.6734637289322345,
  "gof_volatility_near": NaN,
  "gof_volatility_far": NaN,
  "gof_volatility_weighted": NaN,
  "validation_coverage_90": NaN,
  "fit_attempts": [],
  "fit_strategy": "",
  "fit_scaled": false,
  "fit_recovered": false
}