{
  "experiment_id": "20260330_ets_300",
  "trial_id": "20260330_ets_300_001",
  "model_class": "ETS",
  "champion_eligible": true,
  "description": "ETS(error=add, trend=none, damped_trend=False)",
  "gof_composite": 0.04132720466824095,
  "gof_insample": -0.1782669344580683,
  "gof_validation_near": 0.2909992537196677,
  "gof_validation_far": -0.03921618011388062,
  "gof_diagnostic": 0.16666666666666666,
  "rmse": 25.834075424837145,
  "mae": 20.974596621736236,
  "theil_u": 0.7090007462803323,
  "directional_accuracy": 0.015037593984962405,
  "n_params": 2,
  "status": "ok",
  "diagnostics_passed": [
    "forecast_plausibility"
  ],
  "diagnostics_failed": [
    "ljung_box",
    "jarque_bera",
    "arch_lm",
    "cusum",
    "adf"
  ],
  "error_summary": "",
  "rmse_1yr": 25.834075424837145,
  "rmse_3yr": 119.20139995066002,
  "insample_rmse": 7.863121650106093,
  "naive_insample_rmse": 6.6734637289322345,
  "gof_volatility_near": NaN,
  "gof_volatility_far": NaN,
  "gof_volatility_weighted": NaN,
  "validation_coverage_90": NaN,
  "fit_attempts": [],
  "fit_strategy": "",
  "fit_scaled": false,
  "fit_recovered": false
}