{
  "experiment_id": "20260330_arimax_garch_full20_300",
  "trial_id": "20260330_arimax_garch_full20_300_088",
  "model_class": "ARIMAX-GARCH",
  "champion_eligible": true,
  "description": "ARIMAX-GARCH(1, 1, 1) trend=t GARCH(1,1) dist=normal with consumer_confidence, treasury_10y",
  "gof_composite": -0.765034675277519,
  "gof_insample": -1.5913940874723678,
  "gof_validation_near": -0.10281510872544586,
  "gof_validation_far": -1.8232396234735906,
  "gof_diagnostic": 0.4444444444444444,
  "rmse": 40.18360890017792,
  "mae": 23.673052765662582,
  "theil_u": 1.1028151087254459,
  "directional_accuracy": 0.7343358395989975,
  "n_params": 9,
  "status": "ok",
  "diagnostics_passed": [
    "arch_lm",
    "cusum",
    "forecast_plausibility",
    "std_resid_unit_variance"
  ],
  "diagnostics_failed": [
    "ljung_box",
    "jarque_bera",
    "adf",
    "economic_sign",
    "volatility_coverage_90"
  ],
  "error_summary": "",
  "rmse_1yr": 40.18360890017792,
  "rmse_3yr": 323.83456104133,
  "insample_rmse": 17.293574450116292,
  "naive_insample_rmse": 6.6734637289322345,
  "gof_volatility_near": -0.5023691601606508,
  "gof_volatility_far": -0.4815806789789159,
  "gof_volatility_weighted": -0.4961326158061303,
  "validation_coverage_90": 0.2125,
  "fit_attempts": [],
  "fit_strategy": "",
  "fit_scaled": false,
  "fit_recovered": false
}