{
  "experiment_id": "20260330_svr_full20_300",
  "trial_id": "20260330_svr_full20_300_080",
  "model_class": "Support Vector Regression",
  "champion_eligible": true,
  "description": "Support Vector Regression kernel=rbf C=50.0 epsilon=1.0 gamma=0.1 lags=[1, 2, 4, 8] with no exogenous variables",
  "gof_composite": 0.012969471391000065,
  "gof_insample": -0.249769144320652,
  "gof_validation_near": 0.23918304373866006,
  "gof_validation_far": 0.08330931429375465,
  "gof_diagnostic": 0.16666666666666666,
  "rmse": 27.722118397854373,
  "mae": 21.693556863970663,
  "theil_u": 0.7608169562613399,
  "directional_accuracy": 0.5137844611528822,
  "n_params": 5,
  "status": "ok",
  "diagnostics_passed": [
    "forecast_plausibility"
  ],
  "diagnostics_failed": [
    "ljung_box",
    "jarque_bera",
    "arch_lm",
    "cusum",
    "adf"
  ],
  "error_summary": "",
  "rmse_1yr": 27.722118397854373,
  "rmse_3yr": 105.14733618364245,
  "insample_rmse": 8.340289054162547,
  "naive_insample_rmse": 6.6734637289322345,
  "gof_volatility_near": NaN,
  "gof_volatility_far": NaN,
  "gof_volatility_weighted": NaN,
  "validation_coverage_90": NaN,
  "fit_attempts": [],
  "fit_strategy": "",
  "fit_scaled": false,
  "fit_recovered": false
}