{
  "experiment_id": "20260330_nbeats_full20_300",
  "trial_id": "20260330_nbeats_full20_300_071",
  "model_class": "N-BEATS",
  "champion_eligible": true,
  "description": "N-BEATS lookback=8 stack_width=64 n_blocks=2 n_layers=2 epochs=75 learning_rate=0.01 with per_capita_income",
  "gof_composite": -0.056976581741404464,
  "gof_insample": 0.5924611773288706,
  "gof_validation_near": -0.5959058362824714,
  "gof_validation_far": -0.6804045109383627,
  "gof_diagnostic": 0.16666666666666666,
  "rmse": 58.150505428604596,
  "mae": 42.977628845214845,
  "theil_u": 1.5959058362824714,
  "directional_accuracy": 0.5288220551378446,
  "n_params": 7,
  "status": "ok",
  "diagnostics_passed": [
    "adf"
  ],
  "diagnostics_failed": [
    "ljung_box",
    "jarque_bera",
    "arch_lm",
    "cusum",
    "forecast_plausibility"
  ],
  "error_summary": "",
  "rmse_1yr": 58.150505428604596,
  "rmse_3yr": 192.74774009514246,
  "insample_rmse": 2.7196955512275274,
  "naive_insample_rmse": 6.6734637289322345,
  "gof_volatility_near": NaN,
  "gof_volatility_far": NaN,
  "gof_volatility_weighted": NaN,
  "validation_coverage_90": NaN,
  "fit_attempts": [],
  "fit_strategy": "",
  "fit_scaled": false,
  "fit_recovered": false
}