{
  "experiment_id": "20260330_arimax_garch_full20_300",
  "trial_id": "20260330_arimax_garch_full20_300_100",
  "model_class": "ARIMAX-GARCH",
  "champion_eligible": true,
  "description": "ARIMAX-GARCH(1, 1, 1) trend=t GARCH(1,1) dist=normal with treasury_10y, new_home_sales",
  "gof_composite": -0.9188866308556347,
  "gof_insample": -2.147131814700693,
  "gof_validation_near": -0.13713558603805232,
  "gof_validation_far": -2.010028790807972,
  "gof_diagnostic": 0.5555555555555556,
  "rmse": 41.43415455074585,
  "mae": 22.717301256241527,
  "theil_u": 1.1371355860380523,
  "directional_accuracy": 0.6967418546365914,
  "n_params": 9,
  "status": "ok",
  "diagnostics_passed": [
    "arch_lm",
    "cusum",
    "economic_sign",
    "forecast_plausibility",
    "std_resid_unit_variance"
  ],
  "diagnostics_failed": [
    "ljung_box",
    "jarque_bera",
    "adf",
    "volatility_coverage_90"
  ],
  "error_summary": "",
  "rmse_1yr": 41.43415455074585,
  "rmse_3yr": 345.25987241344166,
  "insample_rmse": 21.002270015573757,
  "naive_insample_rmse": 6.6734637289322345,
  "gof_volatility_near": -0.34219050971095455,
  "gof_volatility_far": -0.4684336961500679,
  "gof_volatility_weighted": -0.38006346564268856,
  "validation_coverage_90": 0.2625,
  "fit_attempts": [],
  "fit_strategy": "",
  "fit_scaled": false,
  "fit_recovered": false
}