{
  "experiment_id": "20260325_arimax",
  "trial_id": "20260325_arimax_014",
  "model_class": "ARIMAX",
  "champion_eligible": true,
  "description": "ARIMAX(1, 1, 0) trend=t with mortgage_rate, real_gdp",
  "gof_composite": -0.605669295256035,
  "gof_insample": -1.8307319782318028,
  "gof_validation_near": 0.1721063473472817,
  "gof_validation_far": -0.03361531308955801,
  "gof_diagnostic": 0.7142857142857143,
  "rmse": 30.166212346859346,
  "mae": 21.138219576253004,
  "theil_u": 0.8278936526527183,
  "directional_accuracy": 0.8320802005012531,
  "n_params": 5,
  "status": "ok",
  "diagnostics_passed": [
    "ljung_box",
    "cusum",
    "adf",
    "economic_sign",
    "forecast_plausibility"
  ],
  "diagnostics_failed": [
    "jarque_bera",
    "arch_lm"
  ],
  "error_summary": "",
  "rmse_1yr": 30.166212346859346,
  "rmse_3yr": 118.55896269553223,
  "insample_rmse": 18.890787183058528,
  "naive_insample_rmse": 6.6734637289322345
}