{
  "experiment_id": "20260330_random_forest_full20_300",
  "trial_id": "20260330_random_forest_full20_300_088",
  "model_class": "Random Forest",
  "champion_eligible": true,
  "description": "Random Forest n_estimators=200 max_depth=5 min_samples_leaf=4 lags=[1, 4, 8] with treasury_10y",
  "gof_composite": 0.13048813107641133,
  "gof_insample": 0.05498954856053828,
  "gof_validation_near": 0.2278167318506702,
  "gof_validation_far": -0.030512518859145965,
  "gof_diagnostic": 0.3333333333333333,
  "rmse": 28.136276154608627,
  "mae": 23.4801059782711,
  "theil_u": 0.7721832681493298,
  "directional_accuracy": 0.3057644110275689,
  "n_params": 7,
  "status": "ok",
  "diagnostics_passed": [
    "cusum",
    "forecast_plausibility"
  ],
  "diagnostics_failed": [
    "ljung_box",
    "jarque_bera",
    "arch_lm",
    "adf"
  ],
  "error_summary": "",
  "rmse_1yr": 28.136276154608627,
  "rmse_3yr": 118.20306233225709,
  "insample_rmse": 6.306492971143125,
  "naive_insample_rmse": 6.6734637289322345,
  "gof_volatility_near": NaN,
  "gof_volatility_far": NaN,
  "gof_volatility_weighted": NaN,
  "validation_coverage_90": NaN,
  "fit_attempts": [],
  "fit_strategy": "",
  "fit_scaled": false,
  "fit_recovered": false
}