{
  "experiment_id": "20260325_var_refine_20",
  "trial_id": "20260325_var_refine_20_007",
  "model_class": "VAR",
  "champion_eligible": true,
  "description": "VAR(6) trend=c with term_spread",
  "gof_composite": 0.12816407017830175,
  "gof_insample": 0.46289673627329353,
  "gof_validation_near": 0.04395330089483851,
  "gof_validation_far": -1.0380774198502833,
  "gof_diagnostic": 0.8333333333333334,
  "rmse": 34.835763804095826,
  "mae": 21.492877245889,
  "theil_u": 0.9560466991051615,
  "directional_accuracy": 0.5538847117794486,
  "n_params": 26,
  "status": "ok",
  "diagnostics_passed": [
    "ljung_box",
    "arch_lm",
    "cusum",
    "adf",
    "forecast_plausibility"
  ],
  "diagnostics_failed": [
    "jarque_bera"
  ],
  "error_summary": "",
  "rmse_1yr": 34.835763804095826,
  "rmse_3yr": 233.77395993522785,
  "insample_rmse": 3.5843391491712997,
  "naive_insample_rmse": 6.6734637289322345,
  "gof_volatility_near": NaN,
  "gof_volatility_far": NaN,
  "gof_volatility_weighted": NaN,
  "validation_coverage_90": NaN,
  "fit_attempts": [],
  "fit_strategy": "",
  "fit_scaled": false,
  "fit_recovered": false
}