{
  "experiment_id": "20260325_arimax_60",
  "trial_id": "20260325_arimax_60_047",
  "model_class": "ARIMAX",
  "champion_eligible": true,
  "description": "ARIMAX(2, 1, 0) trend=t with mortgage_rate, fed_funds",
  "gof_composite": -0.6215637943539275,
  "gof_insample": -1.8473443101375429,
  "gof_validation_near": 0.1768779592303601,
  "gof_validation_far": -0.10641284972071796,
  "gof_diagnostic": 0.7142857142857143,
  "rmse": 29.992347676148892,
  "mae": 20.16628998215321,
  "theil_u": 0.8231220407696399,
  "directional_accuracy": 0.7844611528822055,
  "n_params": 6,
  "status": "ok",
  "diagnostics_passed": [
    "ljung_box",
    "cusum",
    "adf",
    "economic_sign",
    "forecast_plausibility"
  ],
  "diagnostics_failed": [
    "jarque_bera",
    "arch_lm"
  ],
  "error_summary": "",
  "rmse_1yr": 29.992347676148892,
  "rmse_3yr": 126.90907160015186,
  "insample_rmse": 19.001648977484468,
  "naive_insample_rmse": 6.6734637289322345
}