{
  "experiment_id": "20260325_vecm_60",
  "trial_id": "20260325_vecm_60_024",
  "model_class": "VECM",
  "champion_eligible": true,
  "description": "VECM(k_ar_diff=4) deterministic=ci with housing_inventory",
  "gof_composite": 0.14701388919965308,
  "gof_insample": 0.5013481269606266,
  "gof_validation_near": 0.020003413989981955,
  "gof_validation_far": -0.8479548209850527,
  "gof_diagnostic": 0.6666666666666666,
  "rmse": 35.708433103757955,
  "mae": 21.101637208638195,
  "theil_u": 0.979996586010018,
  "directional_accuracy": 0.5839598997493735,
  "n_params": 21,
  "status": "ok",
  "diagnostics_passed": [
    "ljung_box",
    "cusum",
    "adf",
    "forecast_plausibility"
  ],
  "diagnostics_failed": [
    "jarque_bera",
    "arch_lm"
  ],
  "error_summary": "",
  "rmse_1yr": 35.708433103757955,
  "rmse_3yr": 211.96629336819097,
  "insample_rmse": 3.3277351880923796,
  "naive_insample_rmse": 6.6734637289322345
}