{
  "experiment_id": "20260330_xgboost_full20_300",
  "trial_id": "20260330_xgboost_full20_300_100",
  "model_class": "XGBoost",
  "champion_eligible": true,
  "description": "XGBoost n_estimators=500 learning_rate=0.03 max_depth=2 subsample=0.8 colsample_bytree=0.8 lags=[1, 2, 4, 8] with consumer_confidence",
  "gof_composite": 0.5042492920689817,
  "gof_insample": 0.8007009410576995,
  "gof_validation_near": 0.3256382786005658,
  "gof_validation_far": 0.022192343126914316,
  "gof_diagnostic": 0.6666666666666666,
  "rmse": 24.57192275982132,
  "mae": 19.309000539143874,
  "theil_u": 0.6743617213994342,
  "directional_accuracy": 0.3283208020050125,
  "n_params": 12,
  "status": "ok",
  "diagnostics_passed": [
    "ljung_box",
    "cusum",
    "adf",
    "forecast_plausibility"
  ],
  "diagnostics_failed": [
    "jarque_bera",
    "arch_lm"
  ],
  "error_summary": "",
  "rmse_1yr": 24.57192275982132,
  "rmse_3yr": 112.15764709222853,
  "insample_rmse": 1.3300150410617697,
  "naive_insample_rmse": 6.6734637289322345,
  "gof_volatility_near": NaN,
  "gof_volatility_far": NaN,
  "gof_volatility_weighted": NaN,
  "validation_coverage_90": NaN,
  "fit_attempts": [],
  "fit_strategy": "",
  "fit_scaled": false,
  "fit_recovered": false
}