{
  "experiment_id": "20260331_vecm_full20_300",
  "trial_id": "20260331_vecm_full20_300_064",
  "model_class": "VECM",
  "champion_eligible": true,
  "description": "VECM(k_ar_diff=1) deterministic=ci with fed_funds, mortgage_rate",
  "gof_composite": -0.2638471486700288,
  "gof_insample": 0.2665846152109902,
  "gof_validation_near": -0.24195870874253345,
  "gof_validation_far": -2.12752520018581,
  "gof_diagnostic": 0.3333333333333333,
  "rmse": 45.253626494071284,
  "mae": 28.76768743613475,
  "theil_u": 1.2419587087425334,
  "directional_accuracy": 0.5012531328320802,
  "n_params": 16,
  "status": "ok",
  "diagnostics_passed": [
    "adf",
    "forecast_plausibility"
  ],
  "diagnostics_failed": [
    "ljung_box",
    "jarque_bera",
    "arch_lm",
    "cusum"
  ],
  "error_summary": "",
  "rmse_1yr": 45.253626494071284,
  "rmse_3yr": 358.7370841380314,
  "insample_rmse": 4.894420968630335,
  "naive_insample_rmse": 6.6734637289322345,
  "gof_volatility_near": NaN,
  "gof_volatility_far": NaN,
  "gof_volatility_weighted": NaN,
  "validation_coverage_90": NaN,
  "fit_attempts": [],
  "fit_strategy": "",
  "fit_scaled": false,
  "fit_recovered": false
}