{
  "experiment_id": "20260329_tcn_300",
  "trial_id": "20260329_tcn_300_007",
  "model_class": "TCN",
  "champion_eligible": true,
  "description": "TCN lookback=8 channels=32 num_blocks=2 kernel_size=2 epochs=75 learning_rate=0.01 with no exogenous variables",
  "gof_composite": 0.1146401595528265,
  "gof_insample": 0.095368740481372,
  "gof_validation_near": 0.14365194625129296,
  "gof_validation_far": -0.047459007740054515,
  "gof_diagnostic": 0.3333333333333333,
  "rmse": 31.203013997547163,
  "mae": 23.443821797688802,
  "theil_u": 0.856348053748707,
  "directional_accuracy": 0.5012531328320802,
  "n_params": 7,
  "status": "ok",
  "diagnostics_passed": [
    "adf",
    "forecast_plausibility"
  ],
  "diagnostics_failed": [
    "ljung_box",
    "jarque_bera",
    "arch_lm",
    "cusum"
  ],
  "error_summary": "",
  "rmse_1yr": 31.203013997547163,
  "rmse_3yr": 120.1468784866892,
  "insample_rmse": 6.037023898455847,
  "naive_insample_rmse": 6.6734637289322345,
  "gof_volatility_near": NaN,
  "gof_volatility_far": NaN,
  "gof_volatility_weighted": NaN,
  "validation_coverage_90": NaN,
  "fit_attempts": [],
  "fit_strategy": "",
  "fit_scaled": false,
  "fit_recovered": false
}