{
  "experiment_id": "20260330_xgboost_full20_300",
  "trial_id": "20260330_xgboost_full20_300_041",
  "model_class": "XGBoost",
  "champion_eligible": true,
  "description": "XGBoost n_estimators=200 learning_rate=0.05 max_depth=3 subsample=0.8 colsample_bytree=0.8 lags=[1, 2, 4, 8] with no exogenous variables",
  "gof_composite": 0.46343680609531945,
  "gof_insample": 0.7929345335574034,
  "gof_validation_near": 0.24542071295342538,
  "gof_validation_far": -0.04200615685338294,
  "gof_diagnostic": 0.6666666666666666,
  "rmse": 27.494834551095604,
  "mae": 22.614460937499995,
  "theil_u": 0.7545792870465746,
  "directional_accuracy": 0.11278195488721804,
  "n_params": 11,
  "status": "ok",
  "diagnostics_passed": [
    "ljung_box",
    "arch_lm",
    "cusum",
    "adf"
  ],
  "diagnostics_failed": [
    "jarque_bera",
    "forecast_plausibility"
  ],
  "error_summary": "",
  "rmse_1yr": 27.494834551095604,
  "rmse_3yr": 119.52141915315359,
  "insample_rmse": 1.381843879819103,
  "naive_insample_rmse": 6.6734637289322345,
  "gof_volatility_near": NaN,
  "gof_volatility_far": NaN,
  "gof_volatility_weighted": NaN,
  "validation_coverage_90": NaN,
  "fit_attempts": [],
  "fit_strategy": "",
  "fit_scaled": false,
  "fit_recovered": false
}