{
  "experiment_id": "20260325_arimax_garch_60_volaware",
  "trial_id": "20260325_arimax_garch_60_volaware_030",
  "model_class": "ARIMAX-GARCH",
  "champion_eligible": true,
  "description": "ARIMAX-GARCH(1, 1, 1) trend=t GARCH(1,1) dist=normal with mortgage_rate, consumer_confidence, housing_inventory",
  "gof_composite": -0.7777697022728114,
  "gof_insample": -1.4907417578050497,
  "gof_validation_near": -0.1288839870676617,
  "gof_validation_far": -2.101877853493971,
  "gof_diagnostic": 0.4444444444444444,
  "rmse": 41.13348853410912,
  "mae": 22.466034497218114,
  "theil_u": 1.1288839870676617,
  "directional_accuracy": 0.731829573934837,
  "n_params": 10,
  "status": "ok",
  "diagnostics_passed": [
    "arch_lm",
    "cusum",
    "forecast_plausibility",
    "std_resid_unit_variance"
  ],
  "diagnostics_failed": [
    "ljung_box",
    "jarque_bera",
    "adf",
    "economic_sign",
    "volatility_coverage_90"
  ],
  "error_summary": "",
  "rmse_1yr": 41.13348853410912,
  "rmse_3yr": 355.795251929114,
  "insample_rmse": 16.621874778848916,
  "naive_insample_rmse": 6.6734637289322345,
  "gof_volatility_near": -0.5216559115074575,
  "gof_volatility_far": -0.5505740366083103,
  "gof_volatility_weighted": -0.5303313490377133,
  "validation_coverage_90": 0.245,
  "fit_attempts": [],
  "fit_strategy": "",
  "fit_scaled": false,
  "fit_recovered": false
}