{
  "experiment_id": "20260325_var_60",
  "trial_id": "20260325_var_60_022",
  "model_class": "VAR",
  "champion_eligible": true,
  "description": "VAR(1) trend=c with housing_inventory",
  "gof_composite": -0.0808161887382116,
  "gof_insample": 0.29431561424179276,
  "gof_validation_near": -0.13304489169685008,
  "gof_validation_far": -1.3465114822735411,
  "gof_diagnostic": 0.5,
  "rmse": 41.28510067921609,
  "mae": 24.317509273030048,
  "theil_u": 1.13304489169685,
  "directional_accuracy": 0.40852130325814534,
  "n_params": 3,
  "status": "ok",
  "diagnostics_passed": [
    "cusum",
    "adf",
    "forecast_plausibility"
  ],
  "diagnostics_failed": [
    "ljung_box",
    "jarque_bera",
    "arch_lm"
  ],
  "error_summary": "",
  "rmse_1yr": 41.28510067921609,
  "rmse_3yr": 269.15232753271147,
  "insample_rmse": 4.709359152431219,
  "naive_insample_rmse": 6.6734637289322345
}