{
  "experiment_id": "20260325_vecm_60",
  "trial_id": "20260325_vecm_60_051",
  "model_class": "VECM",
  "champion_eligible": true,
  "description": "VECM(k_ar_diff=4) deterministic=ci with mortgage_rate, real_gdp, building_permits",
  "gof_composite": 0.11288739881182618,
  "gof_insample": 0.4903508034042019,
  "gof_validation_near": -0.04147413133923239,
  "gof_validation_far": -0.9026909549852662,
  "gof_diagnostic": 0.6666666666666666,
  "rmse": 37.94850908576659,
  "mae": 23.491348445241677,
  "theil_u": 1.0414741313392324,
  "directional_accuracy": 0.5939849624060151,
  "n_params": 73,
  "status": "ok",
  "diagnostics_passed": [
    "ljung_box",
    "cusum",
    "adf",
    "forecast_plausibility"
  ],
  "diagnostics_failed": [
    "jarque_bera",
    "arch_lm"
  ],
  "error_summary": "",
  "rmse_1yr": 37.94850908576659,
  "rmse_3yr": 218.24470196648414,
  "insample_rmse": 3.401125427961512,
  "naive_insample_rmse": 6.6734637289322345
}