{
  "experiment_id": "20260331_var_full20_300",
  "trial_id": "20260331_var_full20_300_024",
  "model_class": "VAR",
  "champion_eligible": true,
  "description": "VAR(4) trend=c with per_capita_income",
  "gof_composite": -0.0830832048232351,
  "gof_insample": 0.44799436780411295,
  "gof_validation_near": -0.2300063175814484,
  "gof_validation_far": -1.6563027163869335,
  "gof_diagnostic": 0.6666666666666666,
  "rmse": 44.81811358892614,
  "mae": 29.760099841100523,
  "theil_u": 1.2300063175814484,
  "directional_accuracy": 0.40601503759398494,
  "n_params": 18,
  "status": "ok",
  "diagnostics_passed": [
    "ljung_box",
    "cusum",
    "adf",
    "forecast_plausibility"
  ],
  "diagnostics_failed": [
    "jarque_bera",
    "arch_lm"
  ],
  "error_summary": "",
  "rmse_1yr": 44.81811358892614,
  "rmse_3yr": 304.68636703805515,
  "insample_rmse": 3.6837895646255596,
  "naive_insample_rmse": 6.6734637289322345,
  "gof_volatility_near": NaN,
  "gof_volatility_far": NaN,
  "gof_volatility_weighted": NaN,
  "validation_coverage_90": NaN,
  "fit_attempts": [],
  "fit_strategy": "",
  "fit_scaled": false,
  "fit_recovered": false
}