{
  "experiment_id": "20260330_arimax_garch_full20_300",
  "trial_id": "20260330_arimax_garch_full20_300_050",
  "model_class": "ARIMAX-GARCH",
  "champion_eligible": true,
  "description": "ARIMAX-GARCH(1, 1, 0) trend=t GARCH(1,1) dist=normal with new_home_sales, population",
  "gof_composite": -0.7302206113515662,
  "gof_insample": -2.4297434411144407,
  "gof_validation_near": 0.1561769485697876,
  "gof_validation_far": -0.022706964818242747,
  "gof_diagnostic": 0.4444444444444444,
  "rmse": 30.74663668583089,
  "mae": 21.336585836233727,
  "theil_u": 0.8438230514302124,
  "directional_accuracy": 0.8195488721804511,
  "n_params": 8,
  "status": "ok",
  "diagnostics_passed": [
    "cusum",
    "economic_sign",
    "forecast_plausibility",
    "std_resid_unit_variance"
  ],
  "diagnostics_failed": [
    "ljung_box",
    "jarque_bera",
    "arch_lm",
    "adf",
    "volatility_coverage_90"
  ],
  "error_summary": "",
  "rmse_1yr": 30.74663668583089,
  "rmse_3yr": 117.30774046672933,
  "insample_rmse": 22.888268453820448,
  "naive_insample_rmse": 6.6734637289322345,
  "gof_volatility_near": -0.28864767876073016,
  "gof_volatility_far": -0.4266962711889757,
  "gof_volatility_weighted": -0.3300622564892038,
  "validation_coverage_90": 0.3225,
  "fit_attempts": [],
  "fit_strategy": "",
  "fit_scaled": false,
  "fit_recovered": false
}