{
  "experiment_id": "20260330_arimax_full20_300",
  "trial_id": "20260330_arimax_full20_300_021",
  "model_class": "ARIMAX",
  "champion_eligible": true,
  "description": "ARIMAX(1, 1, 0) trend=t with treasury_10y, fed_funds",
  "gof_composite": -0.6383832690324943,
  "gof_insample": -1.9420360203630436,
  "gof_validation_near": 0.20470742797157848,
  "gof_validation_far": -0.030966880706003952,
  "gof_diagnostic": 0.7142857142857143,
  "rmse": 28.978316875383673,
  "mae": 19.559929347070092,
  "theil_u": 0.7952925720284215,
  "directional_accuracy": 0.8045112781954887,
  "n_params": 5,
  "status": "ok",
  "diagnostics_passed": [
    "ljung_box",
    "cusum",
    "adf",
    "economic_sign",
    "forecast_plausibility"
  ],
  "diagnostics_failed": [
    "jarque_bera",
    "arch_lm"
  ],
  "error_summary": "",
  "rmse_1yr": 28.978316875383673,
  "rmse_3yr": 118.2551790806931,
  "insample_rmse": 19.63357067110491,
  "naive_insample_rmse": 6.6734637289322345,
  "gof_volatility_near": NaN,
  "gof_volatility_far": NaN,
  "gof_volatility_weighted": NaN,
  "validation_coverage_90": NaN,
  "fit_attempts": [],
  "fit_strategy": "",
  "fit_scaled": false,
  "fit_recovered": false
}