{
  "experiment_id": "20260325_var_60",
  "trial_id": "20260325_var_60_032",
  "model_class": "VAR",
  "champion_eligible": true,
  "description": "VAR(2) trend=c with mortgage_rate, real_gdp",
  "gof_composite": -0.04643911332317162,
  "gof_insample": 0.29685367860441036,
  "gof_validation_near": -0.14485258059473116,
  "gof_validation_far": -1.0965478770451993,
  "gof_diagnostic": 0.5,
  "rmse": 41.71534102406935,
  "mae": 27.50335497404786,
  "theil_u": 1.1448525805947312,
  "directional_accuracy": 0.7969924812030075,
  "n_params": 7,
  "status": "ok",
  "diagnostics_passed": [
    "cusum",
    "adf",
    "forecast_plausibility"
  ],
  "diagnostics_failed": [
    "ljung_box",
    "jarque_bera",
    "arch_lm"
  ],
  "error_summary": "",
  "rmse_1yr": 41.71534102406935,
  "rmse_3yr": 240.48070727688813,
  "insample_rmse": 4.692421471965595,
  "naive_insample_rmse": 6.6734637289322345
}