{
  "experiment_id": "20260330_ardl_300",
  "trial_id": "20260330_ardl_300_049",
  "model_class": "ARDL",
  "champion_eligible": true,
  "description": "ARDL(ar_lags=4, distributed_lags=1) trend=c with unemployment_rate",
  "gof_composite": 0.014333275806492352,
  "gof_insample": 0.4382668682701689,
  "gof_validation_near": -0.055628735093172565,
  "gof_validation_far": -1.5147846662216704,
  "gof_diagnostic": 0.8571428571428571,
  "rmse": 38.464264679687204,
  "mae": 23.362812014258473,
  "theil_u": 1.0556287350931726,
  "directional_accuracy": 0.39849624060150374,
  "n_params": 7,
  "status": "ok",
  "diagnostics_passed": [
    "ljung_box",
    "arch_lm",
    "cusum",
    "adf",
    "economic_sign",
    "forecast_plausibility"
  ],
  "diagnostics_failed": [
    "jarque_bera"
  ],
  "error_summary": "",
  "rmse_1yr": 38.464264679687204,
  "rmse_3yr": 288.4537967405657,
  "insample_rmse": 3.7487056799385408,
  "naive_insample_rmse": 6.6734637289322345,
  "gof_volatility_near": NaN,
  "gof_volatility_far": NaN,
  "gof_volatility_weighted": NaN,
  "validation_coverage_90": NaN,
  "fit_attempts": [],
  "fit_strategy": "",
  "fit_scaled": false,
  "fit_recovered": false
}