{
  "experiment_id": "20260329_xgboost_300",
  "trial_id": "20260329_xgboost_300_029",
  "model_class": "XGBoost",
  "champion_eligible": true,
  "description": "XGBoost n_estimators=500 learning_rate=0.03 max_depth=3 subsample=0.8 colsample_bytree=0.8 lags=[1, 4, 8] with no exogenous variables",
  "gof_composite": 0.49662944885099813,
  "gof_insample": 0.8609089254583824,
  "gof_validation_near": 0.20466246851525982,
  "gof_validation_far": -0.017995457640194168,
  "gof_diagnostic": 0.8333333333333334,
  "rmse": 28.97995507674198,
  "mae": 23.877358123779292,
  "theil_u": 0.7953375314847402,
  "directional_accuracy": 0.15288220551378445,
  "n_params": 10,
  "status": "ok",
  "diagnostics_passed": [
    "jarque_bera",
    "arch_lm",
    "cusum",
    "adf",
    "forecast_plausibility"
  ],
  "diagnostics_failed": [
    "ljung_box"
  ],
  "error_summary": "",
  "rmse_1yr": 28.97995507674198,
  "rmse_3yr": 116.76731561360643,
  "insample_rmse": 0.9282192409716952,
  "naive_insample_rmse": 6.6734637289322345,
  "gof_volatility_near": NaN,
  "gof_volatility_far": NaN,
  "gof_volatility_weighted": NaN,
  "validation_coverage_90": NaN,
  "fit_attempts": [],
  "fit_strategy": "",
  "fit_scaled": false,
  "fit_recovered": false
}