{
  "experiment_id": "20260325_vecm_60",
  "trial_id": "20260325_vecm_60_015",
  "model_class": "VECM",
  "champion_eligible": true,
  "description": "VECM(k_ar_diff=4) deterministic=ci with housing_starts",
  "gof_composite": 0.0824008420110298,
  "gof_insample": 0.4574795360558176,
  "gof_validation_near": 0.022335079375428002,
  "gof_validation_far": -1.0560550012846468,
  "gof_diagnostic": 0.5,
  "rmse": 35.62347350428064,
  "mae": 19.042630248613186,
  "theil_u": 0.977664920624572,
  "directional_accuracy": 0.5789473684210527,
  "n_params": 21,
  "status": "ok",
  "diagnostics_passed": [
    "ljung_box",
    "adf",
    "forecast_plausibility"
  ],
  "diagnostics_failed": [
    "jarque_bera",
    "arch_lm",
    "cusum"
  ],
  "error_summary": "",
  "rmse_1yr": 35.62347350428064,
  "rmse_3yr": 235.83604568380454,
  "insample_rmse": 3.620490638334989,
  "naive_insample_rmse": 6.6734637289322345
}