{
  "experiment_id": "20260325_state_space_60",
  "trial_id": "20260325_state_space_60_044",
  "model_class": "State-Space",
  "champion_eligible": true,
  "description": "State-Space(local level, cycle) with mortgage_rate, consumer_confidence, housing_inventory",
  "gof_composite": -0.6687325697689182,
  "gof_insample": -1.4509294549324232,
  "gof_validation_near": -0.12262119105041402,
  "gof_validation_far": -0.4934319966648828,
  "gof_diagnostic": 0.2857142857142857,
  "rmse": 40.905289134420514,
  "mae": 29.763724994050524,
  "theil_u": 1.122621191050414,
  "directional_accuracy": 0.5739348370927319,
  "n_params": 7,
  "status": "ok",
  "diagnostics_passed": [
    "ljung_box",
    "forecast_plausibility"
  ],
  "diagnostics_failed": [
    "jarque_bera",
    "arch_lm",
    "cusum",
    "adf",
    "economic_sign"
  ],
  "error_summary": "",
  "rmse_1yr": 40.905289134420514,
  "rmse_3yr": 171.3013982461816,
  "insample_rmse": 16.356188819663178,
  "naive_insample_rmse": 6.6734637289322345
}