{
  "experiment_id": "20260330_lstm_gru_full20_300",
  "trial_id": "20260330_lstm_gru_full20_300_071",
  "model_class": "LSTM / GRU",
  "champion_eligible": true,
  "description": "LSTM lookback=8 hidden_size=32 num_layers=1 epochs=75 learning_rate=0.01 with mortgage_rate",
  "gof_composite": -0.009801222602659074,
  "gof_insample": -0.15475626939630382,
  "gof_validation_near": 0.0043298690919006955,
  "gof_validation_far": -0.10720557128646302,
  "gof_diagnostic": 0.6666666666666666,
  "rmse": 36.27953481725531,
  "mae": 29.24495028686523,
  "theil_u": 0.9956701309080993,
  "directional_accuracy": 0.44611528822055135,
  "n_params": 8,
  "status": "ok",
  "diagnostics_passed": [
    "jarque_bera",
    "cusum",
    "adf",
    "forecast_plausibility"
  ],
  "diagnostics_failed": [
    "ljung_box",
    "arch_lm"
  ],
  "error_summary": "",
  "rmse_1yr": 36.27953481725531,
  "rmse_3yr": 126.99999928412764,
  "insample_rmse": 7.706224079573333,
  "naive_insample_rmse": 6.6734637289322345,
  "gof_volatility_near": NaN,
  "gof_volatility_far": NaN,
  "gof_volatility_weighted": NaN,
  "validation_coverage_90": NaN,
  "fit_attempts": [],
  "fit_strategy": "",
  "fit_scaled": false,
  "fit_recovered": false
}