{
  "experiment_id": "20260330_arimax_full20_300",
  "trial_id": "20260330_arimax_full20_300_022",
  "model_class": "ARIMAX",
  "champion_eligible": true,
  "description": "ARIMAX(1, 1, 0) trend=t with treasury_10y, mortgage_rate",
  "gof_composite": -0.5984604080425739,
  "gof_insample": -1.7813971412683864,
  "gof_validation_near": 0.1737332563201135,
  "gof_validation_far": -0.02567365593410753,
  "gof_diagnostic": 0.5714285714285714,
  "rmse": 30.10693217073262,
  "mae": 21.12965018451474,
  "theil_u": 0.8262667436798865,
  "directional_accuracy": 0.8295739348370927,
  "n_params": 5,
  "status": "ok",
  "diagnostics_passed": [
    "ljung_box",
    "cusum",
    "adf",
    "forecast_plausibility"
  ],
  "diagnostics_failed": [
    "jarque_bera",
    "arch_lm",
    "economic_sign"
  ],
  "error_summary": "",
  "rmse_1yr": 30.10693217073262,
  "rmse_3yr": 117.64802937003866,
  "insample_rmse": 18.561552938010383,
  "naive_insample_rmse": 6.6734637289322345,
  "gof_volatility_near": NaN,
  "gof_volatility_far": NaN,
  "gof_volatility_weighted": NaN,
  "validation_coverage_90": NaN,
  "fit_attempts": [],
  "fit_strategy": "",
  "fit_scaled": false,
  "fit_recovered": false
}