{
  "experiment_id": "20260329_nbeats_300",
  "trial_id": "20260329_nbeats_300_032",
  "model_class": "N-BEATS",
  "champion_eligible": true,
  "description": "N-BEATS lookback=8 stack_width=64 n_blocks=3 n_layers=2 epochs=75 learning_rate=0.01 with mortgage_rate, unemployment_rate",
  "gof_composite": 0.30939360826449014,
  "gof_insample": 0.6283429674506875,
  "gof_validation_near": 0.17787732030464165,
  "gof_validation_far": -0.13911538326050743,
  "gof_diagnostic": 0.16666666666666666,
  "rmse": 29.955933653307472,
  "mae": 22.025425445556643,
  "theil_u": 0.8221226796953583,
  "directional_accuracy": 0.7117794486215538,
  "n_params": 7,
  "status": "ok",
  "diagnostics_passed": [
    "jarque_bera"
  ],
  "diagnostics_failed": [
    "ljung_box",
    "arch_lm",
    "cusum",
    "adf",
    "forecast_plausibility"
  ],
  "error_summary": "",
  "rmse_1yr": 29.955933653307472,
  "rmse_3yr": 130.66015617184237,
  "insample_rmse": 2.4802397263204234,
  "naive_insample_rmse": 6.6734637289322345,
  "gof_volatility_near": NaN,
  "gof_volatility_far": NaN,
  "gof_volatility_weighted": NaN,
  "validation_coverage_90": NaN,
  "fit_attempts": [],
  "fit_strategy": "",
  "fit_scaled": false,
  "fit_recovered": false
}