{
  "experiment_id": "20260325_state_space_60",
  "trial_id": "20260325_state_space_60_048",
  "model_class": "State-Space",
  "champion_eligible": true,
  "description": "State-Space(local linear trend, cycle) with mortgage_rate, unemployment_rate",
  "gof_composite": -0.6162683605762405,
  "gof_insample": -1.7642901263902382,
  "gof_validation_near": 0.1964088965303924,
  "gof_validation_far": -0.33815996822902616,
  "gof_diagnostic": 0.7142857142857143,
  "rmse": 29.280692984706157,
  "mae": 19.051877839486874,
  "theil_u": 0.8035911034696076,
  "directional_accuracy": 0.518796992481203,
  "n_params": 7,
  "status": "ok",
  "diagnostics_passed": [
    "ljung_box",
    "cusum",
    "adf",
    "economic_sign",
    "forecast_plausibility"
  ],
  "diagnostics_failed": [
    "jarque_bera",
    "arch_lm"
  ],
  "error_summary": "",
  "rmse_1yr": 29.280692984706157,
  "rmse_3yr": 153.49120291155492,
  "insample_rmse": 18.447389894710756,
  "naive_insample_rmse": 6.6734637289322345
}