{
  "experiment_id": "20260330_nbeats_full20_300",
  "trial_id": "20260330_nbeats_full20_300_031",
  "model_class": "N-BEATS",
  "champion_eligible": true,
  "description": "N-BEATS lookback=8 stack_width=64 n_blocks=2 n_layers=2 epochs=75 learning_rate=0.01 with fed_funds",
  "gof_composite": 0.28799556647024066,
  "gof_insample": 0.5727215597954454,
  "gof_validation_near": 0.1467268175929568,
  "gof_validation_far": -0.17187184625870455,
  "gof_diagnostic": 0.3333333333333333,
  "rmse": 31.09097397702678,
  "mae": 24.84183661905924,
  "theil_u": 0.8532731824070432,
  "directional_accuracy": 0.6491228070175439,
  "n_params": 7,
  "status": "ok",
  "diagnostics_passed": [
    "cusum",
    "adf"
  ],
  "diagnostics_failed": [
    "ljung_box",
    "jarque_bera",
    "arch_lm",
    "forecast_plausibility"
  ],
  "error_summary": "",
  "rmse_1yr": 31.09097397702678,
  "rmse_3yr": 134.41742662387597,
  "insample_rmse": 2.8514271728598364,
  "naive_insample_rmse": 6.6734637289322345,
  "gof_volatility_near": NaN,
  "gof_volatility_far": NaN,
  "gof_volatility_weighted": NaN,
  "validation_coverage_90": NaN,
  "fit_attempts": [],
  "fit_strategy": "",
  "fit_scaled": false,
  "fit_recovered": false
}