{
  "experiment_id": "20260330_arimax_full20_300",
  "trial_id": "20260330_arimax_full20_300_026",
  "model_class": "ARIMAX",
  "champion_eligible": true,
  "description": "ARIMAX(1, 1, 0) trend=t with treasury_10y, per_capita_income",
  "gof_composite": -0.6453491709320189,
  "gof_insample": -1.9180898534683717,
  "gof_validation_near": 0.19252456076361413,
  "gof_validation_far": -0.017597886365282145,
  "gof_diagnostic": 0.5714285714285714,
  "rmse": 29.42222770621499,
  "mae": 20.546742177886788,
  "theil_u": 0.8074754392363859,
  "directional_accuracy": 0.8270676691729323,
  "n_params": 5,
  "status": "ok",
  "diagnostics_passed": [
    "ljung_box",
    "cusum",
    "adf",
    "forecast_plausibility"
  ],
  "diagnostics_failed": [
    "jarque_bera",
    "arch_lm",
    "economic_sign"
  ],
  "error_summary": "",
  "rmse_1yr": 29.42222770621499,
  "rmse_3yr": 116.72171292433298,
  "insample_rmse": 19.47376679488636,
  "naive_insample_rmse": 6.6734637289322345,
  "gof_volatility_near": NaN,
  "gof_volatility_far": NaN,
  "gof_volatility_weighted": NaN,
  "validation_coverage_90": NaN,
  "fit_attempts": [],
  "fit_strategy": "",
  "fit_scaled": false,
  "fit_recovered": false
}