{
  "experiment_id": "20260325_state_space_60",
  "trial_id": "20260325_state_space_60_006",
  "model_class": "State-Space",
  "champion_eligible": true,
  "description": "State-Space(local level, no_cycle) with mortgage_rate, housing_starts",
  "gof_composite": -0.4536462084700745,
  "gof_insample": -1.4498743262652733,
  "gof_validation_near": 0.259131345041849,
  "gof_validation_far": -0.04833061057170118,
  "gof_diagnostic": 0.42857142857142855,
  "rmse": 26.995256087528684,
  "mae": 22.017407538941644,
  "theil_u": 0.740868654958151,
  "directional_accuracy": 0.5538847117794486,
  "n_params": 4,
  "status": "ok",
  "diagnostics_passed": [
    "ljung_box",
    "adf",
    "forecast_plausibility"
  ],
  "diagnostics_failed": [
    "jarque_bera",
    "arch_lm",
    "cusum",
    "economic_sign"
  ],
  "error_summary": "",
  "rmse_1yr": 26.995256087528684,
  "rmse_3yr": 120.24685410265954,
  "insample_rmse": 16.349147456773597,
  "naive_insample_rmse": 6.6734637289322345
}