{
  "experiment_id": "20260330_random_forest_full20_300",
  "trial_id": "20260330_random_forest_full20_300_080",
  "model_class": "Random Forest",
  "champion_eligible": true,
  "description": "Random Forest n_estimators=500 max_depth=3 min_samples_leaf=4 lags=[1, 2, 4] with treasury_10y",
  "gof_composite": -0.1379653871928084,
  "gof_insample": -0.6156589294167871,
  "gof_validation_near": 0.22924300070628068,
  "gof_validation_far": -0.03513466004416732,
  "gof_diagnostic": 0.3333333333333333,
  "rmse": 28.08430676334177,
  "mae": 23.374857024559212,
  "theil_u": 0.7707569992937193,
  "directional_accuracy": 0.3609022556390977,
  "n_params": 7,
  "status": "ok",
  "diagnostics_passed": [
    "jarque_bera",
    "forecast_plausibility"
  ],
  "diagnostics_failed": [
    "ljung_box",
    "arch_lm",
    "cusum",
    "adf"
  ],
  "error_summary": "",
  "rmse_1yr": 28.08430676334177,
  "rmse_3yr": 118.73323662184886,
  "insample_rmse": 10.782041263788415,
  "naive_insample_rmse": 6.6734637289322345,
  "gof_volatility_near": NaN,
  "gof_volatility_far": NaN,
  "gof_volatility_weighted": NaN,
  "validation_coverage_90": NaN,
  "fit_attempts": [],
  "fit_strategy": "",
  "fit_scaled": false,
  "fit_recovered": false
}