{
  "experiment_id": "20260329_nbeats_300",
  "trial_id": "20260329_nbeats_300_060",
  "model_class": "N-BEATS",
  "champion_eligible": true,
  "description": "N-BEATS lookback=4 stack_width=64 n_blocks=3 n_layers=2 epochs=75 learning_rate=0.01 with mortgage_rate, real_gdp",
  "gof_composite": 0.10954207281465836,
  "gof_insample": 0.6198025070123641,
  "gof_validation_near": -0.15831980953793945,
  "gof_validation_far": -0.6642244221245011,
  "gof_diagnostic": 0.16666666666666666,
  "rmse": 42.206050533343735,
  "mae": 34.031182495117186,
  "theil_u": 1.1583198095379394,
  "directional_accuracy": 0.556390977443609,
  "n_params": 7,
  "status": "ok",
  "diagnostics_passed": [
    "adf"
  ],
  "diagnostics_failed": [
    "ljung_box",
    "jarque_bera",
    "arch_lm",
    "cusum",
    "forecast_plausibility"
  ],
  "error_summary": "",
  "rmse_1yr": 42.206050533343735,
  "rmse_3yr": 190.89183246509867,
  "insample_rmse": 2.5372341792839563,
  "naive_insample_rmse": 6.6734637289322345,
  "gof_volatility_near": NaN,
  "gof_volatility_far": NaN,
  "gof_volatility_weighted": NaN,
  "validation_coverage_90": NaN,
  "fit_attempts": [],
  "fit_strategy": "",
  "fit_scaled": false,
  "fit_recovered": false
}