{
  "experiment_id": "20260325_arimax_60",
  "trial_id": "20260325_arimax_60_032",
  "model_class": "ARIMAX",
  "champion_eligible": true,
  "description": "ARIMAX(1, 1, 1) trend=t with mortgage_rate, consumer_confidence, housing_inventory",
  "gof_composite": -0.89954491947694,
  "gof_insample": -1.4907417578050497,
  "gof_validation_near": -0.1288839870676617,
  "gof_validation_far": -2.101877853493971,
  "gof_diagnostic": 0.5714285714285714,
  "rmse": 41.13348853410912,
  "mae": 22.466034497218114,
  "theil_u": 1.1288839870676617,
  "directional_accuracy": 0.731829573934837,
  "n_params": 7,
  "status": "ok",
  "diagnostics_passed": [
    "ljung_box",
    "cusum",
    "adf",
    "forecast_plausibility"
  ],
  "diagnostics_failed": [
    "jarque_bera",
    "arch_lm",
    "economic_sign"
  ],
  "error_summary": "",
  "rmse_1yr": 41.13348853410912,
  "rmse_3yr": 355.795251929114,
  "insample_rmse": 16.621874778848916,
  "naive_insample_rmse": 6.6734637289322345
}