{
  "experiment_id": "20260329_tcn_300",
  "trial_id": "20260329_tcn_300_053",
  "model_class": "TCN",
  "champion_eligible": true,
  "description": "TCN lookback=8 channels=16 num_blocks=2 kernel_size=2 epochs=75 learning_rate=0.01 with real_gdp",
  "gof_composite": 0.22713871945116249,
  "gof_insample": 0.27967426174972176,
  "gof_validation_near": 0.14106428824972617,
  "gof_validation_far": 0.21708787020357512,
  "gof_diagnostic": 0.3333333333333333,
  "rmse": 31.297301277690206,
  "mae": 24.187778361002604,
  "theil_u": 0.8589357117502738,
  "directional_accuracy": 0.5889724310776943,
  "n_params": 7,
  "status": "ok",
  "diagnostics_passed": [
    "cusum",
    "adf"
  ],
  "diagnostics_failed": [
    "ljung_box",
    "jarque_bera",
    "arch_lm",
    "forecast_plausibility"
  ],
  "error_summary": "",
  "rmse_1yr": 31.297301277690206,
  "rmse_3yr": 89.8025104842574,
  "insample_rmse": 4.807067687229567,
  "naive_insample_rmse": 6.6734637289322345,
  "gof_volatility_near": NaN,
  "gof_volatility_far": NaN,
  "gof_volatility_weighted": NaN,
  "validation_coverage_90": NaN,
  "fit_attempts": [],
  "fit_strategy": "",
  "fit_scaled": false,
  "fit_recovered": false
}