{
  "experiment_id": "20260325_vecm_60",
  "trial_id": "20260325_vecm_60_030",
  "model_class": "VECM",
  "champion_eligible": true,
  "description": "VECM(k_ar_diff=4) deterministic=ci with mortgage_rate, per_capita_income",
  "gof_composite": 0.23078584309332745,
  "gof_insample": 0.5331461696457156,
  "gof_validation_near": 0.12362755657527191,
  "gof_validation_far": -0.616059574886471,
  "gof_diagnostic": 0.6666666666666666,
  "rmse": 31.93264876301202,
  "mae": 19.656872940091368,
  "theil_u": 0.8763724434247281,
  "directional_accuracy": 0.606516290726817,
  "n_params": 43,
  "status": "ok",
  "diagnostics_passed": [
    "ljung_box",
    "cusum",
    "adf",
    "forecast_plausibility"
  ],
  "diagnostics_failed": [
    "jarque_bera",
    "arch_lm"
  ],
  "error_summary": "",
  "rmse_1yr": 31.93264876301202,
  "rmse_3yr": 185.3671713512256,
  "insample_rmse": 3.1155321035823995,
  "naive_insample_rmse": 6.6734637289322345
}