{
  "experiment_id": "20260329_lstm_gru_300",
  "trial_id": "20260329_lstm_gru_300_065",
  "model_class": "LSTM / GRU",
  "champion_eligible": true,
  "description": "LSTM lookback=4 hidden_size=16 num_layers=1 epochs=75 learning_rate=0.01 with per_capita_income",
  "gof_composite": 0.02794962020051786,
  "gof_insample": -0.29157795731254166,
  "gof_validation_near": 0.2869951042261988,
  "gof_validation_far": 0.07199455542021094,
  "gof_diagnostic": 0.3333333333333333,
  "rmse": 25.979975835477475,
  "mae": 20.013802001953124,
  "theil_u": 0.7130048957738012,
  "directional_accuracy": 0.6165413533834586,
  "n_params": 8,
  "status": "ok",
  "diagnostics_passed": [
    "jarque_bera",
    "forecast_plausibility"
  ],
  "diagnostics_failed": [
    "ljung_box",
    "arch_lm",
    "cusum",
    "adf"
  ],
  "error_summary": "",
  "rmse_1yr": 25.979975835477475,
  "rmse_3yr": 106.44517500066584,
  "insample_rmse": 8.619298651213633,
  "naive_insample_rmse": 6.6734637289322345,
  "gof_volatility_near": NaN,
  "gof_volatility_far": NaN,
  "gof_volatility_weighted": NaN,
  "validation_coverage_90": NaN,
  "fit_attempts": [],
  "fit_strategy": "",
  "fit_scaled": false,
  "fit_recovered": false
}