{
  "experiment_id": "20260331_bvar_full20_300",
  "trial_id": "20260331_bvar_full20_300_034",
  "model_class": "BVAR",
  "champion_eligible": true,
  "description": "BVAR(1) prior=minnesota lambda=0.2 trend=c with consumer_confidence, treasury_10y",
  "gof_composite": -1.9056294338428532,
  "gof_insample": 0.1515416359113414,
  "gof_validation_near": -3.6905983701245386,
  "gof_validation_far": -4.719133279980898,
  "gof_diagnostic": 0.3333333333333333,
  "rmse": 170.91275674553825,
  "mae": 126.57889525178348,
  "theil_u": 4.690598370124539,
  "directional_accuracy": 0.17543859649122806,
  "n_params": 13,
  "status": "ok",
  "diagnostics_passed": [
    "cusum",
    "adf"
  ],
  "diagnostics_failed": [
    "ljung_box",
    "jarque_bera",
    "arch_lm",
    "forecast_plausibility"
  ],
  "error_summary": "",
  "rmse_1yr": 170.91275674553825,
  "rmse_3yr": 656.0027706683966,
  "insample_rmse": 5.662156118254843,
  "naive_insample_rmse": 6.6734637289322345,
  "gof_volatility_near": NaN,
  "gof_volatility_far": NaN,
  "gof_volatility_weighted": NaN,
  "validation_coverage_90": NaN,
  "fit_attempts": [],
  "fit_strategy": "",
  "fit_scaled": false,
  "fit_recovered": false
}