{
  "experiment_id": "20260325_var_refine2_20",
  "trial_id": "20260325_var_refine2_20_008",
  "model_class": "VAR",
  "champion_eligible": true,
  "description": "VAR(4) trend=ctt with mortgage_rate, term_spread",
  "gof_composite": -0.24275718068463237,
  "gof_insample": 0.47896487540721255,
  "gof_validation_near": -0.45376049253327233,
  "gof_validation_far": -2.281290834183592,
  "gof_diagnostic": 0.6666666666666666,
  "rmse": 52.97111238709958,
  "mae": 39.149574057409566,
  "theil_u": 1.4537604925332723,
  "directional_accuracy": 0.23809523809523808,
  "n_params": 45,
  "status": "ok",
  "diagnostics_passed": [
    "ljung_box",
    "cusum",
    "adf",
    "forecast_plausibility"
  ],
  "diagnostics_failed": [
    "jarque_bera",
    "arch_lm"
  ],
  "error_summary": "",
  "rmse_1yr": 52.97111238709958,
  "rmse_3yr": 376.37449124116927,
  "insample_rmse": 3.477109005469655,
  "naive_insample_rmse": 6.6734637289322345,
  "gof_volatility_near": NaN,
  "gof_volatility_far": NaN,
  "gof_volatility_weighted": NaN,
  "validation_coverage_90": NaN,
  "fit_attempts": [],
  "fit_strategy": "",
  "fit_scaled": false,
  "fit_recovered": false
}