{
  "experiment_id": "20260330_nbeats_full20_300",
  "trial_id": "20260330_nbeats_full20_300_001",
  "model_class": "N-BEATS",
  "champion_eligible": true,
  "description": "N-BEATS lookback=4 stack_width=32 n_blocks=2 n_layers=2 epochs=75 learning_rate=0.01 with no exogenous variables",
  "gof_composite": -0.39884508413645603,
  "gof_insample": -0.07098824488290112,
  "gof_validation_near": -0.34506350252658935,
  "gof_validation_far": -1.8867392908821512,
  "gof_diagnostic": 0.3333333333333333,
  "rmse": 49.01048716488702,
  "mae": 33.59156190999349,
  "theil_u": 1.3450635025265893,
  "directional_accuracy": 0.48872180451127817,
  "n_params": 7,
  "status": "ok",
  "diagnostics_passed": [
    "adf",
    "forecast_plausibility"
  ],
  "diagnostics_failed": [
    "ljung_box",
    "jarque_bera",
    "arch_lm",
    "cusum"
  ],
  "error_summary": "",
  "rmse_1yr": 49.01048716488702,
  "rmse_3yr": 331.11817478440344,
  "insample_rmse": 7.147201206338834,
  "naive_insample_rmse": 6.6734637289322345,
  "gof_volatility_near": NaN,
  "gof_volatility_far": NaN,
  "gof_volatility_weighted": NaN,
  "validation_coverage_90": NaN,
  "fit_attempts": [],
  "fit_strategy": "",
  "fit_scaled": false,
  "fit_recovered": false
}