{
  "experiment_id": "20260331_vecm_full20_300",
  "trial_id": "20260331_vecm_full20_300_048",
  "model_class": "VECM",
  "champion_eligible": true,
  "description": "VECM(k_ar_diff=4) deterministic=ci with treasury_10y, fed_funds",
  "gof_composite": 0.18826990552464315,
  "gof_insample": 0.44953878071627773,
  "gof_validation_near": 0.1901279265016972,
  "gof_validation_far": -0.9428247624719688,
  "gof_diagnostic": 0.8333333333333334,
  "rmse": 29.509554596366993,
  "mae": 14.53305631057467,
  "theil_u": 0.8098720734983028,
  "directional_accuracy": 0.48120300751879697,
  "n_params": 43,
  "status": "ok",
  "diagnostics_passed": [
    "ljung_box",
    "arch_lm",
    "cusum",
    "adf",
    "forecast_plausibility"
  ],
  "diagnostics_failed": [
    "jarque_bera"
  ],
  "error_summary": "",
  "rmse_1yr": 29.509554596366993,
  "rmse_3yr": 222.84817728693284,
  "insample_rmse": 3.6734829810737333,
  "naive_insample_rmse": 6.6734637289322345,
  "gof_volatility_near": NaN,
  "gof_volatility_far": NaN,
  "gof_volatility_weighted": NaN,
  "validation_coverage_90": NaN,
  "fit_attempts": [],
  "fit_strategy": "",
  "fit_scaled": false,
  "fit_recovered": false
}