{
  "experiment_id": "20260329_lstm_gru_300",
  "trial_id": "20260329_lstm_gru_300_042",
  "model_class": "LSTM / GRU",
  "champion_eligible": true,
  "description": "GRU lookback=4 hidden_size=16 num_layers=2 epochs=75 learning_rate=0.01 with unemployment_rate",
  "gof_composite": 0.10657256597291362,
  "gof_insample": -0.26659107372758073,
  "gof_validation_near": 0.5181380389702546,
  "gof_validation_far": -0.009817676726509905,
  "gof_diagnostic": 0.3333333333333333,
  "rmse": 17.55775055373549,
  "mae": 13.083170730590817,
  "theil_u": 0.4818619610297454,
  "directional_accuracy": 0.7694235588972431,
  "n_params": 8,
  "status": "ok",
  "diagnostics_passed": [
    "jarque_bera",
    "forecast_plausibility"
  ],
  "diagnostics_failed": [
    "ljung_box",
    "arch_lm",
    "cusum",
    "adf"
  ],
  "error_summary": "",
  "rmse_1yr": 17.55775055373549,
  "rmse_3yr": 115.82929814230982,
  "insample_rmse": 8.452549589910344,
  "naive_insample_rmse": 6.6734637289322345,
  "gof_volatility_near": NaN,
  "gof_volatility_far": NaN,
  "gof_volatility_weighted": NaN,
  "validation_coverage_90": NaN,
  "fit_attempts": [],
  "fit_strategy": "",
  "fit_scaled": false,
  "fit_recovered": false
}