{
  "experiment_id": "20260330_arimax_full20_300",
  "trial_id": "20260330_arimax_full20_300_100",
  "model_class": "ARIMAX",
  "champion_eligible": true,
  "description": "ARIMAX(1, 1, 1) trend=t with treasury_10y, new_home_sales",
  "gof_composite": -1.13692592818622,
  "gof_insample": -2.147131814700693,
  "gof_validation_near": -0.13713558603805232,
  "gof_validation_far": -2.010028790807972,
  "gof_diagnostic": 0.7142857142857143,
  "rmse": 41.43415455074585,
  "mae": 22.717301256241527,
  "theil_u": 1.1371355860380523,
  "directional_accuracy": 0.6967418546365914,
  "n_params": 6,
  "status": "ok",
  "diagnostics_passed": [
    "ljung_box",
    "cusum",
    "adf",
    "economic_sign",
    "forecast_plausibility"
  ],
  "diagnostics_failed": [
    "jarque_bera",
    "arch_lm"
  ],
  "error_summary": "",
  "rmse_1yr": 41.43415455074585,
  "rmse_3yr": 345.25987241344166,
  "insample_rmse": 21.002270015573757,
  "naive_insample_rmse": 6.6734637289322345,
  "gof_volatility_near": NaN,
  "gof_volatility_far": NaN,
  "gof_volatility_weighted": NaN,
  "validation_coverage_90": NaN,
  "fit_attempts": [],
  "fit_strategy": "",
  "fit_scaled": false,
  "fit_recovered": false
}