{
  "experiment_id": "20260330_tcn_full20_300",
  "trial_id": "20260330_tcn_full20_300_001",
  "model_class": "TCN",
  "champion_eligible": true,
  "description": "TCN lookback=4 channels=16 num_blocks=2 kernel_size=2 epochs=75 learning_rate=0.01 with no exogenous variables",
  "gof_composite": -0.17261281015120122,
  "gof_insample": 0.2015655508765689,
  "gof_validation_near": -0.22524916116512395,
  "gof_validation_far": -1.2737899384046805,
  "gof_diagnostic": 0.16666666666666666,
  "rmse": 44.64477563644606,
  "mae": 32.160429585774736,
  "theil_u": 1.225249161165124,
  "directional_accuracy": 0.7443609022556391,
  "n_params": 7,
  "status": "ok",
  "diagnostics_passed": [
    "forecast_plausibility"
  ],
  "diagnostics_failed": [
    "ljung_box",
    "jarque_bera",
    "arch_lm",
    "cusum",
    "adf"
  ],
  "error_summary": "",
  "rmse_1yr": 44.64477563644606,
  "rmse_3yr": 260.8109352395395,
  "insample_rmse": 5.328323336155207,
  "naive_insample_rmse": 6.6734637289322345,
  "gof_volatility_near": NaN,
  "gof_volatility_far": NaN,
  "gof_volatility_weighted": NaN,
  "validation_coverage_90": NaN,
  "fit_attempts": [],
  "fit_strategy": "",
  "fit_scaled": false,
  "fit_recovered": false
}