{
  "experiment_id": "20260330_ardl_full20_300",
  "trial_id": "20260330_ardl_full20_300_032",
  "model_class": "ARDL",
  "champion_eligible": true,
  "description": "ARDL(ar_lags=4, distributed_lags=1) trend=ct with consumer_confidence",
  "gof_composite": -3.2271334415485416e+16,
  "gof_insample": 0.4462733284202598,
  "gof_validation_near": -432215.67896502407,
  "gof_validation_far": -2.1514222943556093e+17,
  "gof_diagnostic": 0.5714285714285714,
  "rmse": 15748810.340236448,
  "mae": 5820364.789931389,
  "theil_u": 432216.67896502407,
  "directional_accuracy": 0.8220551378446115,
  "n_params": 8,
  "status": "ok",
  "diagnostics_passed": [
    "ljung_box",
    "cusum",
    "adf",
    "forecast_plausibility"
  ],
  "diagnostics_failed": [
    "jarque_bera",
    "arch_lm",
    "economic_sign"
  ],
  "error_summary": "",
  "rmse_1yr": 15748810.340236448,
  "rmse_3yr": 2.467749774105198e+19,
  "insample_rmse": 3.695274858529768,
  "naive_insample_rmse": 6.6734637289322345,
  "gof_volatility_near": NaN,
  "gof_volatility_far": NaN,
  "gof_volatility_weighted": NaN,
  "validation_coverage_90": NaN,
  "fit_attempts": [],
  "fit_strategy": "",
  "fit_scaled": false,
  "fit_recovered": false
}