{
  "experiment_id": "20260330_ardl_full20_300",
  "trial_id": "20260330_ardl_full20_300_025",
  "model_class": "ARDL",
  "champion_eligible": true,
  "description": "ARDL(ar_lags=2, distributed_lags=1) trend=c with consumer_confidence",
  "gof_composite": -4.418517082397984e+16,
  "gof_insample": 0.29713576044863044,
  "gof_validation_near": -459641.59913088416,
  "gof_validation_far": -2.9456780549212646e+17,
  "gof_diagnostic": 0.2857142857142857,
  "rmse": 16748136.919055376,
  "mae": 6328674.431410178,
  "theil_u": 459642.59913088416,
  "directional_accuracy": 0.8220551378446115,
  "n_params": 5,
  "status": "ok",
  "diagnostics_passed": [
    "cusum",
    "adf"
  ],
  "diagnostics_failed": [
    "ljung_box",
    "jarque_bera",
    "arch_lm",
    "economic_sign",
    "forecast_plausibility"
  ],
  "error_summary": "",
  "rmse_1yr": 16748136.919055376,
  "rmse_3yr": 3.378786384100314e+19,
  "insample_rmse": 4.690539009009602,
  "naive_insample_rmse": 6.6734637289322345,
  "gof_volatility_near": NaN,
  "gof_volatility_far": NaN,
  "gof_volatility_weighted": NaN,
  "validation_coverage_90": NaN,
  "fit_attempts": [],
  "fit_strategy": "",
  "fit_scaled": false,
  "fit_recovered": false
}