{
  "experiment_id": "20260329_lightgbm_300",
  "trial_id": "20260329_lightgbm_300_051",
  "model_class": "LightGBM",
  "champion_eligible": true,
  "description": "LightGBM n_estimators=500 learning_rate=0.05 max_depth=4 num_leaves=31 lags=[1, 2, 4, 8] with no exogenous variables",
  "gof_composite": -0.11515603713653311,
  "gof_insample": -0.46723579360384004,
  "gof_validation_near": 0.15373425116005413,
  "gof_validation_far": 0.008430838215448988,
  "gof_diagnostic": 0.16666666666666666,
  "rmse": 30.835641992883357,
  "mae": 26.024657348342764,
  "theil_u": 0.8462657488399459,
  "directional_accuracy": 0.11528822055137844,
  "n_params": 12,
  "status": "ok",
  "diagnostics_passed": [
    "cusum"
  ],
  "diagnostics_failed": [
    "ljung_box",
    "jarque_bera",
    "arch_lm",
    "adf",
    "forecast_plausibility"
  ],
  "error_summary": "",
  "rmse_1yr": 30.835641992883357,
  "rmse_3yr": 113.73613545900395,
  "insample_rmse": 9.791544850406328,
  "naive_insample_rmse": 6.6734637289322345,
  "gof_volatility_near": NaN,
  "gof_volatility_far": NaN,
  "gof_volatility_weighted": NaN,
  "validation_coverage_90": NaN,
  "fit_attempts": [],
  "fit_strategy": "",
  "fit_scaled": false,
  "fit_recovered": false
}