{
  "experiment_id": "20260325_arimax_garch_60_volaware",
  "trial_id": "20260325_arimax_garch_60_volaware_015",
  "model_class": "ARIMAX-GARCH",
  "champion_eligible": true,
  "description": "ARIMAX-GARCH(1, 1, 0) trend=t GARCH(1,1) dist=normal with mortgage_rate, consumer_confidence, housing_inventory",
  "gof_composite": -0.543664711432312,
  "gof_insample": -1.7739759696381676,
  "gof_validation_near": 0.1690798453820992,
  "gof_validation_far": -0.01356209216482629,
  "gof_diagnostic": 0.4444444444444444,
  "rmse": 30.2764899177253,
  "mae": 20.54419653302733,
  "theil_u": 0.8309201546179008,
  "directional_accuracy": 0.8421052631578947,
  "n_params": 9,
  "status": "ok",
  "diagnostics_passed": [
    "cusum",
    "adf",
    "forecast_plausibility",
    "std_resid_unit_variance"
  ],
  "diagnostics_failed": [
    "ljung_box",
    "jarque_bera",
    "arch_lm",
    "economic_sign",
    "volatility_coverage_90"
  ],
  "error_summary": "",
  "rmse_1yr": 30.2764899177253,
  "rmse_3yr": 116.25879449810681,
  "insample_rmse": 18.512028018309937,
  "naive_insample_rmse": 6.6734637289322345,
  "gof_volatility_near": -0.2917060915107408,
  "gof_volatility_far": -0.6104206813329165,
  "gof_volatility_weighted": -0.3873204684573935,
  "validation_coverage_90": 0.3325,
  "fit_attempts": [],
  "fit_strategy": "",
  "fit_scaled": false,
  "fit_recovered": false
}