{
  "experiment_id": "20260331_bvar_full20_300",
  "trial_id": "20260331_bvar_full20_300_003",
  "model_class": "BVAR",
  "champion_eligible": true,
  "description": "BVAR(2) prior=minnesota lambda=0.1 trend=c with consumer_confidence",
  "gof_composite": -1.3811704201281048,
  "gof_insample": 0.29598503770075757,
  "gof_validation_near": -1.80186653647266,
  "gof_validation_far": -6.014963205175402,
  "gof_diagnostic": 0.3333333333333333,
  "rmse": 102.09246155707446,
  "mae": 69.80733222545288,
  "theil_u": 2.80186653647266,
  "directional_accuracy": 0.18796992481203006,
  "n_params": 11,
  "status": "ok",
  "diagnostics_passed": [
    "cusum",
    "adf"
  ],
  "diagnostics_failed": [
    "ljung_box",
    "jarque_bera",
    "arch_lm",
    "forecast_plausibility"
  ],
  "error_summary": "",
  "rmse_1yr": 102.09246155707446,
  "rmse_3yr": 804.6385830594403,
  "insample_rmse": 4.698218315529589,
  "naive_insample_rmse": 6.6734637289322345,
  "gof_volatility_near": NaN,
  "gof_volatility_far": NaN,
  "gof_volatility_weighted": NaN,
  "validation_coverage_90": NaN,
  "fit_attempts": [],
  "fit_strategy": "",
  "fit_scaled": false,
  "fit_recovered": false
}