{
  "experiment_id": "20260330_arimax_garch_full20_300",
  "trial_id": "20260330_arimax_garch_full20_300_087",
  "model_class": "ARIMAX-GARCH",
  "champion_eligible": true,
  "description": "ARIMAX-GARCH(1, 1, 1) trend=t GARCH(1,1) dist=normal with population",
  "gof_composite": -1.9748840359422395,
  "gof_insample": -1.404387531461711,
  "gof_validation_near": 0.05849730084100624,
  "gof_validation_far": -0.3119165278704181,
  "gof_diagnostic": 0.5555555555555556,
  "rmse": 34.305819662909315,
  "mae": 23.05207015239424,
  "theil_u": 0.9415026991589938,
  "directional_accuracy": 0.8421052631578947,
  "n_params": 8,
  "status": "ok",
  "diagnostics_passed": [
    "arch_lm",
    "cusum",
    "economic_sign",
    "forecast_plausibility",
    "std_resid_unit_variance"
  ],
  "diagnostics_failed": [
    "ljung_box",
    "jarque_bera",
    "adf",
    "volatility_coverage_90"
  ],
  "error_summary": "",
  "rmse_1yr": 34.305819662909315,
  "rmse_3yr": 150.4809968638345,
  "insample_rmse": 16.04559298150664,
  "naive_insample_rmse": 6.6734637289322345,
  "gof_volatility_near": -2.1848658602847575,
  "gof_volatility_far": -16.136059719102125,
  "gof_volatility_weighted": -6.370224017929967,
  "validation_coverage_90": 0.225,
  "fit_attempts": [],
  "fit_strategy": "",
  "fit_scaled": false,
  "fit_recovered": false
}