{
  "experiment_id": "20260325_state_space_60",
  "trial_id": "20260325_state_space_60_011",
  "model_class": "State-Space",
  "champion_eligible": true,
  "description": "State-Space(local level, no_cycle) with mortgage_rate, fed_funds",
  "gof_composite": -0.4115249263147774,
  "gof_insample": -1.370551036248513,
  "gof_validation_near": 0.31594573819856764,
  "gof_validation_far": -0.01637965837532973,
  "gof_diagnostic": 0.2857142857142857,
  "rmse": 24.9250927968307,
  "mae": 20.487970466571742,
  "theil_u": 0.6840542618014324,
  "directional_accuracy": 0.5889724310776943,
  "n_params": 4,
  "status": "ok",
  "diagnostics_passed": [
    "ljung_box",
    "forecast_plausibility"
  ],
  "diagnostics_failed": [
    "jarque_bera",
    "arch_lm",
    "cusum",
    "adf",
    "economic_sign"
  ],
  "error_summary": "",
  "rmse_1yr": 24.9250927968307,
  "rmse_3yr": 116.58197830064236,
  "insample_rmse": 15.819786357987175,
  "naive_insample_rmse": 6.6734637289322345
}