{
  "experiment_id": "20260329_xgboost_300",
  "trial_id": "20260329_xgboost_300_025",
  "model_class": "XGBoost",
  "champion_eligible": true,
  "description": "XGBoost n_estimators=200 learning_rate=0.1 max_depth=2 subsample=0.8 colsample_bytree=0.8 lags=[1, 4, 8] with no exogenous variables",
  "gof_composite": 0.5030746791872123,
  "gof_insample": 0.7720424922768642,
  "gof_validation_near": 0.3010588985013083,
  "gof_validation_far": 0.037024896451168354,
  "gof_diagnostic": 0.8333333333333334,
  "rmse": 25.467529094104208,
  "mae": 20.68457360839843,
  "theil_u": 0.6989411014986917,
  "directional_accuracy": 0.19799498746867167,
  "n_params": 10,
  "status": "ok",
  "diagnostics_passed": [
    "ljung_box",
    "jarque_bera",
    "arch_lm",
    "cusum",
    "adf"
  ],
  "diagnostics_failed": [
    "forecast_plausibility"
  ],
  "error_summary": "",
  "rmse_1yr": 25.467529094104208,
  "rmse_3yr": 110.45630606720701,
  "insample_rmse": 1.5212661595281367,
  "naive_insample_rmse": 6.6734637289322345,
  "gof_volatility_near": NaN,
  "gof_volatility_far": NaN,
  "gof_volatility_weighted": NaN,
  "validation_coverage_90": NaN,
  "fit_attempts": [],
  "fit_strategy": "",
  "fit_scaled": false,
  "fit_recovered": false
}