{
  "experiment_id": "20260325_vecm_60",
  "trial_id": "20260325_vecm_60_032",
  "model_class": "VECM",
  "champion_eligible": true,
  "description": "VECM(k_ar_diff=2) deterministic=ci with mortgage_rate, real_gdp",
  "gof_composite": -0.049307525185670796,
  "gof_insample": 0.3142533919854169,
  "gof_validation_near": -0.11853651115674668,
  "gof_validation_far": -1.1123629093887306,
  "gof_diagnostic": 0.3333333333333333,
  "rmse": 40.7564544131414,
  "mae": 28.83594556742271,
  "theil_u": 1.1185365111567467,
  "directional_accuracy": 0.5964912280701754,
  "n_params": 25,
  "status": "ok",
  "diagnostics_passed": [
    "adf",
    "forecast_plausibility"
  ],
  "diagnostics_failed": [
    "ljung_box",
    "jarque_bera",
    "arch_lm",
    "cusum"
  ],
  "error_summary": "",
  "rmse_1yr": 40.7564544131414,
  "rmse_3yr": 242.2947417691218,
  "insample_rmse": 4.576305115823631,
  "naive_insample_rmse": 6.6734637289322345
}