{
  "experiment_id": "20260331_bvar_full20_300",
  "trial_id": "20260331_bvar_full20_300_004",
  "model_class": "BVAR",
  "champion_eligible": true,
  "description": "BVAR(2) prior=minnesota lambda=0.2 trend=c with consumer_confidence",
  "gof_composite": -1.3549388364260742,
  "gof_insample": 0.2961660567036537,
  "gof_validation_near": -1.6678890785097145,
  "gof_validation_far": -6.153182766416461,
  "gof_diagnostic": 0.3333333333333333,
  "rmse": 97.21068424950282,
  "mae": 67.99708724049114,
  "theil_u": 2.6678890785097145,
  "directional_accuracy": 0.19047619047619047,
  "n_params": 11,
  "status": "ok",
  "diagnostics_passed": [
    "cusum",
    "adf"
  ],
  "diagnostics_failed": [
    "ljung_box",
    "jarque_bera",
    "arch_lm",
    "forecast_plausibility"
  ],
  "error_summary": "",
  "rmse_1yr": 97.21068424950282,
  "rmse_3yr": 820.4928061900836,
  "insample_rmse": 4.697010291779514,
  "naive_insample_rmse": 6.6734637289322345,
  "gof_volatility_near": NaN,
  "gof_volatility_far": NaN,
  "gof_volatility_weighted": NaN,
  "validation_coverage_90": NaN,
  "fit_attempts": [],
  "fit_strategy": "",
  "fit_scaled": false,
  "fit_recovered": false
}