{
  "experiment_id": "20260330_arimax_garch_full20_300",
  "trial_id": "20260330_arimax_garch_full20_300_060",
  "model_class": "ARIMAX-GARCH",
  "champion_eligible": true,
  "description": "ARIMAX-GARCH(1, 1, 0) trend=t GARCH(1,1) dist=normal with consumer_confidence, treasury_10y, new_home_sales",
  "gof_composite": -0.9846290455917702,
  "gof_insample": -3.273767262911088,
  "gof_validation_near": 0.16515203985293792,
  "gof_validation_far": -0.038622778005344305,
  "gof_diagnostic": 0.2222222222222222,
  "rmse": 30.419608560162278,
  "mae": 20.359773081490218,
  "theil_u": 0.8348479601470621,
  "directional_accuracy": 0.8320802005012531,
  "n_params": 9,
  "status": "ok",
  "diagnostics_passed": [
    "cusum",
    "forecast_plausibility"
  ],
  "diagnostics_failed": [
    "ljung_box",
    "jarque_bera",
    "arch_lm",
    "adf",
    "economic_sign",
    "volatility_coverage_90",
    "std_resid_unit_variance"
  ],
  "error_summary": "",
  "rmse_1yr": 30.419608560162278,
  "rmse_3yr": 119.13333484214387,
  "insample_rmse": 28.520830814935138,
  "naive_insample_rmse": 6.6734637289322345,
  "gof_volatility_near": -0.1885367086082277,
  "gof_volatility_far": -0.3887052946256848,
  "gof_volatility_weighted": -0.2485872844134648,
  "validation_coverage_90": 0.365,
  "fit_attempts": [],
  "fit_strategy": "",
  "fit_scaled": false,
  "fit_recovered": false
}