{
  "experiment_id": "20260330_arimax_full20_300",
  "trial_id": "20260330_arimax_full20_300_024",
  "model_class": "ARIMAX",
  "champion_eligible": true,
  "description": "ARIMAX(1, 1, 0) trend=t with treasury_10y, new_home_sales",
  "gof_composite": -1.173829700996836,
  "gof_insample": -3.2370105172269845,
  "gof_validation_near": 0.1608783759238408,
  "gof_validation_far": -0.04507664738638484,
  "gof_diagnostic": 0.7142857142857143,
  "rmse": 30.575329350110568,
  "mae": 20.814481580003182,
  "theil_u": 0.8391216240761592,
  "directional_accuracy": 0.8345864661654135,
  "n_params": 5,
  "status": "ok",
  "diagnostics_passed": [
    "ljung_box",
    "cusum",
    "adf",
    "economic_sign",
    "forecast_plausibility"
  ],
  "diagnostics_failed": [
    "jarque_bera",
    "arch_lm"
  ],
  "error_summary": "",
  "rmse_1yr": 30.575329350110568,
  "rmse_3yr": 119.87361417962917,
  "insample_rmse": 28.27553600581869,
  "naive_insample_rmse": 6.6734637289322345,
  "gof_volatility_near": NaN,
  "gof_volatility_far": NaN,
  "gof_volatility_weighted": NaN,
  "validation_coverage_90": NaN,
  "fit_attempts": [],
  "fit_strategy": "",
  "fit_scaled": false,
  "fit_recovered": false
}