{
  "experiment_id": "20260331_var_full20_300",
  "trial_id": "20260331_var_full20_300_030",
  "model_class": "VAR",
  "champion_eligible": true,
  "description": "VAR(4) trend=c with population",
  "gof_composite": -0.2749285539533857,
  "gof_insample": 0.48020790480609554,
  "gof_validation_near": -0.10526510850940984,
  "gof_validation_far": -3.312237297094648,
  "gof_diagnostic": 0.6666666666666666,
  "rmse": 40.27288028605702,
  "mae": 20.77455336568751,
  "theil_u": 1.1052651085094098,
  "directional_accuracy": 0.6265664160401002,
  "n_params": 18,
  "status": "ok",
  "diagnostics_passed": [
    "ljung_box",
    "cusum",
    "adf",
    "forecast_plausibility"
  ],
  "diagnostics_failed": [
    "jarque_bera",
    "arch_lm"
  ],
  "error_summary": "",
  "rmse_1yr": 40.27288028605702,
  "rmse_3yr": 494.62732833586546,
  "insample_rmse": 3.4688136938622125,
  "naive_insample_rmse": 6.6734637289322345,
  "gof_volatility_near": NaN,
  "gof_volatility_far": NaN,
  "gof_volatility_weighted": NaN,
  "validation_coverage_90": NaN,
  "fit_attempts": [],
  "fit_strategy": "",
  "fit_scaled": false,
  "fit_recovered": false
}