{
  "experiment_id": "20260331_vecm_full20_300",
  "trial_id": "20260331_vecm_full20_300_074",
  "model_class": "VECM",
  "champion_eligible": true,
  "description": "VECM(k_ar_diff=2) deterministic=ci with fed_funds, personal_consumption",
  "gof_composite": -0.060506642719085464,
  "gof_insample": 0.3190547979499373,
  "gof_validation_near": -0.07740971451134104,
  "gof_validation_far": -1.2957899676894957,
  "gof_diagnostic": 0.3333333333333333,
  "rmse": 39.25790483883776,
  "mae": 25.250471882428467,
  "theil_u": 1.077409714511341,
  "directional_accuracy": 0.556390977443609,
  "n_params": 32,
  "status": "ok",
  "diagnostics_passed": [
    "adf",
    "forecast_plausibility"
  ],
  "diagnostics_failed": [
    "ljung_box",
    "jarque_bera",
    "arch_lm",
    "cusum"
  ],
  "error_summary": "",
  "rmse_1yr": 39.25790483883776,
  "rmse_3yr": 263.3344085455634,
  "insample_rmse": 4.544263107271525,
  "naive_insample_rmse": 6.6734637289322345,
  "gof_volatility_near": NaN,
  "gof_volatility_far": NaN,
  "gof_volatility_weighted": NaN,
  "validation_coverage_90": NaN,
  "fit_attempts": [],
  "fit_strategy": "",
  "fit_scaled": false,
  "fit_recovered": false
}