{
  "experiment_id": "20260330_xgboost_full20_300",
  "trial_id": "20260330_xgboost_full20_300_094",
  "model_class": "XGBoost",
  "champion_eligible": true,
  "description": "XGBoost n_estimators=200 learning_rate=0.05 max_depth=2 subsample=0.8 colsample_bytree=0.8 lags=[1, 2, 4, 8] with consumer_confidence",
  "gof_composite": 0.49898182808295577,
  "gof_insample": 0.7037615627750573,
  "gof_validation_near": 0.36510787714972237,
  "gof_validation_far": 0.04237408424797784,
  "gof_diagnostic": 0.8333333333333334,
  "rmse": 23.133757015629296,
  "mae": 18.21712405395507,
  "theil_u": 0.6348921228502776,
  "directional_accuracy": 0.24561403508771928,
  "n_params": 12,
  "status": "ok",
  "diagnostics_passed": [
    "ljung_box",
    "jarque_bera",
    "cusum",
    "adf",
    "forecast_plausibility"
  ],
  "diagnostics_failed": [
    "arch_lm"
  ],
  "error_summary": "",
  "rmse_1yr": 23.133757015629296,
  "rmse_3yr": 109.84273721966578,
  "insample_rmse": 1.9769364659362243,
  "naive_insample_rmse": 6.6734637289322345,
  "gof_volatility_near": NaN,
  "gof_volatility_far": NaN,
  "gof_volatility_weighted": NaN,
  "validation_coverage_90": NaN,
  "fit_attempts": [],
  "fit_strategy": "",
  "fit_scaled": false,
  "fit_recovered": false
}