{
  "experiment_id": "20260325_arimax_60",
  "trial_id": "20260325_arimax_60_018",
  "model_class": "ARIMAX",
  "champion_eligible": true,
  "description": "ARIMAX(1, 1, 0) trend=t with mortgage_rate, per_capita_income, real_gdp",
  "gof_composite": -0.6203625714888911,
  "gof_insample": -1.8458282488790987,
  "gof_validation_near": 0.1863109886597214,
  "gof_validation_far": -0.029219834073408002,
  "gof_diagnostic": 0.5714285714285714,
  "rmse": 29.64863351922969,
  "mae": 20.6813798498142,
  "theil_u": 0.8136890113402786,
  "directional_accuracy": 0.8295739348370927,
  "n_params": 6,
  "status": "ok",
  "diagnostics_passed": [
    "ljung_box",
    "cusum",
    "adf",
    "forecast_plausibility"
  ],
  "diagnostics_failed": [
    "jarque_bera",
    "arch_lm",
    "economic_sign"
  ],
  "error_summary": "",
  "rmse_1yr": 29.64863351922969,
  "rmse_3yr": 118.05478727736137,
  "insample_rmse": 18.9915315976654,
  "naive_insample_rmse": 6.6734637289322345
}