{
  "experiment_id": "20260325_vecm_60",
  "trial_id": "20260325_vecm_60_043",
  "model_class": "VECM",
  "champion_eligible": true,
  "description": "VECM(k_ar_diff=1) deterministic=ci with mortgage_rate, housing_inventory",
  "gof_composite": -0.04384669590244197,
  "gof_insample": 0.3662163508830417,
  "gof_validation_near": -0.12137958309224861,
  "gof_validation_far": -1.3190025478224778,
  "gof_diagnostic": 0.5,
  "rmse": 40.8600482883317,
  "mae": 25.08300610496667,
  "theil_u": 1.1213795830922486,
  "directional_accuracy": 0.6090225563909775,
  "n_params": 16,
  "status": "ok",
  "diagnostics_passed": [
    "cusum",
    "adf",
    "forecast_plausibility"
  ],
  "diagnostics_failed": [
    "ljung_box",
    "jarque_bera",
    "arch_lm"
  ],
  "error_summary": "",
  "rmse_1yr": 40.8600482883317,
  "rmse_3yr": 265.99696528906514,
  "insample_rmse": 4.229532194372335,
  "naive_insample_rmse": 6.6734637289322345
}