{
  "experiment_id": "20260329_nbeats_300",
  "trial_id": "20260329_nbeats_300_009",
  "model_class": "N-BEATS",
  "champion_eligible": true,
  "description": "N-BEATS lookback=4 stack_width=32 n_blocks=2 n_layers=2 epochs=75 learning_rate=0.01 with mortgage_rate",
  "gof_composite": -0.29094277991305056,
  "gof_insample": 0.229450593992355,
  "gof_validation_near": -0.48523958262069034,
  "gof_validation_far": -1.5303722017294512,
  "gof_diagnostic": 0.16666666666666666,
  "rmse": 54.11812554877834,
  "mae": 42.07405565388997,
  "theil_u": 1.4852395826206903,
  "directional_accuracy": 0.48370927318295737,
  "n_params": 7,
  "status": "ok",
  "diagnostics_passed": [
    "jarque_bera"
  ],
  "diagnostics_failed": [
    "ljung_box",
    "arch_lm",
    "cusum",
    "adf",
    "forecast_plausibility"
  ],
  "error_summary": "",
  "rmse_1yr": 54.11812554877834,
  "rmse_3yr": 290.2417366224336,
  "insample_rmse": 5.142233512342297,
  "naive_insample_rmse": 6.6734637289322345,
  "gof_volatility_near": NaN,
  "gof_volatility_far": NaN,
  "gof_volatility_weighted": NaN,
  "validation_coverage_90": NaN,
  "fit_attempts": [],
  "fit_strategy": "",
  "fit_scaled": false,
  "fit_recovered": false
}