{
  "experiment_id": "20260330_random_forest_full20_300",
  "trial_id": "20260330_random_forest_full20_300_075",
  "model_class": "Random Forest",
  "champion_eligible": true,
  "description": "Random Forest n_estimators=200 max_depth=5 min_samples_leaf=1 lags=[1, 2, 4] with treasury_10y",
  "gof_composite": 0.31002037441915065,
  "gof_insample": 0.4850340191402652,
  "gof_validation_near": 0.25096538458414963,
  "gof_validation_far": -0.034429674498274165,
  "gof_diagnostic": 0.3333333333333333,
  "rmse": 27.292801667681054,
  "mae": 22.934463261596157,
  "theil_u": 0.7490346154158504,
  "directional_accuracy": 0.3583959899749373,
  "n_params": 7,
  "status": "ok",
  "diagnostics_passed": [
    "adf",
    "forecast_plausibility"
  ],
  "diagnostics_failed": [
    "ljung_box",
    "jarque_bera",
    "arch_lm",
    "cusum"
  ],
  "error_summary": "",
  "rmse_1yr": 27.292801667681054,
  "rmse_3yr": 118.65237253829865,
  "insample_rmse": 3.436606794901451,
  "naive_insample_rmse": 6.6734637289322345,
  "gof_volatility_near": NaN,
  "gof_volatility_far": NaN,
  "gof_volatility_weighted": NaN,
  "validation_coverage_90": NaN,
  "fit_attempts": [],
  "fit_strategy": "",
  "fit_scaled": false,
  "fit_recovered": false
}