{
  "experiment_id": "20260330_arimax_full20_300",
  "trial_id": "20260330_arimax_full20_300_107",
  "model_class": "ARIMAX",
  "champion_eligible": true,
  "description": "ARIMAX(1, 1, 1) trend=t with fed_funds, new_home_sales",
  "gof_composite": -0.7910875028036443,
  "gof_insample": -2.06608770714787,
  "gof_validation_near": 0.06011542352733712,
  "gof_validation_far": -0.28557116881280864,
  "gof_diagnostic": 0.5714285714285714,
  "rmse": 34.24685963537109,
  "mae": 22.679138547260475,
  "theil_u": 0.9398845764726629,
  "directional_accuracy": 0.8195488721804511,
  "n_params": 6,
  "status": "ok",
  "diagnostics_passed": [
    "ljung_box",
    "cusum",
    "adf",
    "forecast_plausibility"
  ],
  "diagnostics_failed": [
    "jarque_bera",
    "arch_lm",
    "economic_sign"
  ],
  "error_summary": "",
  "rmse_1yr": 34.24685963537109,
  "rmse_3yr": 147.45910041729752,
  "insample_rmse": 20.46142510337631,
  "naive_insample_rmse": 6.6734637289322345,
  "gof_volatility_near": NaN,
  "gof_volatility_far": NaN,
  "gof_volatility_weighted": NaN,
  "validation_coverage_90": NaN,
  "fit_attempts": [],
  "fit_strategy": "",
  "fit_scaled": false,
  "fit_recovered": false
}