{
  "experiment_id": "20260325_arimax_60",
  "trial_id": "20260325_arimax_60_027",
  "model_class": "ARIMAX",
  "champion_eligible": true,
  "description": "ARIMAX(1, 1, 1) trend=t with mortgage_rate, housing_inventory",
  "gof_composite": -0.8970890983318724,
  "gof_insample": -1.4580674735173633,
  "gof_validation_near": -0.13380648186445243,
  "gof_validation_far": -2.1611513161015066,
  "gof_diagnostic": 0.5714285714285714,
  "rmse": 41.3128509713503,
  "mae": 22.625708401325912,
  "theil_u": 1.1338064818644524,
  "directional_accuracy": 0.7443609022556391,
  "n_params": 6,
  "status": "ok",
  "diagnostics_passed": [
    "ljung_box",
    "cusum",
    "adf",
    "forecast_plausibility"
  ],
  "diagnostics_failed": [
    "jarque_bera",
    "arch_lm",
    "economic_sign"
  ],
  "error_summary": "",
  "rmse_1yr": 41.3128509713503,
  "rmse_3yr": 362.5941065446831,
  "insample_rmse": 16.40382412778622,
  "naive_insample_rmse": 6.6734637289322345
}