{
  "experiment_id": "20260325_arimax_garch_60_volaware",
  "trial_id": "20260325_arimax_garch_60_volaware_036",
  "model_class": "ARIMAX-GARCH",
  "champion_eligible": true,
  "description": "ARIMAX-GARCH(1, 1, 0) trend=t GARCH(1,2) dist=normal with mortgage_rate, housing_starts",
  "gof_composite": -0.5648141370931233,
  "gof_insample": -1.8233618245010965,
  "gof_validation_near": 0.14915956509067285,
  "gof_validation_far": -0.05455136711820585,
  "gof_diagnostic": 0.3333333333333333,
  "rmse": 31.002331217939005,
  "mae": 22.32131516875769,
  "theil_u": 0.8508404349093271,
  "directional_accuracy": 0.8295739348370927,
  "n_params": 9,
  "status": "ok",
  "diagnostics_passed": [
    "cusum",
    "economic_sign",
    "forecast_plausibility"
  ],
  "diagnostics_failed": [
    "ljung_box",
    "jarque_bera",
    "arch_lm",
    "adf",
    "volatility_coverage_90",
    "std_resid_unit_variance"
  ],
  "error_summary": "",
  "rmse_1yr": 31.002331217939005,
  "rmse_3yr": 120.96039465686293,
  "insample_rmse": 18.841602729460003,
  "naive_insample_rmse": 6.6734637289322345,
  "gof_volatility_near": -0.2905791170022187,
  "gof_volatility_far": -0.42829776215449433,
  "gof_volatility_weighted": -0.33189471054790143,
  "validation_coverage_90": 0.3175,
  "fit_attempts": [],
  "fit_strategy": "",
  "fit_scaled": false,
  "fit_recovered": false
}