{
  "experiment_id": "20260330_arimax_full20_300",
  "trial_id": "20260330_arimax_full20_300_111",
  "model_class": "ARIMAX",
  "champion_eligible": true,
  "description": "ARIMAX(1, 1, 1) trend=t with fed_funds, population",
  "gof_composite": -0.5013239990530218,
  "gof_insample": -1.3625805980131864,
  "gof_validation_near": 0.0810971774469943,
  "gof_validation_far": -0.2787908606470162,
  "gof_diagnostic": 0.5714285714285714,
  "rmse": 33.48234109833209,
  "mae": 22.507571490088576,
  "theil_u": 0.9189028225530057,
  "directional_accuracy": 0.8421052631578947,
  "n_params": 6,
  "status": "ok",
  "diagnostics_passed": [
    "ljung_box",
    "cusum",
    "adf",
    "forecast_plausibility"
  ],
  "diagnostics_failed": [
    "jarque_bera",
    "arch_lm",
    "economic_sign"
  ],
  "error_summary": "",
  "rmse_1yr": 33.48234109833209,
  "rmse_3yr": 146.68137751331926,
  "insample_rmse": 15.766595927520028,
  "naive_insample_rmse": 6.6734637289322345,
  "gof_volatility_near": NaN,
  "gof_volatility_far": NaN,
  "gof_volatility_weighted": NaN,
  "validation_coverage_90": NaN,
  "fit_attempts": [],
  "fit_strategy": "",
  "fit_scaled": false,
  "fit_recovered": false
}