{
  "experiment_id": "20260330_xgboost_full20_300",
  "trial_id": "20260330_xgboost_full20_300_010",
  "model_class": "XGBoost",
  "champion_eligible": true,
  "description": "XGBoost n_estimators=500 learning_rate=0.03 max_depth=2 subsample=0.8 colsample_bytree=0.8 lags=[1, 2, 4] with no exogenous variables",
  "gof_composite": 0.3910865364835259,
  "gof_insample": 0.7579827597785184,
  "gof_validation_near": 0.2205458625648039,
  "gof_validation_far": -0.039761906614862896,
  "gof_diagnostic": 0.16666666666666666,
  "rmse": 28.40120702600849,
  "mae": 23.643861429850254,
  "theil_u": 0.7794541374351961,
  "directional_accuracy": 0.20802005012531327,
  "n_params": 10,
  "status": "ok",
  "diagnostics_passed": [
    "cusum"
  ],
  "diagnostics_failed": [
    "ljung_box",
    "jarque_bera",
    "arch_lm",
    "adf",
    "forecast_plausibility"
  ],
  "error_summary": "",
  "rmse_1yr": 28.40120702600849,
  "rmse_3yr": 119.26399651540956,
  "insample_rmse": 1.6150932743943371,
  "naive_insample_rmse": 6.6734637289322345,
  "gof_volatility_near": NaN,
  "gof_volatility_far": NaN,
  "gof_volatility_weighted": NaN,
  "validation_coverage_90": NaN,
  "fit_attempts": [],
  "fit_strategy": "",
  "fit_scaled": false,
  "fit_recovered": false
}