{
  "experiment_id": "20260325_state_space_60",
  "trial_id": "20260325_state_space_60_049",
  "model_class": "State-Space",
  "champion_eligible": true,
  "description": "State-Space(local linear trend, cycle) with mortgage_rate, per_capita_income",
  "gof_composite": -0.6503781733193011,
  "gof_insample": -1.7546202134878643,
  "gof_validation_near": 0.15012904775383973,
  "gof_validation_far": -0.3881207452057098,
  "gof_diagnostic": 0.5714285714285714,
  "rmse": 30.967005883833615,
  "mae": 20.149160809748256,
  "theil_u": 0.8498709522461603,
  "directional_accuracy": 0.5162907268170426,
  "n_params": 7,
  "status": "ok",
  "diagnostics_passed": [
    "ljung_box",
    "cusum",
    "adf",
    "forecast_plausibility"
  ],
  "diagnostics_failed": [
    "jarque_bera",
    "arch_lm",
    "economic_sign"
  ],
  "error_summary": "",
  "rmse_1yr": 30.967005883833615,
  "rmse_3yr": 159.22186287644382,
  "insample_rmse": 18.38285808169483,
  "naive_insample_rmse": 6.6734637289322345
}