{
  "experiment_id": "20260325_state_space_60",
  "trial_id": "20260325_state_space_60_050",
  "model_class": "State-Space",
  "champion_eligible": true,
  "description": "State-Space(local linear trend, cycle) with mortgage_rate, real_gdp",
  "gof_composite": -0.638989608454017,
  "gof_insample": -1.7466711966598423,
  "gof_validation_near": 0.1384605476261348,
  "gof_validation_far": -0.4014059525853235,
  "gof_diagnostic": 0.7142857142857143,
  "rmse": 31.392174565214187,
  "mae": 20.854931010388295,
  "theil_u": 0.8615394523738652,
  "directional_accuracy": 0.5112781954887218,
  "n_params": 7,
  "status": "ok",
  "diagnostics_passed": [
    "ljung_box",
    "cusum",
    "adf",
    "economic_sign",
    "forecast_plausibility"
  ],
  "diagnostics_failed": [
    "jarque_bera",
    "arch_lm"
  ],
  "error_summary": "",
  "rmse_1yr": 31.392174565214187,
  "rmse_3yr": 160.74571840197197,
  "insample_rmse": 18.329810606212355,
  "naive_insample_rmse": 6.6734637289322345
}