{
  "experiment_id": "20260330_lstm_gru_full20_300",
  "trial_id": "20260330_lstm_gru_full20_300_030",
  "model_class": "LSTM / GRU",
  "champion_eligible": true,
  "description": "GRU lookback=8 hidden_size=16 num_layers=2 epochs=75 learning_rate=0.01 with consumer_confidence",
  "gof_composite": 0.20798363150208227,
  "gof_insample": -0.1450976729759843,
  "gof_validation_near": 0.516392089919132,
  "gof_validation_far": 0.12412535036075423,
  "gof_diagnostic": 0.6666666666666666,
  "rmse": 17.621368229332113,
  "mae": 12.265113444010414,
  "theil_u": 0.483607910080868,
  "directional_accuracy": 0.7092731829573935,
  "n_params": 8,
  "status": "ok",
  "diagnostics_passed": [
    "jarque_bera",
    "cusum",
    "adf",
    "forecast_plausibility"
  ],
  "diagnostics_failed": [
    "ljung_box",
    "arch_lm"
  ],
  "error_summary": "",
  "rmse_1yr": 17.621368229332113,
  "rmse_3yr": 100.4656070759511,
  "insample_rmse": 7.641767786689936,
  "naive_insample_rmse": 6.6734637289322345,
  "gof_volatility_near": NaN,
  "gof_volatility_far": NaN,
  "gof_volatility_weighted": NaN,
  "validation_coverage_90": NaN,
  "fit_attempts": [],
  "fit_strategy": "",
  "fit_scaled": false,
  "fit_recovered": false
}