{
  "experiment_id": "20260330_arimax_garch_full20_300",
  "trial_id": "20260330_arimax_garch_full20_300_009",
  "model_class": "ARIMAX-GARCH",
  "champion_eligible": true,
  "description": "ARIMAX-GARCH(1, 1, 0) trend=t GARCH(1,1) dist=normal with per_capita_income",
  "gof_composite": -0.5138196236994267,
  "gof_insample": -1.705175593562441,
  "gof_validation_near": 0.18806855600267902,
  "gof_validation_far": 0.009134033984446788,
  "gof_diagnostic": 0.4444444444444444,
  "rmse": 29.584592504406494,
  "mae": 20.843325619458376,
  "theil_u": 0.811931443997321,
  "directional_accuracy": 0.8295739348370927,
  "n_params": 7,
  "status": "ok",
  "diagnostics_passed": [
    "cusum",
    "adf",
    "forecast_plausibility",
    "std_resid_unit_variance"
  ],
  "diagnostics_failed": [
    "ljung_box",
    "jarque_bera",
    "arch_lm",
    "economic_sign",
    "volatility_coverage_90"
  ],
  "error_summary": "",
  "rmse_1yr": 29.584592504406494,
  "rmse_3yr": 113.65547666855409,
  "insample_rmse": 18.052891204031678,
  "naive_insample_rmse": 6.6734637289322345,
  "gof_volatility_near": -0.3490493796687437,
  "gof_volatility_far": -0.447443880429641,
  "gof_volatility_weighted": -0.37856772989701293,
  "validation_coverage_90": 0.3025,
  "fit_attempts": [],
  "fit_strategy": "",
  "fit_scaled": false,
  "fit_recovered": false
}