{
  "experiment_id": "20260330_ardl_full20_300",
  "trial_id": "20260330_ardl_full20_300_038",
  "model_class": "ARDL",
  "champion_eligible": true,
  "description": "ARDL(ar_lags=1, distributed_lags=1) trend=ct with treasury_10y",
  "gof_composite": -257062680932.67532,
  "gof_insample": 0.08638081398668995,
  "gof_validation_near": -15365.060944408035,
  "gof_validation_far": -1713751170366.3523,
  "gof_diagnostic": 0.14285714285714285,
  "rmse": 559897.8273339138,
  "mae": 274085.67483978486,
  "theil_u": 15366.060944408035,
  "directional_accuracy": 0.8220551378446115,
  "n_params": 5,
  "status": "ok",
  "diagnostics_passed": [
    "adf"
  ],
  "diagnostics_failed": [
    "ljung_box",
    "jarque_bera",
    "arch_lm",
    "cusum",
    "economic_sign",
    "forecast_plausibility"
  ],
  "error_summary": "",
  "rmse_1yr": 559897.8273339138,
  "rmse_3yr": 196572707954262.84,
  "insample_rmse": 6.097004499916417,
  "naive_insample_rmse": 6.6734637289322345,
  "gof_volatility_near": NaN,
  "gof_volatility_far": NaN,
  "gof_volatility_weighted": NaN,
  "validation_coverage_90": NaN,
  "fit_attempts": [],
  "fit_strategy": "",
  "fit_scaled": false,
  "fit_recovered": false
}