{
  "experiment_id": "20260330_arimax_garch_full20_300",
  "trial_id": "20260330_arimax_garch_full20_300_062",
  "model_class": "ARIMAX-GARCH",
  "champion_eligible": true,
  "description": "ARIMAX-GARCH(1, 1, 0) trend=t GARCH(1,1) dist=normal with consumer_confidence, fed_funds, housing_inventory",
  "gof_composite": -0.4541920036401324,
  "gof_insample": -1.5298459542579002,
  "gof_validation_near": 0.2036556653494166,
  "gof_validation_far": 0.02363369039439822,
  "gof_diagnostic": 0.4444444444444444,
  "rmse": 29.01664026933284,
  "mae": 19.46945517366949,
  "theil_u": 0.7963443346505834,
  "directional_accuracy": 0.8370927318295739,
  "n_params": 9,
  "status": "ok",
  "diagnostics_passed": [
    "cusum",
    "adf",
    "forecast_plausibility",
    "std_resid_unit_variance"
  ],
  "diagnostics_failed": [
    "ljung_box",
    "jarque_bera",
    "arch_lm",
    "economic_sign",
    "volatility_coverage_90"
  ],
  "error_summary": "",
  "rmse_1yr": 29.01664026933284,
  "rmse_3yr": 111.99231997801797,
  "insample_rmse": 16.882835215526054,
  "naive_insample_rmse": 6.6734637289322345,
  "gof_volatility_near": -0.3387715840381491,
  "gof_volatility_far": -0.44899893303099603,
  "gof_volatility_weighted": -0.37183978873600315,
  "validation_coverage_90": 0.31,
  "fit_attempts": [],
  "fit_strategy": "",
  "fit_scaled": false,
  "fit_recovered": false
}