{
  "experiment_id": "20260330_xgboost_full20_300",
  "trial_id": "20260330_xgboost_full20_300_088",
  "model_class": "XGBoost",
  "champion_eligible": true,
  "description": "XGBoost n_estimators=500 learning_rate=0.1 max_depth=2 subsample=0.8 colsample_bytree=0.8 lags=[1, 4, 8] with consumer_confidence",
  "gof_composite": 0.5703632720836127,
  "gof_insample": 0.9138660760619822,
  "gof_validation_near": 0.3343008494028964,
  "gof_validation_far": 0.029854740229818266,
  "gof_diagnostic": 0.8333333333333334,
  "rmse": 24.256282037784736,
  "mae": 19.20772496541341,
  "theil_u": 0.6656991505971036,
  "directional_accuracy": 0.3508771929824561,
  "n_params": 11,
  "status": "ok",
  "diagnostics_passed": [
    "jarque_bera",
    "arch_lm",
    "cusum",
    "adf",
    "forecast_plausibility"
  ],
  "diagnostics_failed": [
    "ljung_box"
  ],
  "error_summary": "",
  "rmse_1yr": 24.256282037784736,
  "rmse_3yr": 111.27874578264351,
  "insample_rmse": 0.5748116172309694,
  "naive_insample_rmse": 6.6734637289322345,
  "gof_volatility_near": NaN,
  "gof_volatility_far": NaN,
  "gof_volatility_weighted": NaN,
  "validation_coverage_90": NaN,
  "fit_attempts": [],
  "fit_strategy": "",
  "fit_scaled": false,
  "fit_recovered": false
}