{
  "experiment_id": "20260325_var_60",
  "trial_id": "20260325_var_60_054",
  "model_class": "VAR",
  "champion_eligible": true,
  "description": "VAR(4) trend=c with mortgage_rate, housing_starts, building_permits",
  "gof_composite": -0.048053852667525904,
  "gof_insample": 0.4867106294826582,
  "gof_validation_near": -0.28636002522507886,
  "gof_validation_far": -1.3945250819898551,
  "gof_diagnostic": 0.6666666666666666,
  "rmse": 46.87149074173261,
  "mae": 28.730650383714288,
  "theil_u": 1.2863600252250789,
  "directional_accuracy": 0.5538847117794486,
  "n_params": 17,
  "status": "ok",
  "diagnostics_passed": [
    "ljung_box",
    "cusum",
    "adf",
    "forecast_plausibility"
  ],
  "diagnostics_failed": [
    "jarque_bera",
    "arch_lm"
  ],
  "error_summary": "",
  "rmse_1yr": 46.87149074173261,
  "rmse_3yr": 274.6596400749662,
  "insample_rmse": 3.425417996593939,
  "naive_insample_rmse": 6.6734637289322345
}