{
  "experiment_id": "20260325_var_refine_20",
  "trial_id": "20260325_var_refine_20_013",
  "model_class": "VAR",
  "champion_eligible": true,
  "description": "VAR(5) trend=c with mortgage_rate, real_gdp",
  "gof_composite": 0.023628845812218455,
  "gof_insample": 0.49896379909876665,
  "gof_validation_near": -0.1871808363663907,
  "gof_validation_far": -1.1807336517714542,
  "gof_diagnostic": 0.6666666666666666,
  "rmse": 43.25766852928539,
  "mae": 25.382172708960386,
  "theil_u": 1.1871808363663907,
  "directional_accuracy": 0.5513784461152882,
  "n_params": 48,
  "status": "ok",
  "diagnostics_passed": [
    "ljung_box",
    "cusum",
    "adf",
    "forecast_plausibility"
  ],
  "diagnostics_failed": [
    "jarque_bera",
    "arch_lm"
  ],
  "error_summary": "",
  "rmse_1yr": 43.25766852928539,
  "rmse_3yr": 250.13708329886344,
  "insample_rmse": 3.343646913596385,
  "naive_insample_rmse": 6.6734637289322345,
  "gof_volatility_near": NaN,
  "gof_volatility_far": NaN,
  "gof_volatility_weighted": NaN,
  "validation_coverage_90": NaN,
  "fit_attempts": [],
  "fit_strategy": "",
  "fit_scaled": false,
  "fit_recovered": false
}