{
  "experiment_id": "20260329_tcn_300",
  "trial_id": "20260329_tcn_300_021",
  "model_class": "TCN",
  "champion_eligible": true,
  "description": "TCN lookback=8 channels=16 num_blocks=2 kernel_size=2 epochs=75 learning_rate=0.01 with unemployment_rate",
  "gof_composite": -0.0621578740034131,
  "gof_insample": 0.18022751161669948,
  "gof_validation_near": 0.2981652194908002,
  "gof_validation_far": -1.8129335920347085,
  "gof_diagnostic": 0.3333333333333333,
  "rmse": 25.572966954649388,
  "mae": 16.38973291015625,
  "theil_u": 0.7018347805091998,
  "directional_accuracy": 0.6365914786967418,
  "n_params": 7,
  "status": "ok",
  "diagnostics_passed": [
    "adf",
    "forecast_plausibility"
  ],
  "diagnostics_failed": [
    "ljung_box",
    "jarque_bera",
    "arch_lm",
    "cusum"
  ],
  "error_summary": "",
  "rmse_1yr": 25.572966954649388,
  "rmse_3yr": 322.65242646821775,
  "insample_rmse": 5.470721967202477,
  "naive_insample_rmse": 6.6734637289322345,
  "gof_volatility_near": NaN,
  "gof_volatility_far": NaN,
  "gof_volatility_weighted": NaN,
  "validation_coverage_90": NaN,
  "fit_attempts": [],
  "fit_strategy": "",
  "fit_scaled": false,
  "fit_recovered": false
}