{
  "experiment_id": "20260325_dynamic_factor_60",
  "trial_id": "20260325_dynamic_factor_60_020",
  "model_class": "Dynamic Factor",
  "champion_eligible": true,
  "description": "Dynamic Factor(k_factors=1, factor_order=2) with term_spread",
  "gof_composite": -23.599629515854968,
  "gof_insample": -55.404270904299246,
  "gof_validation_near": -3.5516593538680805,
  "gof_validation_far": -1.2989358685429142,
  "gof_diagnostic": 0.0,
  "rmse": 165.8501936322368,
  "mae": 95.05631087815374,
  "theil_u": 4.5516593538680805,
  "directional_accuracy": 0.2857142857142857,
  "n_params": 6,
  "status": "ok",
  "diagnostics_passed": [],
  "diagnostics_failed": [
    "ljung_box",
    "jarque_bera",
    "arch_lm",
    "cusum",
    "adf",
    "forecast_plausibility"
  ],
  "error_summary": "",
  "rmse_1yr": 165.8501936322368,
  "rmse_3yr": 263.69525337555086,
  "insample_rmse": 376.4118560367088,
  "naive_insample_rmse": 6.6734637289322345,
  "fit_attempts": [],
  "fit_strategy": "",
  "fit_scaled": false,
  "fit_recovered": false
}