{
  "experiment_id": "20260325_arimax_60",
  "trial_id": "20260325_arimax_60_023",
  "model_class": "ARIMAX",
  "champion_eligible": true,
  "description": "ARIMAX(1, 1, 1) trend=t with mortgage_rate, real_gdp",
  "gof_composite": -0.8702867106420873,
  "gof_insample": -1.4441947129609587,
  "gof_validation_near": -0.1382893908451226,
  "gof_validation_far": -2.0090026386984534,
  "gof_diagnostic": 0.5714285714285714,
  "rmse": 41.47619608676365,
  "mae": 26.233881922878968,
  "theil_u": 1.1382893908451226,
  "directional_accuracy": 0.6892230576441103,
  "n_params": 6,
  "status": "ok",
  "diagnostics_passed": [
    "ljung_box",
    "cusum",
    "adf",
    "forecast_plausibility"
  ],
  "diagnostics_failed": [
    "jarque_bera",
    "arch_lm",
    "economic_sign"
  ],
  "error_summary": "",
  "rmse_1yr": 41.47619608676365,
  "rmse_3yr": 345.14216950392426,
  "insample_rmse": 16.311244763392892,
  "naive_insample_rmse": 6.6734637289322345
}