{
  "experiment_id": "20260325_arimax_garch_60_volaware",
  "trial_id": "20260325_arimax_garch_60_volaware_028",
  "model_class": "ARIMAX-GARCH",
  "champion_eligible": true,
  "description": "ARIMAX-GARCH(1, 1, 1) trend=t GARCH(1,1) dist=normal with mortgage_rate, real_gdp, building_permits",
  "gof_composite": -0.7640550281096652,
  "gof_insample": -1.4675667331216005,
  "gof_validation_near": -0.13673020477133702,
  "gof_validation_far": -1.9898868891653936,
  "gof_diagnostic": 0.4444444444444444,
  "rmse": 41.41938355046823,
  "mae": 26.312254557238777,
  "theil_u": 1.136730204771337,
  "directional_accuracy": 0.681704260651629,
  "n_params": 10,
  "status": "ok",
  "diagnostics_passed": [
    "arch_lm",
    "cusum",
    "forecast_plausibility",
    "std_resid_unit_variance"
  ],
  "diagnostics_failed": [
    "ljung_box",
    "jarque_bera",
    "adf",
    "economic_sign",
    "volatility_coverage_90"
  ],
  "error_summary": "",
  "rmse_1yr": 41.41938355046823,
  "rmse_3yr": 342.9495322557271,
  "insample_rmse": 16.46721709220681,
  "naive_insample_rmse": 6.6734637289322345,
  "gof_volatility_near": -0.564336535373688,
  "gof_volatility_far": -0.48399091757147383,
  "gof_volatility_weighted": -0.5402328500330237,
  "validation_coverage_90": 0.16,
  "fit_attempts": [],
  "fit_strategy": "",
  "fit_scaled": false,
  "fit_recovered": false
}