{
  "experiment_id": "20260330_xgboost_full20_300",
  "trial_id": "20260330_xgboost_full20_300_101",
  "model_class": "XGBoost",
  "champion_eligible": true,
  "description": "XGBoost n_estimators=500 learning_rate=0.03 max_depth=3 subsample=0.8 colsample_bytree=0.8 lags=[1, 2, 4, 8] with consumer_confidence",
  "gof_composite": 0.5388630889300968,
  "gof_insample": 0.8877015243075829,
  "gof_validation_near": 0.2895490857552907,
  "gof_validation_far": -0.005953560937476343,
  "gof_diagnostic": 0.8333333333333334,
  "rmse": 25.88691563518523,
  "mae": 20.821367808024085,
  "theil_u": 0.7104509142447093,
  "directional_accuracy": 0.3007518796992481,
  "n_params": 12,
  "status": "ok",
  "diagnostics_passed": [
    "ljung_box",
    "arch_lm",
    "cusum",
    "adf",
    "forecast_plausibility"
  ],
  "diagnostics_failed": [
    "jarque_bera"
  ],
  "error_summary": "",
  "rmse_1yr": 25.88691563518523,
  "rmse_3yr": 115.3860717757094,
  "insample_rmse": 0.7494198043477239,
  "naive_insample_rmse": 6.6734637289322345,
  "gof_volatility_near": NaN,
  "gof_volatility_far": NaN,
  "gof_volatility_weighted": NaN,
  "validation_coverage_90": NaN,
  "fit_attempts": [],
  "fit_strategy": "",
  "fit_scaled": false,
  "fit_recovered": false
}