{
  "experiment_id": "20260330_uecm_full20_300",
  "trial_id": "20260330_uecm_full20_300_036",
  "model_class": "UECM / ECM",
  "champion_eligible": true,
  "description": "UECM(ar_lags=4, distributed_lags=4) trend=ct with treasury_10y",
  "gof_composite": -22.405796025135345,
  "gof_insample": -55.39251638678038,
  "gof_validation_near": -0.017596204997637477,
  "gof_validation_far": -1.8080148483029732,
  "gof_diagnostic": 0.2857142857142857,
  "rmse": 37.07846183499322,
  "mae": 20.927192831134796,
  "theil_u": 1.0175962049976375,
  "directional_accuracy": 0.5213032581453634,
  "n_params": 11,
  "status": "ok",
  "diagnostics_passed": [
    "economic_sign",
    "forecast_plausibility"
  ],
  "diagnostics_failed": [
    "ljung_box",
    "jarque_bera",
    "arch_lm",
    "cusum",
    "adf"
  ],
  "error_summary": "",
  "rmse_1yr": 37.07846183499322,
  "rmse_3yr": 322.0882309234976,
  "insample_rmse": 376.3334126903955,
  "naive_insample_rmse": 6.6734637289322345,
  "gof_volatility_near": NaN,
  "gof_volatility_far": NaN,
  "gof_volatility_weighted": NaN,
  "validation_coverage_90": NaN,
  "fit_attempts": [],
  "fit_strategy": "",
  "fit_scaled": false,
  "fit_recovered": false
}