{
  "experiment_id": "20260331_vecm_full20_300",
  "trial_id": "20260331_vecm_full20_300_043",
  "model_class": "VECM",
  "champion_eligible": true,
  "description": "VECM(k_ar_diff=1) deterministic=ci with consumer_confidence, per_capita_income",
  "gof_composite": -0.027274853245302343,
  "gof_insample": 0.28564752487087064,
  "gof_validation_near": -0.07387737363220293,
  "gof_validation_far": -0.9934007717047528,
  "gof_diagnostic": 0.3333333333333333,
  "rmse": 39.12919586190559,
  "mae": 23.914308089410792,
  "theil_u": 1.073877373632203,
  "directional_accuracy": 0.5839598997493735,
  "n_params": 16,
  "status": "ok",
  "diagnostics_passed": [
    "adf",
    "forecast_plausibility"
  ],
  "diagnostics_failed": [
    "ljung_box",
    "jarque_bera",
    "arch_lm",
    "cusum"
  ],
  "error_summary": "",
  "rmse_1yr": 39.12919586190559,
  "rmse_3yr": 228.64940634767044,
  "insample_rmse": 4.767205332447211,
  "naive_insample_rmse": 6.6734637289322345,
  "gof_volatility_near": NaN,
  "gof_volatility_far": NaN,
  "gof_volatility_weighted": NaN,
  "validation_coverage_90": NaN,
  "fit_attempts": [],
  "fit_strategy": "",
  "fit_scaled": false,
  "fit_recovered": false
}