{
  "experiment_id": "20260330_arimax_full20_300",
  "trial_id": "20260330_arimax_full20_300_056",
  "model_class": "ARIMAX",
  "champion_eligible": true,
  "description": "ARIMAX(1, 1, 0) trend=t with m2_money_supply, population",
  "gof_composite": -0.486665128838663,
  "gof_insample": -1.5148279272063072,
  "gof_validation_near": 0.17540022310127268,
  "gof_validation_far": 0.004887378770382256,
  "gof_diagnostic": 0.5714285714285714,
  "rmse": 30.04619239608344,
  "mae": 21.322739757266557,
  "theil_u": 0.8245997768987273,
  "directional_accuracy": 0.8195488721804511,
  "n_params": 5,
  "status": "ok",
  "diagnostics_passed": [
    "ljung_box",
    "cusum",
    "adf",
    "forecast_plausibility"
  ],
  "diagnostics_failed": [
    "jarque_bera",
    "arch_lm",
    "economic_sign"
  ],
  "error_summary": "",
  "rmse_1yr": 30.04619239608344,
  "rmse_3yr": 114.14258152345424,
  "insample_rmse": 16.782612956717124,
  "naive_insample_rmse": 6.6734637289322345,
  "gof_volatility_near": NaN,
  "gof_volatility_far": NaN,
  "gof_volatility_weighted": NaN,
  "validation_coverage_90": NaN,
  "fit_attempts": [],
  "fit_strategy": "",
  "fit_scaled": false,
  "fit_recovered": false
}