{
  "experiment_id": "20260325_arimax_60",
  "trial_id": "20260325_arimax_60_037",
  "model_class": "ARIMAX",
  "champion_eligible": true,
  "description": "ARIMAX(1, 1, 1) trend=t with mortgage_rate, per_capita_income, housing_starts",
  "gof_composite": -0.8661562152401758,
  "gof_insample": -1.4627600795405136,
  "gof_validation_near": -0.11654580231918876,
  "gof_validation_far": -1.98269339836741,
  "gof_diagnostic": 0.5714285714285714,
  "rmse": 40.683918350904264,
  "mae": 25.238920245446458,
  "theil_u": 1.1165458023191888,
  "directional_accuracy": 0.6516290726817042,
  "n_params": 7,
  "status": "ok",
  "diagnostics_passed": [
    "ljung_box",
    "cusum",
    "adf",
    "forecast_plausibility"
  ],
  "diagnostics_failed": [
    "jarque_bera",
    "arch_lm",
    "economic_sign"
  ],
  "error_summary": "",
  "rmse_1yr": 40.683918350904264,
  "rmse_3yr": 342.12441599016057,
  "insample_rmse": 16.43514006387588,
  "naive_insample_rmse": 6.6734637289322345
}