{
  "experiment_id": "20260329_lightgbm_300",
  "trial_id": "20260329_lightgbm_300_038",
  "model_class": "LightGBM",
  "champion_eligible": true,
  "description": "LightGBM n_estimators=200 learning_rate=0.03 max_depth=3 num_leaves=15 lags=[1, 2, 4, 8] with no exogenous variables",
  "gof_composite": -0.10881623373691074,
  "gof_insample": -0.5023579377699978,
  "gof_validation_near": 0.15890999279860396,
  "gof_validation_far": 0.02116740372162451,
  "gof_diagnostic": 0.3333333333333333,
  "rmse": 30.647051923590396,
  "mae": 25.620611824579388,
  "theil_u": 0.841090007201396,
  "directional_accuracy": 0.09273182957393483,
  "n_params": 12,
  "status": "ok",
  "diagnostics_passed": [
    "cusum",
    "adf"
  ],
  "diagnostics_failed": [
    "ljung_box",
    "jarque_bera",
    "arch_lm",
    "forecast_plausibility"
  ],
  "error_summary": "",
  "rmse_1yr": 30.647051923590396,
  "rmse_3yr": 112.27521090071518,
  "insample_rmse": 10.02593120558151,
  "naive_insample_rmse": 6.6734637289322345,
  "gof_volatility_near": NaN,
  "gof_volatility_far": NaN,
  "gof_volatility_weighted": NaN,
  "validation_coverage_90": NaN,
  "fit_attempts": [],
  "fit_strategy": "",
  "fit_scaled": false,
  "fit_recovered": false
}