{
  "experiment_id": "20260330_arimax_garch_full20_300",
  "trial_id": "20260330_arimax_garch_full20_300_044",
  "model_class": "ARIMAX-GARCH",
  "champion_eligible": true,
  "description": "ARIMAX-GARCH(1, 1, 0) trend=t GARCH(1,1) dist=normal with housing_inventory, per_capita_income",
  "gof_composite": -0.4335941041755775,
  "gof_insample": -1.4134384752761173,
  "gof_validation_near": 0.17996369944009916,
  "gof_validation_far": 0.0237426303042092,
  "gof_diagnostic": 0.4444444444444444,
  "rmse": 29.879911623382974,
  "mae": 20.58023462146567,
  "theil_u": 0.8200363005599008,
  "directional_accuracy": 0.8270676691729323,
  "n_params": 8,
  "status": "ok",
  "diagnostics_passed": [
    "arch_lm",
    "cusum",
    "forecast_plausibility",
    "std_resid_unit_variance"
  ],
  "diagnostics_failed": [
    "ljung_box",
    "jarque_bera",
    "adf",
    "economic_sign",
    "volatility_coverage_90"
  ],
  "error_summary": "",
  "rmse_1yr": 29.879911623382974,
  "rmse_3yr": 111.9798242239983,
  "insample_rmse": 16.105994126764685,
  "naive_insample_rmse": 6.6734637289322345,
  "gof_volatility_near": -0.38385957656307523,
  "gof_volatility_far": -0.45595690705459035,
  "gof_volatility_weighted": -0.40548877571052977,
  "validation_coverage_90": 0.29,
  "fit_attempts": [],
  "fit_strategy": "",
  "fit_scaled": false,
  "fit_recovered": false
}