{
  "experiment_id": "20260331_vecm_full20_300",
  "trial_id": "20260331_vecm_full20_300_086",
  "model_class": "VECM",
  "champion_eligible": true,
  "description": "VECM(k_ar_diff=2) deterministic=ci with mortgage_rate, personal_consumption",
  "gof_composite": 0.012219802243651608,
  "gof_insample": 0.3132289191050963,
  "gof_validation_near": 0.00125694819258515,
  "gof_validation_far": -0.9789668706608337,
  "gof_diagnostic": 0.3333333333333333,
  "rmse": 36.39150376891575,
  "mae": 23.499441536184214,
  "theil_u": 0.9987430518074148,
  "directional_accuracy": 0.6892230576441103,
  "n_params": 25,
  "status": "ok",
  "diagnostics_passed": [
    "adf",
    "forecast_plausibility"
  ],
  "diagnostics_failed": [
    "ljung_box",
    "jarque_bera",
    "arch_lm",
    "cusum"
  ],
  "error_summary": "",
  "rmse_1yr": 36.39150376891575,
  "rmse_3yr": 226.99379200668133,
  "insample_rmse": 4.583141898431725,
  "naive_insample_rmse": 6.6734637289322345,
  "gof_volatility_near": NaN,
  "gof_volatility_far": NaN,
  "gof_volatility_weighted": NaN,
  "validation_coverage_90": NaN,
  "fit_attempts": [],
  "fit_strategy": "",
  "fit_scaled": false,
  "fit_recovered": false
}