{
  "experiment_id": "20260331_vecm_full20_300",
  "trial_id": "20260331_vecm_full20_300_075",
  "model_class": "VECM",
  "champion_eligible": true,
  "description": "VECM(k_ar_diff=4) deterministic=ci with fed_funds, personal_consumption",
  "gof_composite": 0.036020730347991095,
  "gof_insample": 0.47882520195348166,
  "gof_validation_near": -0.0112095465854265,
  "gof_validation_far": -1.4550178386344599,
  "gof_diagnostic": 0.6666666666666666,
  "rmse": 36.845749223618206,
  "mae": 19.501608117399325,
  "theil_u": 1.0112095465854265,
  "directional_accuracy": 0.543859649122807,
  "n_params": 43,
  "status": "ok",
  "diagnostics_passed": [
    "ljung_box",
    "cusum",
    "adf",
    "forecast_plausibility"
  ],
  "diagnostics_failed": [
    "jarque_bera",
    "arch_lm"
  ],
  "error_summary": "",
  "rmse_1yr": 36.845749223618206,
  "rmse_3yr": 281.5983515932196,
  "insample_rmse": 3.478041111197023,
  "naive_insample_rmse": 6.6734637289322345,
  "gof_volatility_near": NaN,
  "gof_volatility_far": NaN,
  "gof_volatility_weighted": NaN,
  "validation_coverage_90": NaN,
  "fit_attempts": [],
  "fit_strategy": "",
  "fit_scaled": false,
  "fit_recovered": false
}