{
  "experiment_id": "20260330_arimax_full20_300",
  "trial_id": "20260330_arimax_full20_300_001",
  "model_class": "ARIMAX",
  "champion_eligible": true,
  "description": "ARIMAX(1, 1, 0) trend=t with no exogenous variables",
  "gof_composite": -0.5538579272381373,
  "gof_insample": -1.7020455895991913,
  "gof_validation_near": 0.17103624555815977,
  "gof_validation_far": 0.002873039930111121,
  "gof_diagnostic": 0.6666666666666666,
  "rmse": 30.20520397060229,
  "mae": 21.366412797140075,
  "theil_u": 0.8289637544418402,
  "directional_accuracy": 0.8320802005012531,
  "n_params": 3,
  "status": "ok",
  "diagnostics_passed": [
    "ljung_box",
    "cusum",
    "adf",
    "forecast_plausibility"
  ],
  "diagnostics_failed": [
    "jarque_bera",
    "arch_lm"
  ],
  "error_summary": "",
  "rmse_1yr": 30.20520397060229,
  "rmse_3yr": 114.37363259283711,
  "insample_rmse": 18.032003236111517,
  "naive_insample_rmse": 6.6734637289322345,
  "gof_volatility_near": NaN,
  "gof_volatility_far": NaN,
  "gof_volatility_weighted": NaN,
  "validation_coverage_90": NaN,
  "fit_attempts": [],
  "fit_strategy": "",
  "fit_scaled": false,
  "fit_recovered": false
}