{
  "experiment_id": "20260331_var_full20_300",
  "trial_id": "20260331_var_full20_300_048",
  "model_class": "VAR",
  "champion_eligible": true,
  "description": "VAR(4) trend=c with consumer_confidence, personal_consumption",
  "gof_composite": -0.09268870276834477,
  "gof_insample": 0.46265798398520563,
  "gof_validation_near": -0.2636100676188651,
  "gof_validation_far": -1.6810335957499398,
  "gof_diagnostic": 0.6666666666666666,
  "rmse": 46.042543630189805,
  "mae": 31.13860318965411,
  "theil_u": 1.263610067618865,
  "directional_accuracy": 0.41604010025062654,
  "n_params": 39,
  "status": "ok",
  "diagnostics_passed": [
    "ljung_box",
    "cusum",
    "adf",
    "forecast_plausibility"
  ],
  "diagnostics_failed": [
    "jarque_bera",
    "arch_lm"
  ],
  "error_summary": "",
  "rmse_1yr": 46.042543630189805,
  "rmse_3yr": 307.5230775305325,
  "insample_rmse": 3.585932453906054,
  "naive_insample_rmse": 6.6734637289322345,
  "gof_volatility_near": NaN,
  "gof_volatility_far": NaN,
  "gof_volatility_weighted": NaN,
  "validation_coverage_90": NaN,
  "fit_attempts": [],
  "fit_strategy": "",
  "fit_scaled": false,
  "fit_recovered": false
}