{
  "experiment_id": "20260325_arimax_garch_60_volaware",
  "trial_id": "20260325_arimax_garch_60_volaware_026",
  "model_class": "ARIMAX-GARCH",
  "champion_eligible": true,
  "description": "ARIMAX-GARCH(1, 1, 1) trend=t GARCH(1,1) dist=normal with mortgage_rate, fed_funds",
  "gof_composite": -1.1969288089228067,
  "gof_insample": -1.3730115478342415,
  "gof_validation_near": 0.08813407358635983,
  "gof_validation_far": -0.374527095387567,
  "gof_diagnostic": 0.4444444444444444,
  "rmse": 33.22593557749892,
  "mae": 21.89396535335684,
  "theil_u": 0.9118659264136402,
  "directional_accuracy": 0.7167919799498746,
  "n_params": 9,
  "status": "ok",
  "diagnostics_passed": [
    "arch_lm",
    "cusum",
    "forecast_plausibility",
    "std_resid_unit_variance"
  ],
  "diagnostics_failed": [
    "ljung_box",
    "jarque_bera",
    "adf",
    "economic_sign",
    "volatility_coverage_90"
  ],
  "error_summary": "",
  "rmse_1yr": 33.22593557749892,
  "rmse_3yr": 157.6626280225522,
  "insample_rmse": 15.83620649280915,
  "naive_insample_rmse": 6.6734637289322345,
  "gof_volatility_near": -1.404624982811999,
  "gof_volatility_far": -7.576549678436162,
  "gof_volatility_weighted": -3.256202391499248,
  "validation_coverage_90": 0.2025,
  "fit_attempts": [],
  "fit_strategy": "",
  "fit_scaled": false,
  "fit_recovered": false
}