{
  "experiment_id": "20260329_xgboost_300",
  "trial_id": "20260329_xgboost_300_044",
  "model_class": "XGBoost",
  "champion_eligible": true,
  "description": "XGBoost n_estimators=200 learning_rate=0.1 max_depth=3 subsample=0.8 colsample_bytree=0.8 lags=[1, 2, 4, 8] with no exogenous variables",
  "gof_composite": 0.5074746816764993,
  "gof_insample": 0.8954970682361132,
  "gof_validation_near": 0.20431865255188908,
  "gof_validation_far": -0.0371267156296029,
  "gof_diagnostic": 0.8333333333333334,
  "rmse": 28.992482803372145,
  "mae": 24.063133666992183,
  "theil_u": 0.7956813474481109,
  "directional_accuracy": 0.19047619047619047,
  "n_params": 11,
  "status": "ok",
  "diagnostics_passed": [
    "ljung_box",
    "jarque_bera",
    "arch_lm",
    "cusum",
    "adf"
  ],
  "diagnostics_failed": [
    "forecast_plausibility"
  ],
  "error_summary": "",
  "rmse_1yr": 28.992482803372145,
  "rmse_3yr": 118.96173173105456,
  "insample_rmse": 0.6973965246933789,
  "naive_insample_rmse": 6.6734637289322345,
  "gof_volatility_near": NaN,
  "gof_volatility_far": NaN,
  "gof_volatility_weighted": NaN,
  "validation_coverage_90": NaN,
  "fit_attempts": [],
  "fit_strategy": "",
  "fit_scaled": false,
  "fit_recovered": false
}