{
  "experiment_id": "20260329_lstm_gru_300",
  "trial_id": "20260329_lstm_gru_300_024",
  "model_class": "LSTM / GRU",
  "champion_eligible": true,
  "description": "LSTM lookback=8 hidden_size=32 num_layers=2 epochs=75 learning_rate=0.01 with mortgage_rate",
  "gof_composite": 0.04899247111529452,
  "gof_insample": 0.08719660755326786,
  "gof_validation_near": -0.0007003668945464447,
  "gof_validation_far": -0.12649584550836468,
  "gof_diagnostic": 0.3333333333333333,
  "rmse": 36.46282305293119,
  "mae": 30.69998873901367,
  "theil_u": 1.0007003668945464,
  "directional_accuracy": 0.42857142857142855,
  "n_params": 8,
  "status": "ok",
  "diagnostics_passed": [
    "adf",
    "forecast_plausibility"
  ],
  "diagnostics_failed": [
    "ljung_box",
    "jarque_bera",
    "arch_lm",
    "cusum"
  ],
  "error_summary": "",
  "rmse_1yr": 36.46282305293119,
  "rmse_3yr": 129.2126550690201,
  "insample_rmse": 6.091560331139563,
  "naive_insample_rmse": 6.6734637289322345,
  "gof_volatility_near": NaN,
  "gof_volatility_far": NaN,
  "gof_volatility_weighted": NaN,
  "validation_coverage_90": NaN,
  "fit_attempts": [],
  "fit_strategy": "",
  "fit_scaled": false,
  "fit_recovered": false
}