{
  "experiment_id": "20260325_arimax_60",
  "trial_id": "20260325_arimax_60_017",
  "model_class": "ARIMAX",
  "champion_eligible": true,
  "description": "ARIMAX(1, 1, 0) trend=t with mortgage_rate, unemployment_rate, consumer_confidence",
  "gof_composite": -0.6928262118393197,
  "gof_insample": -2.052551548782513,
  "gof_validation_near": 0.20975993346040467,
  "gof_validation_far": -0.015762841202088484,
  "gof_diagnostic": 0.5714285714285714,
  "rmse": 28.794217199089214,
  "mae": 20.736119954968338,
  "theil_u": 0.7902400665395953,
  "directional_accuracy": 0.8195488721804511,
  "n_params": 6,
  "status": "ok",
  "diagnostics_passed": [
    "ljung_box",
    "cusum",
    "adf",
    "forecast_plausibility"
  ],
  "diagnostics_failed": [
    "jarque_bera",
    "arch_lm",
    "economic_sign"
  ],
  "error_summary": "",
  "rmse_1yr": 28.794217199089214,
  "rmse_3yr": 116.51122740975852,
  "insample_rmse": 20.371092041496016,
  "naive_insample_rmse": 6.6734637289322345
}