{
  "experiment_id": "20260325_arimax_60",
  "trial_id": "20260325_arimax_60_055",
  "model_class": "ARIMAX",
  "champion_eligible": true,
  "description": "ARIMAX(2, 1, 0) trend=t with mortgage_rate, per_capita_income, housing_starts",
  "gof_composite": -0.6469909089014712,
  "gof_insample": -1.838710055618634,
  "gof_validation_near": 0.14104409920357663,
  "gof_validation_far": -0.12010119012084286,
  "gof_diagnostic": 0.5714285714285714,
  "rmse": 31.298036912093583,
  "mae": 22.024893062227058,
  "theil_u": 0.8589559007964234,
  "directional_accuracy": 0.8070175438596491,
  "n_params": 7,
  "status": "ok",
  "diagnostics_passed": [
    "ljung_box",
    "cusum",
    "adf",
    "forecast_plausibility"
  ],
  "diagnostics_failed": [
    "jarque_bera",
    "arch_lm",
    "economic_sign"
  ],
  "error_summary": "",
  "rmse_1yr": 31.298036912093583,
  "rmse_3yr": 128.47916776485675,
  "insample_rmse": 18.94402859312616,
  "naive_insample_rmse": 6.6734637289322345
}