{
  "experiment_id": "20260330_tcn_full20_300",
  "trial_id": "20260330_tcn_full20_300_033",
  "model_class": "TCN",
  "champion_eligible": true,
  "description": "TCN lookback=4 channels=16 num_blocks=2 kernel_size=2 epochs=75 learning_rate=0.01 with mortgage_rate",
  "gof_composite": -0.16321698160339615,
  "gof_insample": -0.046171036540984645,
  "gof_validation_near": -0.2532594570953768,
  "gof_validation_far": -0.5962739355796918,
  "gof_diagnostic": 0.3333333333333333,
  "rmse": 45.66539529239217,
  "mae": 36.21831214396158,
  "theil_u": 1.2532594570953768,
  "directional_accuracy": 0.49122807017543857,
  "n_params": 7,
  "status": "ok",
  "diagnostics_passed": [
    "jarque_bera",
    "adf"
  ],
  "diagnostics_failed": [
    "ljung_box",
    "arch_lm",
    "cusum",
    "forecast_plausibility"
  ],
  "error_summary": "",
  "rmse_1yr": 45.66539529239217,
  "rmse_3yr": 183.0976956161303,
  "insample_rmse": 6.9815844666157,
  "naive_insample_rmse": 6.6734637289322345,
  "gof_volatility_near": NaN,
  "gof_volatility_far": NaN,
  "gof_volatility_weighted": NaN,
  "validation_coverage_90": NaN,
  "fit_attempts": [],
  "fit_strategy": "",
  "fit_scaled": false,
  "fit_recovered": false
}