{
  "experiment_id": "20260330_arimax_garch_full20_300",
  "trial_id": "20260330_arimax_garch_full20_300_034",
  "model_class": "ARIMAX-GARCH",
  "champion_eligible": true,
  "description": "ARIMAX-GARCH(1, 1, 0) trend=t GARCH(1,1) dist=normal with fed_funds, m2_money_supply",
  "gof_composite": -0.5501718612832667,
  "gof_insample": -1.8415407213266102,
  "gof_validation_near": 0.20039291379188018,
  "gof_validation_far": 0.002806365443610237,
  "gof_diagnostic": 0.4444444444444444,
  "rmse": 29.135526138314102,
  "mae": 20.043755766186166,
  "theil_u": 0.7996070862081198,
  "directional_accuracy": 0.8270676691729323,
  "n_params": 8,
  "status": "ok",
  "diagnostics_passed": [
    "cusum",
    "adf",
    "forecast_plausibility",
    "std_resid_unit_variance"
  ],
  "diagnostics_failed": [
    "ljung_box",
    "jarque_bera",
    "arch_lm",
    "economic_sign",
    "volatility_coverage_90"
  ],
  "error_summary": "",
  "rmse_1yr": 29.135526138314102,
  "rmse_3yr": 114.38128036842413,
  "insample_rmse": 18.962918938057072,
  "naive_insample_rmse": 6.6734637289322345,
  "gof_volatility_near": -0.3386799282037929,
  "gof_volatility_far": -0.44351955848527336,
  "gof_volatility_weighted": -0.37013181728823696,
  "validation_coverage_90": 0.3,
  "fit_attempts": [],
  "fit_strategy": "",
  "fit_scaled": false,
  "fit_recovered": false
}