{
  "experiment_id": "20260330_arimax_full20_300",
  "trial_id": "20260330_arimax_full20_300_027",
  "model_class": "ARIMAX",
  "champion_eligible": true,
  "description": "ARIMAX(1, 1, 0) trend=t with treasury_10y, m2_money_supply",
  "gof_composite": -0.6570475612720257,
  "gof_insample": -1.9375489534073602,
  "gof_validation_near": 0.1826748310447468,
  "gof_validation_far": -0.020713519450666906,
  "gof_diagnostic": 0.5714285714285714,
  "rmse": 29.78112529808137,
  "mae": 20.902744210738202,
  "theil_u": 0.8173251689552532,
  "directional_accuracy": 0.8320802005012531,
  "n_params": 5,
  "status": "ok",
  "diagnostics_passed": [
    "ljung_box",
    "cusum",
    "adf",
    "forecast_plausibility"
  ],
  "diagnostics_failed": [
    "jarque_bera",
    "arch_lm",
    "economic_sign"
  ],
  "error_summary": "",
  "rmse_1yr": 29.78112529808137,
  "rmse_3yr": 117.07908594509345,
  "insample_rmse": 19.603626392526866,
  "naive_insample_rmse": 6.6734637289322345,
  "gof_volatility_near": NaN,
  "gof_volatility_far": NaN,
  "gof_volatility_weighted": NaN,
  "validation_coverage_90": NaN,
  "fit_attempts": [],
  "fit_strategy": "",
  "fit_scaled": false,
  "fit_recovered": false
}