{
  "experiment_id": "20260330_arimax_garch_full20_300",
  "trial_id": "20260330_arimax_garch_full20_300_075",
  "model_class": "ARIMAX-GARCH",
  "champion_eligible": true,
  "description": "ARIMAX-GARCH(1, 1, 0) trend=t GARCH(1,1) dist=normal with fed_funds, housing_inventory, new_home_sales",
  "gof_composite": 0.0012548817309430693,
  "gof_insample": 0.019136685301784695,
  "gof_validation_near": 0.1833575817357469,
  "gof_validation_far": 0.013465053550208772,
  "gof_diagnostic": 0.4444444444444444,
  "rmse": 29.756247703889557,
  "mae": 19.508689837255762,
  "theil_u": 0.8166424182642531,
  "directional_accuracy": 0.8095238095238095,
  "n_params": 9,
  "status": "ok",
  "diagnostics_passed": [
    "arch_lm",
    "cusum",
    "adf",
    "forecast_plausibility"
  ],
  "diagnostics_failed": [
    "ljung_box",
    "jarque_bera",
    "economic_sign",
    "volatility_coverage_90",
    "std_resid_unit_variance"
  ],
  "error_summary": "",
  "rmse_1yr": 29.756247703889557,
  "rmse_3yr": 113.1586949542856,
  "insample_rmse": 6.545755753678784,
  "naive_insample_rmse": 6.6734637289322345,
  "gof_volatility_near": -0.36165435812469626,
  "gof_volatility_far": -0.43769275228230065,
  "gof_volatility_weighted": -0.38446587637197754,
  "validation_coverage_90": 0.255,
  "fit_attempts": [],
  "fit_strategy": "",
  "fit_scaled": false,
  "fit_recovered": false
}