{
  "experiment_id": "20260330_svr_full20_300",
  "trial_id": "20260330_svr_full20_300_070",
  "model_class": "Support Vector Regression",
  "champion_eligible": true,
  "description": "Support Vector Regression kernel=rbf C=50.0 epsilon=0.1 gamma=scale lags=[1, 2, 4, 8] with no exogenous variables",
  "gof_composite": -0.018695615015427196,
  "gof_insample": -0.19681922995258683,
  "gof_validation_near": 0.09088964547560385,
  "gof_validation_far": 0.07702689588319689,
  "gof_diagnostic": 0.16666666666666666,
  "rmse": 33.12552996805667,
  "mae": 25.973704883129237,
  "theil_u": 0.9091103545243961,
  "directional_accuracy": 0.5037593984962406,
  "n_params": 4,
  "status": "ok",
  "diagnostics_passed": [
    "forecast_plausibility"
  ],
  "diagnostics_failed": [
    "ljung_box",
    "jarque_bera",
    "arch_lm",
    "cusum",
    "adf"
  ],
  "error_summary": "",
  "rmse_1yr": 33.12552996805667,
  "rmse_3yr": 105.86794954970092,
  "insample_rmse": 7.986929721177195,
  "naive_insample_rmse": 6.6734637289322345,
  "gof_volatility_near": NaN,
  "gof_volatility_far": NaN,
  "gof_volatility_weighted": NaN,
  "validation_coverage_90": NaN,
  "fit_attempts": [],
  "fit_strategy": "",
  "fit_scaled": false,
  "fit_recovered": false
}