{
  "experiment_id": "20260325_var_60",
  "trial_id": "20260325_var_60_021",
  "model_class": "VAR",
  "champion_eligible": true,
  "description": "VAR(4) trend=c with term_spread",
  "gof_composite": 0.13259895362753443,
  "gof_insample": 0.4366639056701127,
  "gof_validation_near": 0.07886473632071944,
  "gof_validation_far": -1.0200173312406386,
  "gof_diagnostic": 0.8333333333333334,
  "rmse": 33.5636852333563,
  "mae": 21.15737793589478,
  "theil_u": 0.9211352636792806,
  "directional_accuracy": 0.5238095238095238,
  "n_params": 9,
  "status": "ok",
  "diagnostics_passed": [
    "ljung_box",
    "arch_lm",
    "cusum",
    "adf",
    "forecast_plausibility"
  ],
  "diagnostics_failed": [
    "jarque_bera"
  ],
  "error_summary": "",
  "rmse_1yr": 33.5636852333563,
  "rmse_3yr": 231.70241035132253,
  "insample_rmse": 3.7594029927088504,
  "naive_insample_rmse": 6.6734637289322345
}