{
  "experiment_id": "20260325_vecm_60",
  "trial_id": "20260325_vecm_60_044",
  "model_class": "VECM",
  "champion_eligible": true,
  "description": "VECM(k_ar_diff=2) deterministic=ci with mortgage_rate, housing_inventory",
  "gof_composite": 0.0014155319657317006,
  "gof_insample": 0.401492411233739,
  "gof_validation_near": -0.05431400807858422,
  "gof_validation_far": -1.2678101980017296,
  "gof_diagnostic": 0.5,
  "rmse": 38.41635957234262,
  "mae": 22.843065429229608,
  "theil_u": 1.0543140080785842,
  "directional_accuracy": 0.6842105263157895,
  "n_params": 25,
  "status": "ok",
  "diagnostics_passed": [
    "cusum",
    "adf",
    "forecast_plausibility"
  ],
  "diagnostics_failed": [
    "ljung_box",
    "jarque_bera",
    "arch_lm"
  ],
  "error_summary": "",
  "rmse_1yr": 38.41635957234262,
  "rmse_3yr": 260.1250400032902,
  "insample_rmse": 3.994118685122332,
  "naive_insample_rmse": 6.6734637289322345
}