{
  "experiment_id": "20260330_svr_full20_300",
  "trial_id": "20260330_svr_full20_300_134",
  "model_class": "Support Vector Regression",
  "champion_eligible": true,
  "description": "Support Vector Regression kernel=rbf C=50.0 epsilon=1.0 gamma=0.1 lags=[1, 4, 8] with consumer_confidence",
  "gof_composite": -0.05995181123042323,
  "gof_insample": -0.43121929169230344,
  "gof_validation_near": 0.24404659802366957,
  "gof_validation_far": 0.06968619647698104,
  "gof_diagnostic": 0.16666666666666666,
  "rmse": 27.544903593933636,
  "mae": 21.655328153405396,
  "theil_u": 0.7559534019763304,
  "directional_accuracy": 0.45112781954887216,
  "n_params": 5,
  "status": "ok",
  "diagnostics_passed": [
    "forecast_plausibility"
  ],
  "diagnostics_failed": [
    "ljung_box",
    "jarque_bera",
    "arch_lm",
    "cusum",
    "adf"
  ],
  "error_summary": "",
  "rmse_1yr": 27.544903593933636,
  "rmse_3yr": 106.70995111066779,
  "insample_rmse": 9.55119003125667,
  "naive_insample_rmse": 6.6734637289322345,
  "gof_volatility_near": NaN,
  "gof_volatility_far": NaN,
  "gof_volatility_weighted": NaN,
  "validation_coverage_90": NaN,
  "fit_attempts": [],
  "fit_strategy": "",
  "fit_scaled": false,
  "fit_recovered": false
}