{
  "experiment_id": "20260330_arimax_garch_full20_300",
  "trial_id": "20260330_arimax_garch_full20_300_029",
  "model_class": "ARIMAX-GARCH",
  "champion_eligible": true,
  "description": "ARIMAX-GARCH(1, 1, 0) trend=t GARCH(1,1) dist=normal with fed_funds, mortgage_rate",
  "gof_composite": -0.540620386615098,
  "gof_insample": -1.8777778715950313,
  "gof_validation_near": 0.20020565896863063,
  "gof_validation_far": -0.04030027607073805,
  "gof_diagnostic": 0.5555555555555556,
  "rmse": 29.14234919915413,
  "mae": 19.936117500817918,
  "theil_u": 0.7997943410313694,
  "directional_accuracy": 0.8195488721804511,
  "n_params": 8,
  "status": "ok",
  "diagnostics_passed": [
    "cusum",
    "adf",
    "economic_sign",
    "forecast_plausibility",
    "std_resid_unit_variance"
  ],
  "diagnostics_failed": [
    "ljung_box",
    "jarque_bera",
    "arch_lm",
    "volatility_coverage_90"
  ],
  "error_summary": "",
  "rmse_1yr": 29.14234919915413,
  "rmse_3yr": 119.32574920369424,
  "insample_rmse": 19.204746246013247,
  "naive_insample_rmse": 6.6734637289322345,
  "gof_volatility_near": -0.2678810929346571,
  "gof_volatility_far": -0.426463687515509,
  "gof_volatility_weighted": -0.3154558713089126,
  "validation_coverage_90": 0.3025,
  "fit_attempts": [],
  "fit_strategy": "",
  "fit_scaled": false,
  "fit_recovered": false
}