{
  "experiment_id": "20260329_lstm_gru_300",
  "trial_id": "20260329_lstm_gru_300_045",
  "model_class": "LSTM / GRU",
  "champion_eligible": true,
  "description": "GRU lookback=8 hidden_size=16 num_layers=1 epochs=75 learning_rate=0.01 with unemployment_rate",
  "gof_composite": 0.226820175165044,
  "gof_insample": 0.10905530918608752,
  "gof_validation_near": 0.40564704400505525,
  "gof_validation_far": 0.05258835170337539,
  "gof_diagnostic": 0.3333333333333333,
  "rmse": 21.65661908637437,
  "mae": 14.46096188354492,
  "theil_u": 0.5943529559949448,
  "directional_accuracy": 0.7819548872180451,
  "n_params": 8,
  "status": "ok",
  "diagnostics_passed": [
    "jarque_bera",
    "forecast_plausibility"
  ],
  "diagnostics_failed": [
    "ljung_box",
    "arch_lm",
    "cusum",
    "adf"
  ],
  "error_summary": "",
  "rmse_1yr": 21.65661908637437,
  "rmse_3yr": 108.6711282672143,
  "insample_rmse": 5.945687078631389,
  "naive_insample_rmse": 6.6734637289322345,
  "gof_volatility_near": NaN,
  "gof_volatility_far": NaN,
  "gof_volatility_weighted": NaN,
  "validation_coverage_90": NaN,
  "fit_attempts": [],
  "fit_strategy": "",
  "fit_scaled": false,
  "fit_recovered": false
}