{
  "experiment_id": "20260329_xgboost_300",
  "trial_id": "20260329_xgboost_300_071",
  "model_class": "XGBoost",
  "champion_eligible": true,
  "description": "XGBoost n_estimators=500 learning_rate=0.1 max_depth=3 subsample=0.8 colsample_bytree=0.8 lags=[1, 2, 4] with mortgage_rate",
  "gof_composite": 0.5520844926533675,
  "gof_insample": 0.9785918039312984,
  "gof_validation_near": 0.2358529235579152,
  "gof_validation_far": -0.03489390331837061,
  "gof_diagnostic": 0.8333333333333334,
  "rmse": 27.843458997810696,
  "mae": 22.8601655883789,
  "theil_u": 0.7641470764420848,
  "directional_accuracy": 0.22055137844611528,
  "n_params": 11,
  "status": "ok",
  "diagnostics_passed": [
    "jarque_bera",
    "arch_lm",
    "cusum",
    "adf",
    "forecast_plausibility"
  ],
  "diagnostics_failed": [
    "ljung_box"
  ],
  "error_summary": "",
  "rmse_1yr": 27.843458997810696,
  "rmse_3yr": 118.70562105993626,
  "insample_rmse": 0.14286681996634965,
  "naive_insample_rmse": 6.6734637289322345,
  "gof_volatility_near": NaN,
  "gof_volatility_far": NaN,
  "gof_volatility_weighted": NaN,
  "validation_coverage_90": NaN,
  "fit_attempts": [],
  "fit_strategy": "",
  "fit_scaled": false,
  "fit_recovered": false
}