{
  "experiment_id": "20260325_arimax_60",
  "trial_id": "20260325_arimax_60_046",
  "model_class": "ARIMAX",
  "champion_eligible": true,
  "description": "ARIMAX(2, 1, 0) trend=t with mortgage_rate, consumer_confidence",
  "gof_composite": -0.6883333716423657,
  "gof_insample": -1.951648652258379,
  "gof_validation_near": 0.14822020900086808,
  "gof_validation_far": -0.11129227354783433,
  "gof_diagnostic": 0.5714285714285714,
  "rmse": 31.036558820945228,
  "mae": 20.955030476673805,
  "theil_u": 0.8517797909991319,
  "directional_accuracy": 0.8070175438596491,
  "n_params": 6,
  "status": "ok",
  "diagnostics_passed": [
    "ljung_box",
    "cusum",
    "adf",
    "forecast_plausibility"
  ],
  "diagnostics_failed": [
    "jarque_bera",
    "arch_lm",
    "economic_sign"
  ],
  "error_summary": "",
  "rmse_1yr": 31.036558820945228,
  "rmse_3yr": 127.46875702679827,
  "insample_rmse": 19.697720221398004,
  "naive_insample_rmse": 6.6734637289322345
}