{
  "experiment_id": "20260325_arimax_60",
  "trial_id": "20260325_arimax_60_042",
  "model_class": "ARIMAX",
  "champion_eligible": true,
  "description": "ARIMAX(2, 1, 0) trend=t with mortgage_rate, housing_starts",
  "gof_composite": -0.6360573598308819,
  "gof_insample": -1.8256720750334505,
  "gof_validation_near": 0.11914394522098115,
  "gof_validation_far": -0.12611654715610876,
  "gof_diagnostic": 0.7142857142857143,
  "rmse": 32.0960194710262,
  "mae": 22.767898200492343,
  "theil_u": 0.8808560547790188,
  "directional_accuracy": 0.8095238095238095,
  "n_params": 6,
  "status": "ok",
  "diagnostics_passed": [
    "ljung_box",
    "cusum",
    "adf",
    "economic_sign",
    "forecast_plausibility"
  ],
  "diagnostics_failed": [
    "jarque_bera",
    "arch_lm"
  ],
  "error_summary": "",
  "rmse_1yr": 32.0960194710262,
  "rmse_3yr": 129.16914834207233,
  "insample_rmse": 18.857020102592415,
  "naive_insample_rmse": 6.6734637289322345
}