{
  "experiment_id": "20260331_vecm_full20_300",
  "trial_id": "20260331_vecm_full20_300_039",
  "model_class": "VECM",
  "champion_eligible": true,
  "description": "VECM(k_ar_diff=4) deterministic=ci with consumer_confidence, new_home_sales",
  "gof_composite": 0.04352730109405127,
  "gof_insample": 0.4729880072641528,
  "gof_validation_near": -0.18320097694825987,
  "gof_validation_far": -0.9880948436425705,
  "gof_diagnostic": 0.6666666666666666,
  "rmse": 43.11265318349393,
  "mae": 27.796536811518028,
  "theil_u": 1.1832009769482599,
  "directional_accuracy": 0.5513784461152882,
  "n_params": 43,
  "status": "ok",
  "diagnostics_passed": [
    "ljung_box",
    "cusum",
    "adf",
    "forecast_plausibility"
  ],
  "diagnostics_failed": [
    "jarque_bera",
    "arch_lm"
  ],
  "error_summary": "",
  "rmse_1yr": 43.11265318349393,
  "rmse_3yr": 228.04079952923126,
  "insample_rmse": 3.5169954182349747,
  "naive_insample_rmse": 6.6734637289322345,
  "gof_volatility_near": NaN,
  "gof_volatility_far": NaN,
  "gof_volatility_weighted": NaN,
  "validation_coverage_90": NaN,
  "fit_attempts": [],
  "fit_strategy": "",
  "fit_scaled": false,
  "fit_recovered": false
}