{
  "experiment_id": "20260330_tcn_full20_300",
  "trial_id": "20260330_tcn_full20_300_004",
  "model_class": "TCN",
  "champion_eligible": true,
  "description": "TCN lookback=4 channels=32 num_blocks=3 kernel_size=2 epochs=75 learning_rate=0.01 with no exogenous variables",
  "gof_composite": 0.04460564445351348,
  "gof_insample": 0.1567885216959808,
  "gof_validation_near": -0.005358586253715325,
  "gof_validation_far": -0.3304506157960787,
  "gof_diagnostic": 0.3333333333333333,
  "rmse": 36.63255600582519,
  "mae": 27.8844670715332,
  "theil_u": 1.0053585862537153,
  "directional_accuracy": 0.41604010025062654,
  "n_params": 7,
  "status": "ok",
  "diagnostics_passed": [
    "adf",
    "forecast_plausibility"
  ],
  "diagnostics_failed": [
    "ljung_box",
    "jarque_bera",
    "arch_lm",
    "cusum"
  ],
  "error_summary": "",
  "rmse_1yr": 36.63255600582519,
  "rmse_3yr": 152.60691567632378,
  "insample_rmse": 5.627141216281202,
  "naive_insample_rmse": 6.6734637289322345,
  "gof_volatility_near": NaN,
  "gof_volatility_far": NaN,
  "gof_volatility_weighted": NaN,
  "validation_coverage_90": NaN,
  "fit_attempts": [],
  "fit_strategy": "",
  "fit_scaled": false,
  "fit_recovered": false
}