{
  "experiment_id": "20260330_xgboost_full20_300",
  "trial_id": "20260330_xgboost_full20_300_089",
  "model_class": "XGBoost",
  "champion_eligible": true,
  "description": "XGBoost n_estimators=500 learning_rate=0.1 max_depth=3 subsample=0.8 colsample_bytree=0.8 lags=[1, 4, 8] with consumer_confidence",
  "gof_composite": 0.5719916777657658,
  "gof_insample": 0.9829697335423767,
  "gof_validation_near": 0.28022691131188127,
  "gof_validation_far": -0.01739311962451162,
  "gof_diagnostic": 0.8333333333333334,
  "rmse": 26.226590535328853,
  "mae": 21.415053802490227,
  "theil_u": 0.7197730886881187,
  "directional_accuracy": 0.3533834586466165,
  "n_params": 11,
  "status": "ok",
  "diagnostics_passed": [
    "jarque_bera",
    "arch_lm",
    "cusum",
    "adf",
    "forecast_plausibility"
  ],
  "diagnostics_failed": [
    "ljung_box"
  ],
  "error_summary": "",
  "rmse_1yr": 26.226590535328853,
  "rmse_3yr": 116.69822552812971,
  "insample_rmse": 0.11365086549900058,
  "naive_insample_rmse": 6.6734637289322345,
  "gof_volatility_near": NaN,
  "gof_volatility_far": NaN,
  "gof_volatility_weighted": NaN,
  "validation_coverage_90": NaN,
  "fit_attempts": [],
  "fit_strategy": "",
  "fit_scaled": false,
  "fit_recovered": false
}