{
  "experiment_id": "20260330_nbeats_full20_300",
  "trial_id": "20260330_nbeats_full20_300_025",
  "model_class": "N-BEATS",
  "champion_eligible": true,
  "description": "N-BEATS lookback=4 stack_width=32 n_blocks=2 n_layers=2 epochs=75 learning_rate=0.01 with fed_funds",
  "gof_composite": -0.034987665504896334,
  "gof_insample": 0.3893684094366956,
  "gof_validation_near": -0.16311575955390656,
  "gof_validation_far": -1.3354078673491596,
  "gof_diagnostic": 0.6666666666666666,
  "rmse": 42.38080201999063,
  "mae": 31.379663492838535,
  "theil_u": 1.1631157595539066,
  "directional_accuracy": 0.6290726817042607,
  "n_params": 7,
  "status": "ok",
  "diagnostics_passed": [
    "jarque_bera",
    "cusum",
    "adf",
    "forecast_plausibility"
  ],
  "diagnostics_failed": [
    "ljung_box",
    "arch_lm"
  ],
  "error_summary": "",
  "rmse_1yr": 42.38080201999063,
  "rmse_3yr": 267.8787075979696,
  "insample_rmse": 4.075027771364411,
  "naive_insample_rmse": 6.6734637289322345,
  "gof_volatility_near": NaN,
  "gof_volatility_far": NaN,
  "gof_volatility_weighted": NaN,
  "validation_coverage_90": NaN,
  "fit_attempts": [],
  "fit_strategy": "",
  "fit_scaled": false,
  "fit_recovered": false
}