{
  "experiment_id": "20260330_arimax_full20_300",
  "trial_id": "20260330_arimax_full20_300_051",
  "model_class": "ARIMAX",
  "champion_eligible": true,
  "description": "ARIMAX(1, 1, 0) trend=t with personal_consumption, per_capita_income",
  "gof_composite": -0.5563663477469666,
  "gof_insample": -1.70542034679064,
  "gof_validation_near": 0.19149923690064263,
  "gof_validation_far": 0.010894672741382339,
  "gof_diagnostic": 0.5714285714285714,
  "rmse": 29.459587743069477,
  "mae": 20.731766165846434,
  "theil_u": 0.8085007630993574,
  "directional_accuracy": 0.8320802005012531,
  "n_params": 5,
  "status": "ok",
  "diagnostics_passed": [
    "ljung_box",
    "cusum",
    "adf",
    "forecast_plausibility"
  ],
  "diagnostics_failed": [
    "jarque_bera",
    "arch_lm",
    "economic_sign"
  ],
  "error_summary": "",
  "rmse_1yr": 29.459587743069477,
  "rmse_3yr": 113.4535258053457,
  "insample_rmse": 18.054524555822603,
  "naive_insample_rmse": 6.6734637289322345,
  "gof_volatility_near": NaN,
  "gof_volatility_far": NaN,
  "gof_volatility_weighted": NaN,
  "validation_coverage_90": NaN,
  "fit_attempts": [],
  "fit_strategy": "",
  "fit_scaled": false,
  "fit_recovered": false
}