{
  "experiment_id": "20260325_bvar_60",
  "trial_id": "20260325_bvar_60_009",
  "model_class": "BVAR",
  "champion_eligible": true,
  "description": "BVAR(1) prior=minnesota lambda=0.1 trend=c with per_capita_income",
  "gof_composite": -0.2797261285804634,
  "gof_insample": 0.0799539554604567,
  "gof_validation_near": -0.39888432024861564,
  "gof_validation_far": -1.2584324356286487,
  "gof_diagnostic": 0.16666666666666666,
  "rmse": 50.971572638706085,
  "mae": 36.092069453746596,
  "theil_u": 1.3988843202486156,
  "directional_accuracy": 0.8220551378446115,
  "n_params": 7,
  "status": "ok",
  "diagnostics_passed": [
    "adf"
  ],
  "diagnostics_failed": [
    "ljung_box",
    "jarque_bera",
    "arch_lm",
    "cusum",
    "forecast_plausibility"
  ],
  "error_summary": "",
  "rmse_1yr": 50.971572638706085,
  "rmse_3yr": 259.0493808433709,
  "insample_rmse": 6.139893907182214,
  "naive_insample_rmse": 6.6734637289322345,
  "gof_volatility_near": NaN,
  "gof_volatility_far": NaN,
  "gof_volatility_weighted": NaN,
  "validation_coverage_90": NaN,
  "fit_attempts": [],
  "fit_strategy": "",
  "fit_scaled": false,
  "fit_recovered": false
}