{
  "experiment_id": "20260330_arimax_garch_full20_300",
  "trial_id": "20260330_arimax_garch_full20_300_103",
  "model_class": "ARIMAX-GARCH",
  "champion_eligible": true,
  "description": "ARIMAX-GARCH(1, 1, 1) trend=t GARCH(1,1) dist=normal with treasury_10y, m2_money_supply",
  "gof_composite": -0.7886560516112321,
  "gof_insample": -1.5756508060503336,
  "gof_validation_near": -0.12201468787273617,
  "gof_validation_far": -1.9903562692387657,
  "gof_diagnostic": 0.4444444444444444,
  "rmse": 40.88318979401821,
  "mae": 24.113094219075016,
  "theil_u": 1.1220146878727362,
  "directional_accuracy": 0.7243107769423559,
  "n_params": 9,
  "status": "ok",
  "diagnostics_passed": [
    "arch_lm",
    "cusum",
    "forecast_plausibility",
    "std_resid_unit_variance"
  ],
  "diagnostics_failed": [
    "ljung_box",
    "jarque_bera",
    "adf",
    "economic_sign",
    "volatility_coverage_90"
  ],
  "error_summary": "",
  "rmse_1yr": 40.88318979401821,
  "rmse_3yr": 343.00337164249333,
  "insample_rmse": 17.188512232571973,
  "naive_insample_rmse": 6.6734637289322345,
  "gof_volatility_near": -0.5415577590218199,
  "gof_volatility_far": -0.4812446335959659,
  "gof_volatility_weighted": -0.5234638213940637,
  "validation_coverage_90": 0.1925,
  "fit_attempts": [],
  "fit_strategy": "",
  "fit_scaled": false,
  "fit_recovered": false
}