{
  "experiment_id": "20260330_arimax_garch_full20_300",
  "trial_id": "20260330_arimax_garch_full20_300_006",
  "model_class": "ARIMAX-GARCH",
  "champion_eligible": true,
  "description": "ARIMAX-GARCH(1, 1, 0) trend=t GARCH(1,1) dist=normal with housing_inventory",
  "gof_composite": -0.4438582742262334,
  "gof_insample": -1.4258020553668738,
  "gof_validation_near": 0.1641963557234154,
  "gof_validation_far": 0.014598192316835346,
  "gof_diagnostic": 0.4444444444444444,
  "rmse": 30.454431112908424,
  "mae": 21.097718748538032,
  "theil_u": 0.8358036442765846,
  "directional_accuracy": 0.8295739348370927,
  "n_params": 7,
  "status": "ok",
  "diagnostics_passed": [
    "cusum",
    "adf",
    "forecast_plausibility",
    "std_resid_unit_variance"
  ],
  "diagnostics_failed": [
    "ljung_box",
    "jarque_bera",
    "arch_lm",
    "economic_sign",
    "volatility_coverage_90"
  ],
  "error_summary": "",
  "rmse_1yr": 30.454431112908424,
  "rmse_3yr": 113.02872033504376,
  "insample_rmse": 16.188502030060096,
  "naive_insample_rmse": 6.6734637289322345,
  "gof_volatility_near": -0.3930853631154252,
  "gof_volatility_far": -0.45708095570604934,
  "gof_volatility_weighted": -0.4122840408926124,
  "validation_coverage_90": 0.28,
  "fit_attempts": [],
  "fit_strategy": "",
  "fit_scaled": false,
  "fit_recovered": false
}