{
  "experiment_id": "20260325_var_refine_20",
  "trial_id": "20260325_var_refine_20_008",
  "model_class": "VAR",
  "champion_eligible": true,
  "description": "VAR(6) trend=ct with term_spread",
  "gof_composite": -0.3649592523237926,
  "gof_insample": 0.4691956805266373,
  "gof_validation_near": -0.35371624536040613,
  "gof_validation_far": -3.3033567021664805,
  "gof_diagnostic": 0.6666666666666666,
  "rmse": 49.32576978225137,
  "mae": 29.831865549958607,
  "theil_u": 1.3537162453604061,
  "directional_accuracy": 0.6791979949874687,
  "n_params": 28,
  "status": "ok",
  "diagnostics_passed": [
    "ljung_box",
    "cusum",
    "adf",
    "forecast_plausibility"
  ],
  "diagnostics_failed": [
    "jarque_bera",
    "arch_lm"
  ],
  "error_summary": "",
  "rmse_1yr": 49.32576978225137,
  "rmse_3yr": 493.6086958625755,
  "insample_rmse": 3.542303373166044,
  "naive_insample_rmse": 6.6734637289322345,
  "gof_volatility_near": NaN,
  "gof_volatility_far": NaN,
  "gof_volatility_weighted": NaN,
  "validation_coverage_90": NaN,
  "fit_attempts": [],
  "fit_strategy": "",
  "fit_scaled": false,
  "fit_recovered": false
}