{
  "experiment_id": "20260325_arimax_60",
  "trial_id": "20260325_arimax_60_051",
  "model_class": "ARIMAX",
  "champion_eligible": true,
  "description": "ARIMAX(2, 1, 0) trend=t with mortgage_rate, real_gdp, building_permits",
  "gof_composite": -0.6348356655231611,
  "gof_insample": -1.8575756172009874,
  "gof_validation_near": 0.14886031083027407,
  "gof_validation_far": -0.10223399241288966,
  "gof_diagnostic": 0.7142857142857143,
  "rmse": 31.013235236270308,
  "mae": 21.231444926378394,
  "theil_u": 0.8511396891697259,
  "directional_accuracy": 0.8220551378446115,
  "n_params": 7,
  "status": "ok",
  "diagnostics_passed": [
    "ljung_box",
    "cusum",
    "adf",
    "economic_sign",
    "forecast_plausibility"
  ],
  "diagnostics_failed": [
    "jarque_bera",
    "arch_lm"
  ],
  "error_summary": "",
  "rmse_1yr": 31.013235236270308,
  "rmse_3yr": 126.42974338065417,
  "insample_rmse": 19.069927234071933,
  "naive_insample_rmse": 6.6734637289322345
}