{
  "experiment_id": "20260330_xgboost_full20_300",
  "trial_id": "20260330_xgboost_full20_300_087",
  "model_class": "XGBoost",
  "champion_eligible": true,
  "description": "XGBoost n_estimators=500 learning_rate=0.05 max_depth=4 subsample=0.8 colsample_bytree=0.8 lags=[1, 4, 8] with consumer_confidence",
  "gof_composite": 0.5381498672370427,
  "gof_insample": 0.9793526620327839,
  "gof_validation_near": 0.18326172617663483,
  "gof_validation_far": -0.007107567141509286,
  "gof_diagnostic": 0.8333333333333334,
  "rmse": 29.759740421995968,
  "mae": 23.23889684041341,
  "theil_u": 0.8167382738233652,
  "directional_accuracy": 0.3308270676691729,
  "n_params": 11,
  "status": "ok",
  "diagnostics_passed": [
    "jarque_bera",
    "arch_lm",
    "cusum",
    "adf",
    "forecast_plausibility"
  ],
  "diagnostics_failed": [
    "ljung_box"
  ],
  "error_summary": "",
  "rmse_1yr": 29.759740421995968,
  "rmse_3yr": 115.51843995636781,
  "insample_rmse": 0.13778926102322162,
  "naive_insample_rmse": 6.6734637289322345,
  "gof_volatility_near": NaN,
  "gof_volatility_far": NaN,
  "gof_volatility_weighted": NaN,
  "validation_coverage_90": NaN,
  "fit_attempts": [],
  "fit_strategy": "",
  "fit_scaled": false,
  "fit_recovered": false
}