{
  "experiment_id": "20260329_lstm_gru_300",
  "trial_id": "20260329_lstm_gru_300_019",
  "model_class": "LSTM / GRU",
  "champion_eligible": true,
  "description": "LSTM lookback=4 hidden_size=32 num_layers=1 epochs=75 learning_rate=0.01 with mortgage_rate",
  "gof_composite": -0.16888717622178717,
  "gof_insample": -0.5600884210829944,
  "gof_validation_near": 0.02222102997853026,
  "gof_validation_far": -0.12863889965161124,
  "gof_diagnostic": 0.6666666666666666,
  "rmse": 35.62762915677758,
  "mae": 29.294627695719395,
  "theil_u": 0.9777789700214697,
  "directional_accuracy": 0.43107769423558895,
  "n_params": 8,
  "status": "ok",
  "diagnostics_passed": [
    "jarque_bera",
    "cusum",
    "adf",
    "forecast_plausibility"
  ],
  "diagnostics_failed": [
    "ljung_box",
    "arch_lm"
  ],
  "error_summary": "",
  "rmse_1yr": 35.62762915677758,
  "rmse_3yr": 129.45847019289263,
  "insample_rmse": 10.411193492024521,
  "naive_insample_rmse": 6.6734637289322345,
  "gof_volatility_near": NaN,
  "gof_volatility_far": NaN,
  "gof_volatility_weighted": NaN,
  "validation_coverage_90": NaN,
  "fit_attempts": [],
  "fit_strategy": "",
  "fit_scaled": false,
  "fit_recovered": false
}