{
  "experiment_id": "20260329_tcn_300",
  "trial_id": "20260329_tcn_300_062",
  "model_class": "TCN",
  "champion_eligible": true,
  "description": "TCN lookback=8 channels=16 num_blocks=3 kernel_size=2 epochs=75 learning_rate=0.01 with mortgage_rate, real_gdp",
  "gof_composite": 0.008421347558764475,
  "gof_insample": 0.07538797861978153,
  "gof_validation_near": -0.08194656626827546,
  "gof_validation_far": -0.5092391935239005,
  "gof_diagnostic": 0.8333333333333334,
  "rmse": 39.42321548356536,
  "mae": 31.437534393310543,
  "theil_u": 1.0819465662682755,
  "directional_accuracy": 0.5764411027568922,
  "n_params": 7,
  "status": "ok",
  "diagnostics_passed": [
    "jarque_bera",
    "arch_lm",
    "cusum",
    "adf",
    "forecast_plausibility"
  ],
  "diagnostics_failed": [
    "ljung_box"
  ],
  "error_summary": "",
  "rmse_1yr": 39.42321548356536,
  "rmse_3yr": 173.11453398342937,
  "insample_rmse": 6.170364788015604,
  "naive_insample_rmse": 6.6734637289322345,
  "gof_volatility_near": NaN,
  "gof_volatility_far": NaN,
  "gof_volatility_weighted": NaN,
  "validation_coverage_90": NaN,
  "fit_attempts": [],
  "fit_strategy": "",
  "fit_scaled": false,
  "fit_recovered": false
}