{
  "experiment_id": "20260330_arimax_full20_300",
  "trial_id": "20260330_arimax_full20_300_052",
  "model_class": "ARIMAX",
  "champion_eligible": true,
  "description": "ARIMAX(1, 1, 0) trend=t with personal_consumption, m2_money_supply",
  "gof_composite": -0.5607890382812689,
  "gof_insample": -1.7004993158104709,
  "gof_validation_near": 0.17599897666402375,
  "gof_validation_far": 0.0044545937843599726,
  "gof_diagnostic": 0.5714285714285714,
  "rmse": 30.024375430752794,
  "mae": 21.265492175294856,
  "theil_u": 0.8240010233359762,
  "directional_accuracy": 0.8195488721804511,
  "n_params": 5,
  "status": "ok",
  "diagnostics_passed": [
    "ljung_box",
    "cusum",
    "adf",
    "forecast_plausibility"
  ],
  "diagnostics_failed": [
    "jarque_bera",
    "arch_lm",
    "economic_sign"
  ],
  "error_summary": "",
  "rmse_1yr": 30.024375430752794,
  "rmse_3yr": 114.19222333735077,
  "insample_rmse": 18.021684234067493,
  "naive_insample_rmse": 6.6734637289322345,
  "gof_volatility_near": NaN,
  "gof_volatility_far": NaN,
  "gof_volatility_weighted": NaN,
  "validation_coverage_90": NaN,
  "fit_attempts": [],
  "fit_strategy": "",
  "fit_scaled": false,
  "fit_recovered": false
}