{
  "experiment_id": "20260330_svr_full20_300",
  "trial_id": "20260330_svr_full20_300_044",
  "model_class": "Support Vector Regression",
  "champion_eligible": true,
  "description": "Support Vector Regression kernel=rbf C=50.0 epsilon=1.0 gamma=scale lags=[1, 4, 8] with no exogenous variables",
  "gof_composite": -0.03222546229258603,
  "gof_insample": -0.20456808844720387,
  "gof_validation_near": 0.042161535519636306,
  "gof_validation_far": 0.010079348807263244,
  "gof_diagnostic": 0.3333333333333333,
  "rmse": 34.901050903001476,
  "mae": 26.83061291901945,
  "theil_u": 0.9578384644803637,
  "directional_accuracy": 0.48621553884711777,
  "n_params": 4,
  "status": "ok",
  "diagnostics_passed": [
    "cusum",
    "forecast_plausibility"
  ],
  "diagnostics_failed": [
    "ljung_box",
    "jarque_bera",
    "arch_lm",
    "adf"
  ],
  "error_summary": "",
  "rmse_1yr": 34.901050903001476,
  "rmse_3yr": 113.54704605283611,
  "insample_rmse": 8.03864144728165,
  "naive_insample_rmse": 6.6734637289322345,
  "gof_volatility_near": NaN,
  "gof_volatility_far": NaN,
  "gof_volatility_weighted": NaN,
  "validation_coverage_90": NaN,
  "fit_attempts": [],
  "fit_strategy": "",
  "fit_scaled": false,
  "fit_recovered": false
}