{
  "experiment_id": "20260325_dynamic_factor_60",
  "trial_id": "20260325_dynamic_factor_60_007",
  "model_class": "Dynamic Factor",
  "champion_eligible": true,
  "description": "Dynamic Factor(k_factors=1, factor_order=1) with per_capita_income",
  "gof_composite": -6.3895596101861605,
  "gof_insample": -11.56837830197095,
  "gof_validation_near": -4.265878069885479,
  "gof_validation_far": -1.7943397662524103,
  "gof_diagnostic": 0.0,
  "rmse": 191.87439780441179,
  "mae": 160.51120189685872,
  "theil_u": 5.265878069885479,
  "directional_accuracy": 0.17794486215538846,
  "n_params": 5,
  "status": "ok",
  "diagnostics_passed": [],
  "diagnostics_failed": [
    "ljung_box",
    "jarque_bera",
    "arch_lm",
    "cusum",
    "adf",
    "forecast_plausibility"
  ],
  "error_summary": "",
  "rmse_1yr": 191.87439780441179,
  "rmse_3yr": 320.5196555336411,
  "insample_rmse": 83.87461672970204,
  "naive_insample_rmse": 6.6734637289322345,
  "fit_attempts": [],
  "fit_strategy": "",
  "fit_scaled": false,
  "fit_recovered": false
}