{
  "experiment_id": "20260329_tcn_300",
  "trial_id": "20260329_tcn_300_050",
  "model_class": "TCN",
  "champion_eligible": true,
  "description": "TCN lookback=4 channels=16 num_blocks=3 kernel_size=2 epochs=75 learning_rate=0.01 with real_gdp",
  "gof_composite": 0.10547055301374737,
  "gof_insample": 0.23763133120748425,
  "gof_validation_near": -0.09996027835849386,
  "gof_validation_far": -0.1417503247362677,
  "gof_diagnostic": 0.6666666666666666,
  "rmse": 40.079586579451345,
  "mae": 29.345338948567708,
  "theil_u": 1.0999602783584939,
  "directional_accuracy": 0.5538847117794486,
  "n_params": 7,
  "status": "ok",
  "diagnostics_passed": [
    "jarque_bera",
    "cusum",
    "adf",
    "forecast_plausibility"
  ],
  "diagnostics_failed": [
    "ljung_box",
    "arch_lm"
  ],
  "error_summary": "",
  "rmse_1yr": 40.079586579451345,
  "rmse_3yr": 130.96239233666446,
  "insample_rmse": 5.087639659261206,
  "naive_insample_rmse": 6.6734637289322345,
  "gof_volatility_near": NaN,
  "gof_volatility_far": NaN,
  "gof_volatility_weighted": NaN,
  "validation_coverage_90": NaN,
  "fit_attempts": [],
  "fit_strategy": "",
  "fit_scaled": false,
  "fit_recovered": false
}