{
  "experiment_id": "20260329_lstm_gru_300",
  "trial_id": "20260329_lstm_gru_300_078",
  "model_class": "LSTM / GRU",
  "champion_eligible": true,
  "description": "GRU lookback=8 hidden_size=16 num_layers=2 epochs=75 learning_rate=0.01 with per_capita_income",
  "gof_composite": 0.08112663768421961,
  "gof_insample": 0.1515613432699795,
  "gof_validation_near": 0.0020470948819840684,
  "gof_validation_far": -0.09031810777199967,
  "gof_diagnostic": 0.3333333333333333,
  "rmse": 36.36271295412788,
  "mae": 30.04441749064127,
  "theil_u": 0.9979529051180159,
  "directional_accuracy": 0.5363408521303258,
  "n_params": 8,
  "status": "ok",
  "diagnostics_passed": [
    "adf",
    "forecast_plausibility"
  ],
  "diagnostics_failed": [
    "ljung_box",
    "jarque_bera",
    "arch_lm",
    "cusum"
  ],
  "error_summary": "",
  "rmse_1yr": 36.36271295412788,
  "rmse_3yr": 125.06295352689246,
  "insample_rmse": 5.662024601911779,
  "naive_insample_rmse": 6.6734637289322345,
  "gof_volatility_near": NaN,
  "gof_volatility_far": NaN,
  "gof_volatility_weighted": NaN,
  "validation_coverage_90": NaN,
  "fit_attempts": [],
  "fit_strategy": "",
  "fit_scaled": false,
  "fit_recovered": false
}