{
  "experiment_id": "20260330_arimax_full20_300",
  "trial_id": "20260330_arimax_full20_300_079",
  "model_class": "ARIMAX",
  "champion_eligible": true,
  "description": "ARIMAX(1, 1, 1) trend=t with treasury_10y",
  "gof_composite": -0.8841088221652735,
  "gof_insample": -1.5555422948609787,
  "gof_validation_near": -0.12402358570982042,
  "gof_validation_far": -1.8375100424353468,
  "gof_diagnostic": 0.5714285714285714,
  "rmse": 40.95638861435275,
  "mae": 25.476365688010617,
  "theil_u": 1.1240235857098204,
  "directional_accuracy": 0.7644110275689223,
  "n_params": 5,
  "status": "ok",
  "diagnostics_passed": [
    "ljung_box",
    "cusum",
    "adf",
    "forecast_plausibility"
  ],
  "diagnostics_failed": [
    "jarque_bera",
    "arch_lm",
    "economic_sign"
  ],
  "error_summary": "",
  "rmse_1yr": 40.95638861435275,
  "rmse_3yr": 325.47142346771886,
  "insample_rmse": 17.054318812506988,
  "naive_insample_rmse": 6.6734637289322345,
  "gof_volatility_near": NaN,
  "gof_volatility_far": NaN,
  "gof_volatility_weighted": NaN,
  "validation_coverage_90": NaN,
  "fit_attempts": [],
  "fit_strategy": "",
  "fit_scaled": false,
  "fit_recovered": false
}