{
  "experiment_id": "20260325_arimax_60",
  "trial_id": "20260325_arimax_60_059",
  "model_class": "ARIMAX",
  "champion_eligible": true,
  "description": "ARIMAX(2, 1, 1) trend=t with mortgage_rate, real_gdp",
  "gof_composite": -0.8313733061572292,
  "gof_insample": -1.4388077920851998,
  "gof_validation_near": -0.15632705362232513,
  "gof_validation_far": -1.721857184654617,
  "gof_diagnostic": 0.5714285714285714,
  "rmse": 42.133439881102035,
  "mae": 26.359078475766925,
  "theil_u": 1.1563270536223251,
  "directional_accuracy": 0.6766917293233082,
  "n_params": 7,
  "status": "ok",
  "diagnostics_passed": [
    "ljung_box",
    "cusum",
    "adf",
    "forecast_plausibility"
  ],
  "diagnostics_failed": [
    "jarque_bera",
    "arch_lm",
    "economic_sign"
  ],
  "error_summary": "",
  "rmse_1yr": 42.133439881102035,
  "rmse_3yr": 312.205672972719,
  "insample_rmse": 16.275295342317886,
  "naive_insample_rmse": 6.6734637289322345
}