{
  "experiment_id": "20260329_xgboost_300",
  "trial_id": "20260329_xgboost_300_055",
  "model_class": "XGBoost",
  "champion_eligible": true,
  "description": "XGBoost n_estimators=200 learning_rate=0.03 max_depth=2 subsample=0.8 colsample_bytree=0.8 lags=[1, 2, 4] with mortgage_rate",
  "gof_composite": 0.29626307954803655,
  "gof_insample": 0.4928379039622387,
  "gof_validation_near": 0.25282388267089906,
  "gof_validation_far": -0.04018071758893549,
  "gof_diagnostic": 0.16666666666666666,
  "rmse": 27.225083008706587,
  "mae": 22.318839914957675,
  "theil_u": 0.7471761173291009,
  "directional_accuracy": 0.06766917293233082,
  "n_params": 11,
  "status": "ok",
  "diagnostics_passed": [
    "forecast_plausibility"
  ],
  "diagnostics_failed": [
    "ljung_box",
    "jarque_bera",
    "arch_lm",
    "cusum",
    "adf"
  ],
  "error_summary": "",
  "rmse_1yr": 27.225083008706587,
  "rmse_3yr": 119.31203546570637,
  "insample_rmse": 3.3845278525972464,
  "naive_insample_rmse": 6.6734637289322345,
  "gof_volatility_near": NaN,
  "gof_volatility_far": NaN,
  "gof_volatility_weighted": NaN,
  "validation_coverage_90": NaN,
  "fit_attempts": [],
  "fit_strategy": "",
  "fit_scaled": false,
  "fit_recovered": false
}