{
  "experiment_id": "20260330_arimax_garch_full20_300",
  "trial_id": "20260330_arimax_garch_full20_300_101",
  "model_class": "ARIMAX-GARCH",
  "champion_eligible": true,
  "description": "ARIMAX-GARCH(1, 1, 1) trend=t GARCH(1,1) dist=normal with treasury_10y, personal_consumption",
  "gof_composite": -0.8177270571647836,
  "gof_insample": -1.5510969195343187,
  "gof_validation_near": -0.13782308209979544,
  "gof_validation_far": -1.8729788217420773,
  "gof_diagnostic": 0.4444444444444444,
  "rmse": 41.45920505345199,
  "mae": 27.053377661402678,
  "theil_u": 1.1378230820997954,
  "directional_accuracy": 0.7518796992481203,
  "n_params": 9,
  "status": "ok",
  "diagnostics_passed": [
    "arch_lm",
    "cusum",
    "forecast_plausibility",
    "std_resid_unit_variance"
  ],
  "diagnostics_failed": [
    "ljung_box",
    "jarque_bera",
    "adf",
    "economic_sign",
    "volatility_coverage_90"
  ],
  "error_summary": "",
  "rmse_1yr": 41.45920505345199,
  "rmse_3yr": 329.53980522389975,
  "insample_rmse": 17.02465276150303,
  "naive_insample_rmse": 6.6734637289322345,
  "gof_volatility_near": -0.5749235028113695,
  "gof_volatility_far": -0.9930288007704813,
  "gof_volatility_weighted": -0.7003550921991031,
  "validation_coverage_90": 0.2075,
  "fit_attempts": [],
  "fit_strategy": "",
  "fit_scaled": false,
  "fit_recovered": false
}