{
  "experiment_id": "20260330_arimax_garch_full20_300",
  "trial_id": "20260330_arimax_garch_full20_300_074",
  "model_class": "ARIMAX-GARCH",
  "champion_eligible": true,
  "description": "ARIMAX-GARCH(1, 1, 0) trend=t GARCH(1,1) dist=normal with fed_funds, mortgage_rate, new_home_sales",
  "gof_composite": -0.9829901474363286,
  "gof_insample": -3.3284912909022504,
  "gof_validation_near": 0.17113903481814174,
  "gof_validation_far": -0.09065004003039778,
  "gof_diagnostic": 0.4444444444444444,
  "rmse": 30.20145860713241,
  "mae": 19.792481466361444,
  "theil_u": 0.8288609651818583,
  "directional_accuracy": 0.7619047619047619,
  "n_params": 9,
  "status": "ok",
  "diagnostics_passed": [
    "cusum",
    "adf",
    "economic_sign",
    "forecast_plausibility"
  ],
  "diagnostics_failed": [
    "ljung_box",
    "jarque_bera",
    "arch_lm",
    "volatility_coverage_90",
    "std_resid_unit_variance"
  ],
  "error_summary": "",
  "rmse_1yr": 30.20145860713241,
  "rmse_3yr": 125.10102721227861,
  "insample_rmse": 28.886029630835235,
  "naive_insample_rmse": 6.6734637289322345,
  "gof_volatility_near": -0.18813710976362397,
  "gof_volatility_far": -0.3957728680394601,
  "gof_volatility_weighted": -0.2504278372463748,
  "validation_coverage_90": 0.31,
  "fit_attempts": [],
  "fit_strategy": "",
  "fit_scaled": false,
  "fit_recovered": false
}