{
  "experiment_id": "20260325_var_refine2_20",
  "trial_id": "20260325_var_refine2_20_006",
  "model_class": "VAR",
  "champion_eligible": true,
  "description": "VAR(6) trend=ctt with term_spread",
  "gof_composite": -0.27448587613345377,
  "gof_insample": 0.4815663875758558,
  "gof_validation_near": -0.7921655816505673,
  "gof_validation_far": -1.710140961685095,
  "gof_diagnostic": 0.6666666666666666,
  "rmse": 65.30168134950273,
  "mae": 45.290462290853064,
  "theil_u": 1.7921655816505673,
  "directional_accuracy": 0.3258145363408521,
  "n_params": 30,
  "status": "ok",
  "diagnostics_passed": [
    "ljung_box",
    "cusum",
    "adf",
    "forecast_plausibility"
  ],
  "diagnostics_failed": [
    "jarque_bera",
    "arch_lm"
  ],
  "error_summary": "",
  "rmse_1yr": 65.30168134950273,
  "rmse_3yr": 310.861784947469,
  "insample_rmse": 3.4597479083718383,
  "naive_insample_rmse": 6.6734637289322345,
  "gof_volatility_near": NaN,
  "gof_volatility_far": NaN,
  "gof_volatility_weighted": NaN,
  "validation_coverage_90": NaN,
  "fit_attempts": [],
  "fit_strategy": "",
  "fit_scaled": false,
  "fit_recovered": false
}