{
  "experiment_id": "20260330_tcn_full20_300",
  "trial_id": "20260330_tcn_full20_300_031",
  "model_class": "TCN",
  "champion_eligible": true,
  "description": "TCN lookback=8 channels=32 num_blocks=2 kernel_size=2 epochs=75 learning_rate=0.01 with fed_funds",
  "gof_composite": -0.2510294228360227,
  "gof_insample": 0.4071822904849347,
  "gof_validation_near": -0.3783414688848774,
  "gof_validation_far": -2.0987743883574854,
  "gof_diagnostic": 0.3333333333333333,
  "rmse": 50.22304652733554,
  "mae": 34.998522552490236,
  "theil_u": 1.3783414688848774,
  "directional_accuracy": 0.6165413533834586,
  "n_params": 7,
  "status": "ok",
  "diagnostics_passed": [
    "cusum",
    "adf"
  ],
  "diagnostics_failed": [
    "ljung_box",
    "jarque_bera",
    "arch_lm",
    "forecast_plausibility"
  ],
  "error_summary": "",
  "rmse_1yr": 50.22304652733554,
  "rmse_3yr": 355.4392746107791,
  "insample_rmse": 3.9561474823174736,
  "naive_insample_rmse": 6.6734637289322345,
  "gof_volatility_near": NaN,
  "gof_volatility_far": NaN,
  "gof_volatility_weighted": NaN,
  "validation_coverage_90": NaN,
  "fit_attempts": [],
  "fit_strategy": "",
  "fit_scaled": false,
  "fit_recovered": false
}