{
  "experiment_id": "20260325_arimax_60",
  "trial_id": "20260325_arimax_60_030",
  "model_class": "ARIMAX",
  "champion_eligible": true,
  "description": "ARIMAX(1, 1, 1) trend=t with mortgage_rate, unemployment_rate, per_capita_income",
  "gof_composite": -0.7111652770541658,
  "gof_insample": -1.463375400103434,
  "gof_validation_near": 0.012503645308726496,
  "gof_validation_far": -1.2488950000913568,
  "gof_diagnostic": 0.5714285714285714,
  "rmse": 35.98170445191501,
  "mae": 22.85312739218413,
  "theil_u": 0.9874963546912735,
  "directional_accuracy": 0.7393483709273183,
  "n_params": 7,
  "status": "ok",
  "diagnostics_passed": [
    "ljung_box",
    "cusum",
    "adf",
    "forecast_plausibility"
  ],
  "diagnostics_failed": [
    "jarque_bera",
    "arch_lm",
    "economic_sign"
  ],
  "error_summary": "",
  "rmse_1yr": 35.98170445191501,
  "rmse_3yr": 257.9554066638505,
  "insample_rmse": 16.439246383334197,
  "naive_insample_rmse": 6.6734637289322345
}