{
  "experiment_id": "20260329_lstm_gru_300",
  "trial_id": "20260329_lstm_gru_300_073",
  "model_class": "LSTM / GRU",
  "champion_eligible": true,
  "description": "GRU lookback=4 hidden_size=16 num_layers=1 epochs=75 learning_rate=0.01 with per_capita_income",
  "gof_composite": 0.0076042254542081494,
  "gof_insample": -0.32994601344653285,
  "gof_validation_near": 0.2779011632970433,
  "gof_validation_far": 0.059892602303485365,
  "gof_diagnostic": 0.3333333333333333,
  "rmse": 26.311334521776978,
  "mae": 20.730116800944007,
  "theil_u": 0.7220988367029567,
  "directional_accuracy": 0.6040100250626567,
  "n_params": 8,
  "status": "ok",
  "diagnostics_passed": [
    "jarque_bera",
    "forecast_plausibility"
  ],
  "diagnostics_failed": [
    "ljung_box",
    "arch_lm",
    "cusum",
    "adf"
  ],
  "error_summary": "",
  "rmse_1yr": 26.311334521776978,
  "rmse_3yr": 107.83330750019338,
  "insample_rmse": 8.875346482173459,
  "naive_insample_rmse": 6.6734637289322345,
  "gof_volatility_near": NaN,
  "gof_volatility_far": NaN,
  "gof_volatility_weighted": NaN,
  "validation_coverage_90": NaN,
  "fit_attempts": [],
  "fit_strategy": "",
  "fit_scaled": false,
  "fit_recovered": false
}