{
  "experiment_id": "20260330_arimax_garch_full20_300",
  "trial_id": "20260330_arimax_garch_full20_300_017",
  "model_class": "ARIMAX-GARCH",
  "champion_eligible": true,
  "description": "ARIMAX-GARCH(1, 1, 0) trend=t GARCH(1,1) dist=normal with consumer_confidence, personal_consumption",
  "gof_composite": -0.5595293310056778,
  "gof_insample": -1.8491369175426526,
  "gof_validation_near": 0.173893758466241,
  "gof_validation_far": 0.009814918144998686,
  "gof_diagnostic": 0.4444444444444444,
  "rmse": 30.101083905310247,
  "mae": 21.148230980609597,
  "theil_u": 0.826106241533759,
  "directional_accuracy": 0.8370927318295739,
  "n_params": 8,
  "status": "ok",
  "diagnostics_passed": [
    "cusum",
    "adf",
    "forecast_plausibility",
    "std_resid_unit_variance"
  ],
  "diagnostics_failed": [
    "ljung_box",
    "jarque_bera",
    "arch_lm",
    "economic_sign",
    "volatility_coverage_90"
  ],
  "error_summary": "",
  "rmse_1yr": 30.101083905310247,
  "rmse_3yr": 113.57737709053065,
  "insample_rmse": 19.013611877982683,
  "naive_insample_rmse": 6.6734637289322345,
  "gof_volatility_near": -0.3447492046619245,
  "gof_volatility_far": -0.4447536107006629,
  "gof_volatility_weighted": -0.374750526473546,
  "validation_coverage_90": 0.3075,
  "fit_attempts": [],
  "fit_strategy": "",
  "fit_scaled": false,
  "fit_recovered": false
}