{
  "experiment_id": "20260330_lstm_gru_full20_300",
  "trial_id": "20260330_lstm_gru_full20_300_011",
  "model_class": "LSTM / GRU",
  "champion_eligible": true,
  "description": "GRU lookback=4 hidden_size=32 num_layers=1 epochs=75 learning_rate=0.01 with no exogenous variables",
  "gof_composite": -0.0010178963820223763,
  "gof_insample": -0.3474277781015702,
  "gof_validation_near": 0.178871939771026,
  "gof_validation_far": 0.05787579514719954,
  "gof_diagnostic": 0.6666666666666666,
  "rmse": 29.91969240187242,
  "mae": 24.443874725341797,
  "theil_u": 0.821128060228974,
  "directional_accuracy": 0.7994987468671679,
  "n_params": 8,
  "status": "ok",
  "diagnostics_passed": [
    "jarque_bera",
    "cusum",
    "adf",
    "forecast_plausibility"
  ],
  "diagnostics_failed": [
    "ljung_box",
    "arch_lm"
  ],
  "error_summary": "",
  "rmse_1yr": 29.91969240187242,
  "rmse_3yr": 108.06464169327093,
  "insample_rmse": 8.99201040451658,
  "naive_insample_rmse": 6.6734637289322345,
  "gof_volatility_near": NaN,
  "gof_volatility_far": NaN,
  "gof_volatility_weighted": NaN,
  "validation_coverage_90": NaN,
  "fit_attempts": [],
  "fit_strategy": "",
  "fit_scaled": false,
  "fit_recovered": false
}