{
  "experiment_id": "20260325_bvar_60",
  "trial_id": "20260325_bvar_60_010",
  "model_class": "BVAR",
  "champion_eligible": true,
  "description": "BVAR(1) prior=minnesota lambda=0.2 trend=c with per_capita_income",
  "gof_composite": -0.28009827586284464,
  "gof_insample": 0.07996349630036304,
  "gof_validation_near": -0.39923314619911565,
  "gof_validation_far": -1.260124932533107,
  "gof_diagnostic": 0.16666666666666666,
  "rmse": 50.984282915758165,
  "mae": 36.09840911257518,
  "theil_u": 1.3992331461991157,
  "directional_accuracy": 0.8220551378446115,
  "n_params": 7,
  "status": "ok",
  "diagnostics_passed": [
    "adf"
  ],
  "diagnostics_failed": [
    "ljung_box",
    "jarque_bera",
    "arch_lm",
    "cusum",
    "forecast_plausibility"
  ],
  "error_summary": "",
  "rmse_1yr": 50.984282915758165,
  "rmse_3yr": 259.2435156194494,
  "insample_rmse": 6.139830236733155,
  "naive_insample_rmse": 6.6734637289322345,
  "gof_volatility_near": NaN,
  "gof_volatility_far": NaN,
  "gof_volatility_weighted": NaN,
  "validation_coverage_90": NaN,
  "fit_attempts": [],
  "fit_strategy": "",
  "fit_scaled": false,
  "fit_recovered": false
}