{
  "experiment_id": "20260330_lightgbm_full20_300",
  "trial_id": "20260330_lightgbm_full20_300_054",
  "model_class": "LightGBM",
  "champion_eligible": true,
  "description": "LightGBM n_estimators=500 learning_rate=0.1 max_depth=4 num_leaves=31 lags=[1, 2, 4, 8] with no exogenous variables",
  "gof_composite": -0.09843413878279289,
  "gof_insample": -0.4601115283856716,
  "gof_validation_near": 0.14768246781148253,
  "gof_validation_far": 0.0039218366941569105,
  "gof_diagnostic": 0.3333333333333333,
  "rmse": 31.05615265990592,
  "mae": 26.228805145273274,
  "theil_u": 0.8523175321885175,
  "directional_accuracy": 0.15037593984962405,
  "n_params": 12,
  "status": "ok",
  "diagnostics_passed": [
    "cusum",
    "forecast_plausibility"
  ],
  "diagnostics_failed": [
    "ljung_box",
    "jarque_bera",
    "arch_lm",
    "adf"
  ],
  "error_summary": "",
  "rmse_1yr": 31.05615265990592,
  "rmse_3yr": 114.25333226944889,
  "insample_rmse": 9.744001324877589,
  "naive_insample_rmse": 6.6734637289322345,
  "gof_volatility_near": NaN,
  "gof_volatility_far": NaN,
  "gof_volatility_weighted": NaN,
  "validation_coverage_90": NaN,
  "fit_attempts": [],
  "fit_strategy": "",
  "fit_scaled": false,
  "fit_recovered": false
}