{
  "experiment_id": "20260331_bvar_full20_300",
  "trial_id": "20260331_bvar_full20_300_037",
  "model_class": "BVAR",
  "champion_eligible": true,
  "description": "BVAR(1) prior=minnesota lambda=0.1 trend=c with consumer_confidence, fed_funds",
  "gof_composite": -2.274900190663994,
  "gof_insample": 0.1606980406137377,
  "gof_validation_near": -4.5109080201377445,
  "gof_validation_far": -5.291299554630745,
  "gof_diagnostic": 0.3333333333333333,
  "rmse": 200.80262848593247,
  "mae": 146.05551976445392,
  "theil_u": 5.5109080201377445,
  "directional_accuracy": 0.18295739348370926,
  "n_params": 13,
  "status": "ok",
  "diagnostics_passed": [
    "cusum",
    "adf"
  ],
  "diagnostics_failed": [
    "ljung_box",
    "jarque_bera",
    "arch_lm",
    "forecast_plausibility"
  ],
  "error_summary": "",
  "rmse_1yr": 200.80262848593247,
  "rmse_3yr": 721.6320615204132,
  "insample_rmse": 5.601051183585977,
  "naive_insample_rmse": 6.6734637289322345,
  "gof_volatility_near": NaN,
  "gof_volatility_far": NaN,
  "gof_volatility_weighted": NaN,
  "validation_coverage_90": NaN,
  "fit_attempts": [],
  "fit_strategy": "",
  "fit_scaled": false,
  "fit_recovered": false
}