{
  "experiment_id": "20260330_arimax_full20_300",
  "trial_id": "20260330_arimax_full20_300_041",
  "model_class": "ARIMAX",
  "champion_eligible": true,
  "description": "ARIMAX(1, 1, 0) trend=t with mortgage_rate, population",
  "gof_composite": -0.5750034131013313,
  "gof_insample": -1.747278503381016,
  "gof_validation_near": 0.16668463579072956,
  "gof_validation_far": -0.03906803802834413,
  "gof_diagnostic": 0.7142857142857143,
  "rmse": 30.36376489672408,
  "mae": 21.530016055614684,
  "theil_u": 0.8333153642092704,
  "directional_accuracy": 0.8220551378446115,
  "n_params": 5,
  "status": "ok",
  "diagnostics_passed": [
    "ljung_box",
    "cusum",
    "adf",
    "economic_sign",
    "forecast_plausibility"
  ],
  "diagnostics_failed": [
    "jarque_bera",
    "arch_lm"
  ],
  "error_summary": "",
  "rmse_1yr": 30.36376489672408,
  "rmse_3yr": 119.18440758244495,
  "insample_rmse": 18.333863445588445,
  "naive_insample_rmse": 6.6734637289322345,
  "gof_volatility_near": NaN,
  "gof_volatility_far": NaN,
  "gof_volatility_weighted": NaN,
  "validation_coverage_90": NaN,
  "fit_attempts": [],
  "fit_strategy": "",
  "fit_scaled": false,
  "fit_recovered": false
}