{
  "experiment_id": "20260329_tcn_300",
  "trial_id": "20260329_tcn_300_038",
  "model_class": "TCN",
  "champion_eligible": true,
  "description": "TCN lookback=8 channels=16 num_blocks=3 kernel_size=2 epochs=75 learning_rate=0.01 with per_capita_income",
  "gof_composite": 0.12201477373731057,
  "gof_insample": 0.2787484955070788,
  "gof_validation_near": 0.021136454702946783,
  "gof_validation_far": -0.20143811296590441,
  "gof_diagnostic": 0.3333333333333333,
  "rmse": 35.66714815534046,
  "mae": 28.868039611816403,
  "theil_u": 0.9788635452970532,
  "directional_accuracy": 0.5488721804511278,
  "n_params": 7,
  "status": "ok",
  "diagnostics_passed": [
    "jarque_bera",
    "forecast_plausibility"
  ],
  "diagnostics_failed": [
    "ljung_box",
    "arch_lm",
    "cusum",
    "adf"
  ],
  "error_summary": "",
  "rmse_1yr": 35.66714815534046,
  "rmse_3yr": 137.8087714183985,
  "insample_rmse": 4.813245754671314,
  "naive_insample_rmse": 6.6734637289322345,
  "gof_volatility_near": NaN,
  "gof_volatility_far": NaN,
  "gof_volatility_weighted": NaN,
  "validation_coverage_90": NaN,
  "fit_attempts": [],
  "fit_strategy": "",
  "fit_scaled": false,
  "fit_recovered": false
}