{
  "experiment_id": "20260330_xgboost_full20_300",
  "trial_id": "20260330_xgboost_full20_300_056",
  "model_class": "XGBoost",
  "champion_eligible": true,
  "description": "XGBoost n_estimators=200 learning_rate=0.03 max_depth=3 subsample=0.8 colsample_bytree=0.8 lags=[1, 2, 4] with consumer_confidence",
  "gof_composite": 0.4163733996107375,
  "gof_insample": 0.6820581905635521,
  "gof_validation_near": 0.36682185478598417,
  "gof_validation_far": -0.010027949709629613,
  "gof_diagnostic": 0.16666666666666666,
  "rmse": 23.07130429218158,
  "mae": 18.782385843912756,
  "theil_u": 0.6331781452140158,
  "directional_accuracy": 0.2581453634085213,
  "n_params": 11,
  "status": "ok",
  "diagnostics_passed": [
    "forecast_plausibility"
  ],
  "diagnostics_failed": [
    "ljung_box",
    "jarque_bera",
    "arch_lm",
    "cusum",
    "adf"
  ],
  "error_summary": "",
  "rmse_1yr": 23.07130429218158,
  "rmse_3yr": 115.85341712201712,
  "insample_rmse": 2.12177313318522,
  "naive_insample_rmse": 6.6734637289322345,
  "gof_volatility_near": NaN,
  "gof_volatility_far": NaN,
  "gof_volatility_weighted": NaN,
  "validation_coverage_90": NaN,
  "fit_attempts": [],
  "fit_strategy": "",
  "fit_scaled": false,
  "fit_recovered": false
}