{
  "experiment_id": "20260330_svr_full20_300",
  "trial_id": "20260330_svr_full20_300_054",
  "model_class": "Support Vector Regression",
  "champion_eligible": true,
  "description": "Support Vector Regression kernel=rbf C=50.0 epsilon=5.0 gamma=0.1 lags=[1, 4, 8] with no exogenous variables",
  "gof_composite": -0.045666671275639246,
  "gof_insample": -0.39548004512611956,
  "gof_validation_near": 0.18804137489949313,
  "gof_validation_far": 0.08918354817768448,
  "gof_diagnostic": 0.3333333333333333,
  "rmse": 29.585582910514695,
  "mae": 23.69336879453601,
  "theil_u": 0.8119586251005069,
  "directional_accuracy": 0.5112781954887218,
  "n_params": 5,
  "status": "ok",
  "diagnostics_passed": [
    "cusum",
    "forecast_plausibility"
  ],
  "diagnostics_failed": [
    "ljung_box",
    "jarque_bera",
    "arch_lm",
    "adf"
  ],
  "error_summary": "",
  "rmse_1yr": 29.585582910514695,
  "rmse_3yr": 104.4735428805731,
  "insample_rmse": 9.312685465597877,
  "naive_insample_rmse": 6.6734637289322345,
  "gof_volatility_near": NaN,
  "gof_volatility_far": NaN,
  "gof_volatility_weighted": NaN,
  "validation_coverage_90": NaN,
  "fit_attempts": [],
  "fit_strategy": "",
  "fit_scaled": false,
  "fit_recovered": false
}