{
  "experiment_id": "20260325_bvar_60",
  "trial_id": "20260325_bvar_60_014",
  "model_class": "BVAR",
  "champion_eligible": true,
  "description": "BVAR(1) prior=minnesota lambda=0.2 trend=c with real_gdp",
  "gof_composite": -0.2800951400219566,
  "gof_insample": 0.07996203094977117,
  "gof_validation_near": -0.3992277687240753,
  "gof_validation_far": -1.2601126667673697,
  "gof_diagnostic": 0.16666666666666666,
  "rmse": 50.984086975067676,
  "mae": 36.098386271384456,
  "theil_u": 1.3992277687240753,
  "directional_accuracy": 0.8220551378446115,
  "n_params": 7,
  "status": "ok",
  "diagnostics_passed": [
    "adf"
  ],
  "diagnostics_failed": [
    "ljung_box",
    "jarque_bera",
    "arch_lm",
    "cusum",
    "forecast_plausibility"
  ],
  "error_summary": "",
  "rmse_1yr": 50.984086975067676,
  "rmse_3yr": 259.24210869712147,
  "insample_rmse": 6.13984001569718,
  "naive_insample_rmse": 6.6734637289322345,
  "gof_volatility_near": NaN,
  "gof_volatility_far": NaN,
  "gof_volatility_weighted": NaN,
  "validation_coverage_90": NaN,
  "fit_attempts": [],
  "fit_strategy": "",
  "fit_scaled": false,
  "fit_recovered": false
}