{
  "experiment_id": "20260331_vecm_full20_300",
  "trial_id": "20260331_vecm_full20_300_054",
  "model_class": "VECM",
  "champion_eligible": true,
  "description": "VECM(k_ar_diff=4) deterministic=ci with treasury_10y, housing_inventory",
  "gof_composite": 0.20341029792574417,
  "gof_insample": 0.49957648138790367,
  "gof_validation_near": 0.10159002357319391,
  "gof_validation_far": -0.6576231303113456,
  "gof_diagnostic": 0.6666666666666666,
  "rmse": 32.73563704298192,
  "mae": 20.027162918803818,
  "theil_u": 0.8984099764268061,
  "directional_accuracy": 0.6115288220551378,
  "n_params": 43,
  "status": "ok",
  "diagnostics_passed": [
    "ljung_box",
    "cusum",
    "adf",
    "forecast_plausibility"
  ],
  "diagnostics_failed": [
    "jarque_bera",
    "arch_lm"
  ],
  "error_summary": "",
  "rmse_1yr": 32.73563704298192,
  "rmse_3yr": 190.1346433059338,
  "insample_rmse": 3.3395582005624695,
  "naive_insample_rmse": 6.6734637289322345,
  "gof_volatility_near": NaN,
  "gof_volatility_far": NaN,
  "gof_volatility_weighted": NaN,
  "validation_coverage_90": NaN,
  "fit_attempts": [],
  "fit_strategy": "",
  "fit_scaled": false,
  "fit_recovered": false
}