{
  "experiment_id": "20260330_arimax_full20_300",
  "trial_id": "20260330_arimax_full20_300_023",
  "model_class": "ARIMAX",
  "champion_eligible": true,
  "description": "ARIMAX(1, 1, 0) trend=t with treasury_10y, housing_inventory",
  "gof_composite": -0.5498090200030136,
  "gof_insample": -1.6658521195643665,
  "gof_validation_near": 0.17222308501784467,
  "gof_validation_far": -0.005927393842465101,
  "gof_diagnostic": 0.5714285714285714,
  "rmse": 30.16195874091878,
  "mae": 20.628588413496132,
  "theil_u": 0.8277769149821553,
  "directional_accuracy": 0.8471177944862155,
  "n_params": 5,
  "status": "ok",
  "diagnostics_passed": [
    "ljung_box",
    "cusum",
    "adf",
    "forecast_plausibility"
  ],
  "diagnostics_failed": [
    "jarque_bera",
    "arch_lm",
    "economic_sign"
  ],
  "error_summary": "",
  "rmse_1yr": 30.16195874091878,
  "rmse_3yr": 115.38307032671574,
  "insample_rmse": 17.79046742660992,
  "naive_insample_rmse": 6.6734637289322345,
  "gof_volatility_near": NaN,
  "gof_volatility_far": NaN,
  "gof_volatility_weighted": NaN,
  "validation_coverage_90": NaN,
  "fit_attempts": [],
  "fit_strategy": "",
  "fit_scaled": false,
  "fit_recovered": false
}