{
  "experiment_id": "20260325_var_60",
  "trial_id": "20260325_var_60_037",
  "model_class": "VAR",
  "champion_eligible": true,
  "description": "VAR(1) trend=c with mortgage_rate, building_permits",
  "gof_composite": -0.2761090352562232,
  "gof_insample": 0.11068886328970506,
  "gof_validation_near": -0.399877513600277,
  "gof_validation_far": -1.4250718943022775,
  "gof_diagnostic": 0.3333333333333333,
  "rmse": 51.007761926366044,
  "mae": 37.1360984808077,
  "theil_u": 1.399877513600277,
  "directional_accuracy": 0.7268170426065163,
  "n_params": 4,
  "status": "ok",
  "diagnostics_passed": [
    "adf",
    "forecast_plausibility"
  ],
  "diagnostics_failed": [
    "ljung_box",
    "jarque_bera",
    "arch_lm",
    "cusum"
  ],
  "error_summary": "",
  "rmse_1yr": 51.007761926366044,
  "rmse_3yr": 278.1634565679617,
  "insample_rmse": 5.934785614571649,
  "naive_insample_rmse": 6.6734637289322345
}