{
  "experiment_id": "20260329_tcn_300",
  "trial_id": "20260329_tcn_300_002",
  "model_class": "TCN",
  "champion_eligible": true,
  "description": "TCN lookback=4 channels=16 num_blocks=3 kernel_size=2 epochs=75 learning_rate=0.01 with no exogenous variables",
  "gof_composite": 0.05358106507057697,
  "gof_insample": 0.15032881045742674,
  "gof_validation_near": -0.03276099811836275,
  "gof_validation_far": -0.189449620695334,
  "gof_diagnostic": 0.3333333333333333,
  "rmse": 37.63102600553637,
  "mae": 30.050311462402345,
  "theil_u": 1.0327609981183627,
  "directional_accuracy": 0.6466165413533834,
  "n_params": 7,
  "status": "ok",
  "diagnostics_passed": [
    "adf",
    "forecast_plausibility"
  ],
  "diagnostics_failed": [
    "ljung_box",
    "jarque_bera",
    "arch_lm",
    "cusum"
  ],
  "error_summary": "",
  "rmse_1yr": 37.63102600553637,
  "rmse_3yr": 136.43365323866323,
  "insample_rmse": 5.670249864931068,
  "naive_insample_rmse": 6.6734637289322345,
  "gof_volatility_near": NaN,
  "gof_volatility_far": NaN,
  "gof_volatility_weighted": NaN,
  "validation_coverage_90": NaN,
  "fit_attempts": [],
  "fit_strategy": "",
  "fit_scaled": false,
  "fit_recovered": false
}