{
  "experiment_id": "20260330_arimax_full20_300",
  "trial_id": "20260330_arimax_full20_300_088",
  "model_class": "ARIMAX",
  "champion_eligible": true,
  "description": "ARIMAX(1, 1, 1) trend=t with consumer_confidence, treasury_10y",
  "gof_composite": -0.8888860094210347,
  "gof_insample": -1.5913940874723678,
  "gof_validation_near": -0.10281510872544586,
  "gof_validation_far": -1.8232396234735906,
  "gof_diagnostic": 0.5714285714285714,
  "rmse": 40.18360890017792,
  "mae": 23.673052765662582,
  "theil_u": 1.1028151087254459,
  "directional_accuracy": 0.7343358395989975,
  "n_params": 6,
  "status": "ok",
  "diagnostics_passed": [
    "ljung_box",
    "cusum",
    "adf",
    "forecast_plausibility"
  ],
  "diagnostics_failed": [
    "jarque_bera",
    "arch_lm",
    "economic_sign"
  ],
  "error_summary": "",
  "rmse_1yr": 40.18360890017792,
  "rmse_3yr": 323.83456104133,
  "insample_rmse": 17.293574450116292,
  "naive_insample_rmse": 6.6734637289322345,
  "gof_volatility_near": NaN,
  "gof_volatility_far": NaN,
  "gof_volatility_weighted": NaN,
  "validation_coverage_90": NaN,
  "fit_attempts": [],
  "fit_strategy": "",
  "fit_scaled": false,
  "fit_recovered": false
}