{
  "experiment_id": "20260325_arimax_garch_60_volaware",
  "trial_id": "20260325_arimax_garch_60_volaware_027",
  "model_class": "ARIMAX-GARCH",
  "champion_eligible": true,
  "description": "ARIMAX-GARCH(1, 1, 1) trend=t GARCH(1,1) dist=normal with mortgage_rate, unemployment_rate, per_capita_income",
  "gof_composite": -0.6123380095514362,
  "gof_insample": -1.463375400103434,
  "gof_validation_near": 0.012503645308726496,
  "gof_validation_far": -1.2488950000913568,
  "gof_diagnostic": 0.4444444444444444,
  "rmse": 35.98170445191501,
  "mae": 22.85312739218413,
  "theil_u": 0.9874963546912735,
  "directional_accuracy": 0.7393483709273183,
  "n_params": 10,
  "status": "ok",
  "diagnostics_passed": [
    "arch_lm",
    "cusum",
    "forecast_plausibility",
    "std_resid_unit_variance"
  ],
  "diagnostics_failed": [
    "ljung_box",
    "jarque_bera",
    "adf",
    "economic_sign",
    "volatility_coverage_90"
  ],
  "error_summary": "",
  "rmse_1yr": 35.98170445191501,
  "rmse_3yr": 257.9554066638505,
  "insample_rmse": 16.439246383334197,
  "naive_insample_rmse": 6.6734637289322345,
  "gof_volatility_near": -0.3412139732537216,
  "gof_volatility_far": -0.483917332846602,
  "gof_volatility_weighted": -0.3840249811315857,
  "validation_coverage_90": 0.2575,
  "fit_attempts": [],
  "fit_strategy": "",
  "fit_scaled": false,
  "fit_recovered": false
}