{
  "experiment_id": "20260325_var_refine2_20",
  "trial_id": "20260325_var_refine2_20_012",
  "model_class": "VAR",
  "champion_eligible": true,
  "description": "VAR(6) trend=ctt with mortgage_rate, term_spread",
  "gof_composite": -0.3284034347859328,
  "gof_insample": 0.5055889520024668,
  "gof_validation_near": -0.8948261488574738,
  "gof_validation_far": -2.0052213121342475,
  "gof_diagnostic": 0.8333333333333334,
  "rmse": 69.04235560167221,
  "mae": 50.81679812756176,
  "theil_u": 1.8948261488574738,
  "directional_accuracy": 0.2807017543859649,
  "n_params": 63,
  "status": "ok",
  "diagnostics_passed": [
    "ljung_box",
    "arch_lm",
    "cusum",
    "adf",
    "forecast_plausibility"
  ],
  "diagnostics_failed": [
    "jarque_bera"
  ],
  "error_summary": "",
  "rmse_1yr": 69.04235560167221,
  "rmse_3yr": 344.70843932463225,
  "insample_rmse": 3.299434195994912,
  "naive_insample_rmse": 6.6734637289322345,
  "gof_volatility_near": NaN,
  "gof_volatility_far": NaN,
  "gof_volatility_weighted": NaN,
  "validation_coverage_90": NaN,
  "fit_attempts": [],
  "fit_strategy": "",
  "fit_scaled": false,
  "fit_recovered": false
}