{
  "experiment_id": "20260331_var_full20_300",
  "trial_id": "20260331_var_full20_300_049",
  "model_class": "VAR",
  "champion_eligible": true,
  "description": "VAR(1) trend=c with consumer_confidence, per_capita_income",
  "gof_composite": -0.2141353305224275,
  "gof_insample": 0.14600585974727787,
  "gof_validation_near": -0.3455585187177579,
  "gof_validation_far": -1.2328368413563782,
  "gof_diagnostic": 0.3333333333333333,
  "rmse": 49.02852422011757,
  "mae": 31.747195289768268,
  "theil_u": 1.345558518717758,
  "directional_accuracy": 0.681704260651629,
  "n_params": 12,
  "status": "ok",
  "diagnostics_passed": [
    "cusum",
    "adf"
  ],
  "diagnostics_failed": [
    "ljung_box",
    "jarque_bera",
    "arch_lm",
    "forecast_plausibility"
  ],
  "error_summary": "",
  "rmse_1yr": 49.02852422011757,
  "rmse_3yr": 256.11348480152003,
  "insample_rmse": 5.699098919697208,
  "naive_insample_rmse": 6.6734637289322345,
  "gof_volatility_near": NaN,
  "gof_volatility_far": NaN,
  "gof_volatility_weighted": NaN,
  "validation_coverage_90": NaN,
  "fit_attempts": [],
  "fit_strategy": "",
  "fit_scaled": false,
  "fit_recovered": false
}