{
  "experiment_id": "20260325_dynamic_factor_60",
  "trial_id": "20260325_dynamic_factor_60_009",
  "model_class": "Dynamic Factor",
  "champion_eligible": true,
  "description": "Dynamic Factor(k_factors=1, factor_order=4) with per_capita_income",
  "gof_composite": -5.595512627802397,
  "gof_insample": -10.774984835386684,
  "gof_validation_near": -2.8008858428453065,
  "gof_validation_far": -2.0347243243457713,
  "gof_diagnostic": 0.0,
  "rmse": 138.49403129744664,
  "mae": 125.70038015921088,
  "theil_u": 3.8008858428453065,
  "directional_accuracy": 0.17794486215538846,
  "n_params": 8,
  "status": "ok",
  "diagnostics_passed": [],
  "diagnostics_failed": [
    "ljung_box",
    "jarque_bera",
    "arch_lm",
    "cusum",
    "adf",
    "forecast_plausibility"
  ],
  "error_summary": "",
  "rmse_1yr": 138.49403129744664,
  "rmse_3yr": 348.09252862738896,
  "insample_rmse": 78.57993420768014,
  "naive_insample_rmse": 6.6734637289322345,
  "fit_attempts": [],
  "fit_strategy": "",
  "fit_scaled": false,
  "fit_recovered": false
}