{
  "experiment_id": "20260325_arimax_garch_60_volaware",
  "trial_id": "20260325_arimax_garch_60_volaware_039",
  "model_class": "ARIMAX-GARCH",
  "champion_eligible": true,
  "description": "ARIMAX-GARCH(1, 1, 0) trend=t GARCH(1,2) dist=normal with mortgage_rate, housing_inventory",
  "gof_composite": -0.5270999756057063,
  "gof_insample": -1.675892932288447,
  "gof_validation_near": 0.16562978896253622,
  "gof_validation_far": -0.01976120775033463,
  "gof_diagnostic": 0.4444444444444444,
  "rmse": 30.402200670824694,
  "mae": 20.86663367456093,
  "theil_u": 0.8343702110374638,
  "directional_accuracy": 0.8421052631578947,
  "n_params": 9,
  "status": "ok",
  "diagnostics_passed": [
    "cusum",
    "adf",
    "forecast_plausibility",
    "std_resid_unit_variance"
  ],
  "diagnostics_failed": [
    "ljung_box",
    "jarque_bera",
    "arch_lm",
    "economic_sign",
    "volatility_coverage_90"
  ],
  "error_summary": "",
  "rmse_1yr": 30.402200670824694,
  "rmse_3yr": 116.96985276527847,
  "insample_rmse": 17.85747442613307,
  "naive_insample_rmse": 6.6734637289322345,
  "gof_volatility_near": -0.31555788825631814,
  "gof_volatility_far": -0.7064698184581528,
  "gof_volatility_weighted": -0.4328314673168685,
  "validation_coverage_90": 0.315,
  "fit_attempts": [],
  "fit_strategy": "",
  "fit_scaled": false,
  "fit_recovered": false
}