{
  "experiment_id": "20260330_arimax_garch_full20_300",
  "trial_id": "20260330_arimax_garch_full20_300_080",
  "model_class": "ARIMAX-GARCH",
  "champion_eligible": true,
  "description": "ARIMAX-GARCH(1, 1, 1) trend=t GARCH(1,1) dist=normal with fed_funds",
  "gof_composite": -2.0667428436243203,
  "gof_insample": -1.5327899700289578,
  "gof_validation_near": 0.08488906500287108,
  "gof_validation_far": -0.27638064967428444,
  "gof_diagnostic": 0.4444444444444444,
  "rmse": 33.344174940348545,
  "mae": 22.33971509498783,
  "theil_u": 0.9151109349971289,
  "directional_accuracy": 0.8446115288220551,
  "n_params": 8,
  "status": "ok",
  "diagnostics_passed": [
    "arch_lm",
    "cusum",
    "forecast_plausibility",
    "std_resid_unit_variance"
  ],
  "diagnostics_failed": [
    "ljung_box",
    "jarque_bera",
    "adf",
    "economic_sign",
    "volatility_coverage_90"
  ],
  "error_summary": "",
  "rmse_1yr": 33.344174940348545,
  "rmse_3yr": 146.40491865170438,
  "insample_rmse": 16.90248199799161,
  "naive_insample_rmse": 6.6734637289322345,
  "gof_volatility_near": -2.4704726571674076,
  "gof_volatility_far": -16.16802377785427,
  "gof_volatility_weighted": -6.579737993373466,
  "validation_coverage_90": 0.1675,
  "fit_attempts": [],
  "fit_strategy": "",
  "fit_scaled": false,
  "fit_recovered": false
}