{
  "experiment_id": "20260330_arimax_garch_full20_300",
  "trial_id": "20260330_arimax_garch_full20_300_097",
  "model_class": "ARIMAX-GARCH",
  "champion_eligible": true,
  "description": "ARIMAX-GARCH(1, 1, 1) trend=t GARCH(1,1) dist=normal with treasury_10y, fed_funds",
  "gof_composite": -1.2750231311312412,
  "gof_insample": -1.4723035925009027,
  "gof_validation_near": 0.09369282668243384,
  "gof_validation_far": -0.36453461159396583,
  "gof_diagnostic": 0.4444444444444444,
  "rmse": 33.023389603456685,
  "mae": 21.48798831387228,
  "theil_u": 0.9063071733175662,
  "directional_accuracy": 0.7268170426065163,
  "n_params": 9,
  "status": "ok",
  "diagnostics_passed": [
    "arch_lm",
    "cusum",
    "forecast_plausibility",
    "std_resid_unit_variance"
  ],
  "diagnostics_failed": [
    "ljung_box",
    "jarque_bera",
    "adf",
    "economic_sign",
    "volatility_coverage_90"
  ],
  "error_summary": "",
  "rmse_1yr": 33.023389603456685,
  "rmse_3yr": 156.5164583612494,
  "insample_rmse": 16.498828351463633,
  "naive_insample_rmse": 6.6734637289322345,
  "gof_volatility_near": -1.5255792259060463,
  "gof_volatility_far": -7.970265050707583,
  "gof_volatility_weighted": -3.4589849733465075,
  "validation_coverage_90": 0.2,
  "fit_attempts": [],
  "fit_strategy": "",
  "fit_scaled": false,
  "fit_recovered": false
}