{
  "experiment_id": "20260325_var",
  "trial_id": "20260325_var_011",
  "model_class": "VAR",
  "champion_eligible": true,
  "description": "VAR(2) trend=c with mortgage_rate, per_capita_income",
  "gof_composite": -0.04989585825479216,
  "gof_insample": 0.31567198940328567,
  "gof_validation_near": -0.1335811684312771,
  "gof_validation_far": -1.196074967101063,
  "gof_diagnostic": 0.5,
  "rmse": 41.3046411573869,
  "mae": 26.635687717710045,
  "theil_u": 1.133581168431277,
  "directional_accuracy": 0.8395989974937343,
  "n_params": 7,
  "status": "ok",
  "diagnostics_passed": [
    "cusum",
    "adf",
    "forecast_plausibility"
  ],
  "diagnostics_failed": [
    "ljung_box",
    "jarque_bera",
    "arch_lm"
  ],
  "error_summary": "",
  "rmse_1yr": 41.3046411573869,
  "rmse_3yr": 251.89678094346087,
  "insample_rmse": 4.566838157409527,
  "naive_insample_rmse": 6.6734637289322345
}