{
  "experiment_id": "20260330_arimax_garch_full20_300",
  "trial_id": "20260330_arimax_garch_full20_300_011",
  "model_class": "ARIMAX-GARCH",
  "champion_eligible": true,
  "description": "ARIMAX-GARCH(1, 1, 0) trend=t GARCH(1,1) dist=normal with population",
  "gof_composite": -0.44321841729069433,
  "gof_insample": -1.5096744630528507,
  "gof_validation_near": 0.17038591988848584,
  "gof_validation_far": 0.001866771265805589,
  "gof_diagnostic": 0.6666666666666666,
  "rmse": 30.228900084448725,
  "mae": 21.40669354872588,
  "theil_u": 0.8296140801115142,
  "directional_accuracy": 0.8320802005012531,
  "n_params": 7,
  "status": "ok",
  "diagnostics_passed": [
    "arch_lm",
    "cusum",
    "adf",
    "economic_sign",
    "forecast_plausibility",
    "std_resid_unit_variance"
  ],
  "diagnostics_failed": [
    "ljung_box",
    "jarque_bera",
    "volatility_coverage_90"
  ],
  "error_summary": "",
  "rmse_1yr": 30.228900084448725,
  "rmse_3yr": 114.48905480797099,
  "insample_rmse": 16.74822150061068,
  "naive_insample_rmse": 6.6734637289322345,
  "gof_volatility_near": -0.37531593790856,
  "gof_volatility_far": -0.4544748400827967,
  "gof_volatility_weighted": -0.399063608560831,
  "validation_coverage_90": 0.2975,
  "fit_attempts": [],
  "fit_strategy": "",
  "fit_scaled": false,
  "fit_recovered": false
}