{
  "experiment_id": "20260330_xgboost_full20_300",
  "trial_id": "20260330_xgboost_full20_300_083",
  "model_class": "XGBoost",
  "champion_eligible": true,
  "description": "XGBoost n_estimators=500 learning_rate=0.03 max_depth=3 subsample=0.8 colsample_bytree=0.8 lags=[1, 4, 8] with consumer_confidence",
  "gof_composite": 0.5453314100885649,
  "gof_insample": 0.8811762128214385,
  "gof_validation_near": 0.313075607306476,
  "gof_validation_far": -0.0003258062040696341,
  "gof_diagnostic": 0.8333333333333334,
  "rmse": 25.029672627436593,
  "mae": 19.76696011352539,
  "theil_u": 0.686924392693524,
  "directional_accuracy": 0.3208020050125313,
  "n_params": 11,
  "status": "ok",
  "diagnostics_passed": [
    "jarque_bera",
    "arch_lm",
    "cusum",
    "adf",
    "forecast_plausibility"
  ],
  "diagnostics_failed": [
    "ljung_box"
  ],
  "error_summary": "",
  "rmse_1yr": 25.029672627436593,
  "rmse_3yr": 114.74055041486267,
  "insample_rmse": 0.7929662338704929,
  "naive_insample_rmse": 6.6734637289322345,
  "gof_volatility_near": NaN,
  "gof_volatility_far": NaN,
  "gof_volatility_weighted": NaN,
  "validation_coverage_90": NaN,
  "fit_attempts": [],
  "fit_strategy": "",
  "fit_scaled": false,
  "fit_recovered": false
}