{
  "experiment_id": "20260330_arimax_full20_300",
  "trial_id": "20260330_arimax_full20_300_007",
  "model_class": "ARIMAX",
  "champion_eligible": true,
  "description": "ARIMAX(1, 1, 0) trend=t with new_home_sales",
  "gof_composite": -1.019246297898565,
  "gof_insample": -2.8557083658135505,
  "gof_validation_near": 0.15703731031526547,
  "gof_validation_far": -0.022363877413726918,
  "gof_diagnostic": 0.7142857142857143,
  "rmse": 30.71528742372936,
  "mae": 21.25582747890156,
  "theil_u": 0.8429626896847345,
  "directional_accuracy": 0.8220551378446115,
  "n_params": 4,
  "status": "ok",
  "diagnostics_passed": [
    "ljung_box",
    "cusum",
    "adf",
    "economic_sign",
    "forecast_plausibility"
  ],
  "diagnostics_failed": [
    "jarque_bera",
    "arch_lm"
  ],
  "error_summary": "",
  "rmse_1yr": 30.71528742372936,
  "rmse_3yr": 117.26838725061673,
  "insample_rmse": 25.73092992859731,
  "naive_insample_rmse": 6.6734637289322345,
  "gof_volatility_near": NaN,
  "gof_volatility_far": NaN,
  "gof_volatility_weighted": NaN,
  "validation_coverage_90": NaN,
  "fit_attempts": [],
  "fit_strategy": "",
  "fit_scaled": false,
  "fit_recovered": false
}