{
  "experiment_id": "20260330_xgboost_full20_300",
  "trial_id": "20260330_xgboost_full20_300_055",
  "model_class": "XGBoost",
  "champion_eligible": true,
  "description": "XGBoost n_estimators=200 learning_rate=0.03 max_depth=2 subsample=0.8 colsample_bytree=0.8 lags=[1, 2, 4] with consumer_confidence",
  "gof_composite": 0.35873639446395406,
  "gof_insample": 0.5224503164408032,
  "gof_validation_near": 0.34462375243943144,
  "gof_validation_far": -0.027969191996677134,
  "gof_diagnostic": 0.3333333333333333,
  "rmse": 23.88014328610043,
  "mae": 19.36233568318685,
  "theil_u": 0.6553762475605686,
  "directional_accuracy": 0.17042606516290726,
  "n_params": 11,
  "status": "ok",
  "diagnostics_passed": [
    "jarque_bera",
    "forecast_plausibility"
  ],
  "diagnostics_failed": [
    "ljung_box",
    "arch_lm",
    "cusum",
    "adf"
  ],
  "error_summary": "",
  "rmse_1yr": 23.88014328610043,
  "rmse_3yr": 117.91133465485969,
  "insample_rmse": 3.1869104919953664,
  "naive_insample_rmse": 6.6734637289322345,
  "gof_volatility_near": NaN,
  "gof_volatility_far": NaN,
  "gof_volatility_weighted": NaN,
  "validation_coverage_90": NaN,
  "fit_attempts": [],
  "fit_strategy": "",
  "fit_scaled": false,
  "fit_recovered": false
}