{
  "experiment_id": "20260325_arimax_60",
  "trial_id": "20260325_arimax_60_043",
  "model_class": "ARIMAX",
  "champion_eligible": true,
  "description": "ARIMAX(2, 1, 0) trend=t with mortgage_rate, building_permits",
  "gof_composite": -0.6307906035732394,
  "gof_insample": -1.8409283925453415,
  "gof_validation_near": 0.14522923891794615,
  "gof_validation_far": -0.1111870106997015,
  "gof_diagnostic": 0.7142857142857143,
  "rmse": 31.145541705830773,
  "mae": 21.470250029664957,
  "theil_u": 0.8547707610820539,
  "directional_accuracy": 0.8195488721804511,
  "n_params": 6,
  "status": "ok",
  "diagnostics_passed": [
    "ljung_box",
    "cusum",
    "adf",
    "economic_sign",
    "forecast_plausibility"
  ],
  "diagnostics_failed": [
    "jarque_bera",
    "arch_lm"
  ],
  "error_summary": "",
  "rmse_1yr": 31.145541705830773,
  "rmse_3yr": 127.45668304344396,
  "insample_rmse": 18.958832584145092,
  "naive_insample_rmse": 6.6734637289322345
}