{
  "experiment_id": "20260330_lstm_gru_full20_300",
  "trial_id": "20260330_lstm_gru_full20_300_018",
  "model_class": "LSTM / GRU",
  "champion_eligible": true,
  "description": "LSTM lookback=4 hidden_size=16 num_layers=2 epochs=75 learning_rate=0.01 with consumer_confidence",
  "gof_composite": 0.19975087420496865,
  "gof_insample": -0.009860223784330158,
  "gof_validation_near": 0.43106201414128165,
  "gof_validation_far": 0.12993283623945884,
  "gof_diagnostic": 0.3333333333333333,
  "rmse": 20.73056610425289,
  "mae": 14.308580525716144,
  "theil_u": 0.5689379858587184,
  "directional_accuracy": 0.6215538847117794,
  "n_params": 8,
  "status": "ok",
  "diagnostics_passed": [
    "adf",
    "forecast_plausibility"
  ],
  "diagnostics_failed": [
    "ljung_box",
    "jarque_bera",
    "arch_lm",
    "cusum"
  ],
  "error_summary": "",
  "rmse_1yr": 20.73056610425289,
  "rmse_3yr": 99.79946998130018,
  "insample_rmse": 6.739265574716117,
  "naive_insample_rmse": 6.6734637289322345,
  "gof_volatility_near": NaN,
  "gof_volatility_far": NaN,
  "gof_volatility_weighted": NaN,
  "validation_coverage_90": NaN,
  "fit_attempts": [],
  "fit_strategy": "",
  "fit_scaled": false,
  "fit_recovered": false
}