{
  "experiment_id": "20260330_xgboost_full20_300",
  "trial_id": "20260330_xgboost_full20_300_095",
  "model_class": "XGBoost",
  "champion_eligible": true,
  "description": "XGBoost n_estimators=200 learning_rate=0.05 max_depth=3 subsample=0.8 colsample_bytree=0.8 lags=[1, 2, 4, 8] with consumer_confidence",
  "gof_composite": 0.4977132514315096,
  "gof_insample": 0.814886170068914,
  "gof_validation_near": 0.2970253541984029,
  "gof_validation_far": 0.0075549517855753034,
  "gof_diagnostic": 0.6666666666666666,
  "rmse": 25.614500572339406,
  "mae": 20.627608357747395,
  "theil_u": 0.7029746458015971,
  "directional_accuracy": 0.3208020050125313,
  "n_params": 12,
  "status": "ok",
  "diagnostics_passed": [
    "jarque_bera",
    "cusum",
    "adf",
    "forecast_plausibility"
  ],
  "diagnostics_failed": [
    "ljung_box",
    "arch_lm"
  ],
  "error_summary": "",
  "rmse_1yr": 25.614500572339406,
  "rmse_3yr": 113.83660241731025,
  "insample_rmse": 1.2353504297688331,
  "naive_insample_rmse": 6.6734637289322345,
  "gof_volatility_near": NaN,
  "gof_volatility_far": NaN,
  "gof_volatility_weighted": NaN,
  "validation_coverage_90": NaN,
  "fit_attempts": [],
  "fit_strategy": "",
  "fit_scaled": false,
  "fit_recovered": false
}