{
  "experiment_id": "20260330_nbeats_full20_300",
  "trial_id": "20260330_nbeats_full20_300_011",
  "model_class": "N-BEATS",
  "champion_eligible": true,
  "description": "N-BEATS lookback=4 stack_width=64 n_blocks=2 n_layers=2 epochs=75 learning_rate=0.01 with consumer_confidence",
  "gof_composite": -0.04776478652783183,
  "gof_insample": 0.4221962481082555,
  "gof_validation_near": -0.07670690470266228,
  "gof_validation_far": -1.4875280163902374,
  "gof_diagnostic": 0.3333333333333333,
  "rmse": 39.23229634448571,
  "mae": 24.004441792805988,
  "theil_u": 1.0767069047026623,
  "directional_accuracy": 0.6090225563909775,
  "n_params": 7,
  "status": "ok",
  "diagnostics_passed": [
    "adf",
    "forecast_plausibility"
  ],
  "diagnostics_failed": [
    "ljung_box",
    "jarque_bera",
    "arch_lm",
    "cusum"
  ],
  "error_summary": "",
  "rmse_1yr": 39.23229634448571,
  "rmse_3yr": 285.3273723449065,
  "insample_rmse": 3.8559523806905167,
  "naive_insample_rmse": 6.6734637289322345,
  "gof_volatility_near": NaN,
  "gof_volatility_far": NaN,
  "gof_volatility_weighted": NaN,
  "validation_coverage_90": NaN,
  "fit_attempts": [],
  "fit_strategy": "",
  "fit_scaled": false,
  "fit_recovered": false
}