{
  "experiment_id": "20260331_bvar_full20_300",
  "trial_id": "20260331_bvar_full20_300_042",
  "model_class": "BVAR",
  "champion_eligible": true,
  "description": "BVAR(1) prior=minnesota lambda=0.2 trend=c with consumer_confidence, mortgage_rate",
  "gof_composite": -1.812168976057821,
  "gof_insample": 0.15619671184620276,
  "gof_validation_near": -3.501647543628759,
  "gof_validation_far": -4.438251247952688,
  "gof_diagnostic": 0.16666666666666666,
  "rmse": 164.02789812037224,
  "mae": 121.73937923796423,
  "theil_u": 4.501647543628759,
  "directional_accuracy": 0.16791979949874686,
  "n_params": 13,
  "status": "ok",
  "diagnostics_passed": [
    "adf"
  ],
  "diagnostics_failed": [
    "ljung_box",
    "jarque_bera",
    "arch_lm",
    "cusum",
    "forecast_plausibility"
  ],
  "error_summary": "",
  "rmse_1yr": 164.02789812037224,
  "rmse_3yr": 623.7847085563538,
  "insample_rmse": 5.6310906378481205,
  "naive_insample_rmse": 6.6734637289322345,
  "gof_volatility_near": NaN,
  "gof_volatility_far": NaN,
  "gof_volatility_weighted": NaN,
  "validation_coverage_90": NaN,
  "fit_attempts": [],
  "fit_strategy": "",
  "fit_scaled": false,
  "fit_recovered": false
}