{
  "experiment_id": "20260330_lstm_gru_full20_300",
  "trial_id": "20260330_lstm_gru_full20_300_006",
  "model_class": "LSTM / GRU",
  "champion_eligible": true,
  "description": "LSTM lookback=8 hidden_size=16 num_layers=2 epochs=75 learning_rate=0.01 with no exogenous variables",
  "gof_composite": -0.21000216168972918,
  "gof_insample": -0.723740392520021,
  "gof_validation_near": 0.12596609830533412,
  "gof_validation_far": 0.013816850520526391,
  "gof_diagnostic": 0.3333333333333333,
  "rmse": 31.84743860807846,
  "mae": 26.21475876871745,
  "theil_u": 0.8740339016946659,
  "directional_accuracy": 0.49373433583959897,
  "n_params": 8,
  "status": "ok",
  "diagnostics_passed": [
    "jarque_bera",
    "forecast_plausibility"
  ],
  "diagnostics_failed": [
    "ljung_box",
    "arch_lm",
    "cusum",
    "adf"
  ],
  "error_summary": "",
  "rmse_1yr": 31.84743860807846,
  "rmse_3yr": 113.11834272328427,
  "insample_rmse": 11.503318987577773,
  "naive_insample_rmse": 6.6734637289322345,
  "gof_volatility_near": NaN,
  "gof_volatility_far": NaN,
  "gof_volatility_weighted": NaN,
  "validation_coverage_90": NaN,
  "fit_attempts": [],
  "fit_strategy": "",
  "fit_scaled": false,
  "fit_recovered": false
}