{
  "experiment_id": "20260330_tcn_full20_300",
  "trial_id": "20260330_tcn_full20_300_039",
  "model_class": "TCN",
  "champion_eligible": true,
  "description": "TCN lookback=8 channels=32 num_blocks=2 kernel_size=2 epochs=75 learning_rate=0.01 with mortgage_rate",
  "gof_composite": 0.10822117212943974,
  "gof_insample": 0.5500749481551944,
  "gof_validation_near": -0.2121348269916974,
  "gof_validation_far": -0.6948552290147376,
  "gof_diagnostic": 0.6666666666666666,
  "rmse": 44.16692466102712,
  "mae": 34.50992060343424,
  "theil_u": 1.2121348269916974,
  "directional_accuracy": 0.44360902255639095,
  "n_params": 7,
  "status": "ok",
  "diagnostics_passed": [
    "jarque_bera",
    "arch_lm",
    "adf",
    "forecast_plausibility"
  ],
  "diagnostics_failed": [
    "ljung_box",
    "cusum"
  ],
  "error_summary": "",
  "rmse_1yr": 44.16692466102712,
  "rmse_3yr": 194.40528340322243,
  "insample_rmse": 3.002558514224265,
  "naive_insample_rmse": 6.6734637289322345,
  "gof_volatility_near": NaN,
  "gof_volatility_far": NaN,
  "gof_volatility_weighted": NaN,
  "validation_coverage_90": NaN,
  "fit_attempts": [],
  "fit_strategy": "",
  "fit_scaled": false,
  "fit_recovered": false
}