{
  "experiment_id": "20260330_arimax_garch_full20_300",
  "trial_id": "20260330_arimax_garch_full20_300_093",
  "model_class": "ARIMAX-GARCH",
  "champion_eligible": true,
  "description": "ARIMAX-GARCH(1, 1, 1) trend=t GARCH(1,1) dist=normal with consumer_confidence, personal_consumption",
  "gof_composite": -1.105509428104318,
  "gof_insample": -1.627471380540281,
  "gof_validation_near": -0.10919917697054515,
  "gof_validation_far": -1.7009314170155636,
  "gof_diagnostic": 0.4444444444444444,
  "rmse": 40.41622713284758,
  "mae": 24.806714716259783,
  "theil_u": 1.1091991769705452,
  "directional_accuracy": 0.8120300751879699,
  "n_params": 9,
  "status": "ok",
  "diagnostics_passed": [
    "arch_lm",
    "cusum",
    "forecast_plausibility",
    "std_resid_unit_variance"
  ],
  "diagnostics_failed": [
    "ljung_box",
    "jarque_bera",
    "adf",
    "economic_sign",
    "volatility_coverage_90"
  ],
  "error_summary": "",
  "rmse_1yr": 40.41622713284758,
  "rmse_3yr": 309.80542089297944,
  "insample_rmse": 17.534334956843068,
  "naive_insample_rmse": 6.6734637289322345,
  "gof_volatility_near": -1.0367240954367043,
  "gof_volatility_far": -3.7719040765474974,
  "gof_volatility_weighted": -1.8572780897699421,
  "validation_coverage_90": 0.2025,
  "fit_attempts": [],
  "fit_strategy": "",
  "fit_scaled": false,
  "fit_recovered": false
}