{
  "experiment_id": "20260329_lstm_gru_300",
  "trial_id": "20260329_lstm_gru_300_071",
  "model_class": "LSTM / GRU",
  "champion_eligible": true,
  "description": "LSTM lookback=8 hidden_size=32 num_layers=1 epochs=75 learning_rate=0.01 with per_capita_income",
  "gof_composite": 0.08962063061657895,
  "gof_insample": 0.12731523878107498,
  "gof_validation_near": 0.05473054079062001,
  "gof_validation_far": 0.01914786107176858,
  "gof_diagnostic": 0.16666666666666666,
  "rmse": 34.443070242347304,
  "mae": 27.497988016764324,
  "theil_u": 0.94526945920938,
  "directional_accuracy": 0.5338345864661654,
  "n_params": 8,
  "status": "ok",
  "diagnostics_passed": [
    "forecast_plausibility"
  ],
  "diagnostics_failed": [
    "ljung_box",
    "jarque_bera",
    "arch_lm",
    "cusum",
    "adf"
  ],
  "error_summary": "",
  "rmse_1yr": 34.443070242347304,
  "rmse_3yr": 112.50685886360247,
  "insample_rmse": 5.823830100786384,
  "naive_insample_rmse": 6.6734637289322345,
  "gof_volatility_near": NaN,
  "gof_volatility_far": NaN,
  "gof_volatility_weighted": NaN,
  "validation_coverage_90": NaN,
  "fit_attempts": [],
  "fit_strategy": "",
  "fit_scaled": false,
  "fit_recovered": false
}