{
  "experiment_id": "20260325_arimax_garch_60_volaware",
  "trial_id": "20260325_arimax_garch_60_volaware_054",
  "model_class": "ARIMAX-GARCH",
  "champion_eligible": true,
  "description": "ARIMAX-GARCH(1, 1, 1) trend=t GARCH(1,2) dist=normal with mortgage_rate, housing_inventory",
  "gof_composite": -0.783527249923137,
  "gof_insample": -1.4580674735173633,
  "gof_validation_near": -0.13380648186445243,
  "gof_validation_far": -2.1611513161015066,
  "gof_diagnostic": 0.4444444444444444,
  "rmse": 41.3128509713503,
  "mae": 22.625708401325912,
  "theil_u": 1.1338064818644524,
  "directional_accuracy": 0.7443609022556391,
  "n_params": 10,
  "status": "ok",
  "diagnostics_passed": [
    "arch_lm",
    "cusum",
    "forecast_plausibility",
    "std_resid_unit_variance"
  ],
  "diagnostics_failed": [
    "ljung_box",
    "jarque_bera",
    "adf",
    "economic_sign",
    "volatility_coverage_90"
  ],
  "error_summary": "",
  "rmse_1yr": 41.3128509713503,
  "rmse_3yr": 362.5941065446831,
  "insample_rmse": 16.40382412778622,
  "naive_insample_rmse": 6.6734637289322345,
  "gof_volatility_near": -0.5628160593128118,
  "gof_volatility_far": -0.5665585314182213,
  "gof_volatility_weighted": -0.5639388009444346,
  "validation_coverage_90": 0.2375,
  "fit_attempts": [],
  "fit_strategy": "",
  "fit_scaled": false,
  "fit_recovered": false
}