{
  "experiment_id": "20260325_vecm_60",
  "trial_id": "20260325_vecm_60_042",
  "model_class": "VECM",
  "champion_eligible": true,
  "description": "VECM(k_ar_diff=4) deterministic=ci with mortgage_rate, term_spread",
  "gof_composite": 0.09795365606782497,
  "gof_insample": 0.45842891326673396,
  "gof_validation_near": -0.010516538217702154,
  "gof_validation_far": -1.1004696946400414,
  "gof_diagnostic": 0.8333333333333334,
  "rmse": 36.82049786734565,
  "mae": 21.782379924783104,
  "theil_u": 1.0105165382177022,
  "directional_accuracy": 0.6215538847117794,
  "n_params": 43,
  "status": "ok",
  "diagnostics_passed": [
    "ljung_box",
    "arch_lm",
    "cusum",
    "adf",
    "forecast_plausibility"
  ],
  "diagnostics_failed": [
    "jarque_bera"
  ],
  "error_summary": "",
  "rmse_1yr": 36.82049786734565,
  "rmse_3yr": 240.93055222407233,
  "insample_rmse": 3.614155003952864,
  "naive_insample_rmse": 6.6734637289322345
}