{
  "experiment_id": "20260331_vecm_full20_300",
  "trial_id": "20260331_vecm_full20_300_061",
  "model_class": "VECM",
  "champion_eligible": true,
  "description": "VECM(k_ar_diff=1) deterministic=ci with treasury_10y, per_capita_income",
  "gof_composite": -0.08547366138381043,
  "gof_insample": 0.2924856908577975,
  "gof_validation_near": -0.07363736053451264,
  "gof_validation_far": -1.4001879658212224,
  "gof_diagnostic": 0.3333333333333333,
  "rmse": 39.120450431803846,
  "mae": 23.544531822561748,
  "theil_u": 1.0736373605345126,
  "directional_accuracy": 0.5789473684210527,
  "n_params": 16,
  "status": "ok",
  "diagnostics_passed": [
    "adf",
    "forecast_plausibility"
  ],
  "diagnostics_failed": [
    "ljung_box",
    "jarque_bera",
    "arch_lm",
    "cusum"
  ],
  "error_summary": "",
  "rmse_1yr": 39.120450431803846,
  "rmse_3yr": 275.3091908550387,
  "insample_rmse": 4.721571079761036,
  "naive_insample_rmse": 6.6734637289322345,
  "gof_volatility_near": NaN,
  "gof_volatility_far": NaN,
  "gof_volatility_weighted": NaN,
  "validation_coverage_90": NaN,
  "fit_attempts": [],
  "fit_strategy": "",
  "fit_scaled": false,
  "fit_recovered": false
}