{
  "experiment_id": "20260325_var_refine2_20",
  "trial_id": "20260325_var_refine2_20_007",
  "model_class": "VAR",
  "champion_eligible": true,
  "description": "VAR(4) trend=ct with mortgage_rate, term_spread",
  "gof_composite": 0.12861709943358104,
  "gof_insample": 0.461691556418098,
  "gof_validation_near": -0.062069158592296114,
  "gof_validation_far": -0.6733465619534746,
  "gof_diagnostic": 0.6666666666666666,
  "rmse": 38.698936345855614,
  "mae": 26.367417453432388,
  "theil_u": 1.0620691585922961,
  "directional_accuracy": 0.6867167919799498,
  "n_params": 42,
  "status": "ok",
  "diagnostics_passed": [
    "ljung_box",
    "cusum",
    "adf",
    "forecast_plausibility"
  ],
  "diagnostics_failed": [
    "jarque_bera",
    "arch_lm"
  ],
  "error_summary": "",
  "rmse_1yr": 38.698936345855614,
  "rmse_3yr": 191.93817090648068,
  "insample_rmse": 3.5923818732217874,
  "naive_insample_rmse": 6.6734637289322345,
  "gof_volatility_near": NaN,
  "gof_volatility_far": NaN,
  "gof_volatility_weighted": NaN,
  "validation_coverage_90": NaN,
  "fit_attempts": [],
  "fit_strategy": "",
  "fit_scaled": false,
  "fit_recovered": false
}