{
  "experiment_id": "20260325_arimax_60",
  "trial_id": "20260325_arimax_60_045",
  "model_class": "ARIMAX",
  "champion_eligible": true,
  "description": "ARIMAX(2, 1, 0) trend=t with mortgage_rate, housing_inventory",
  "gof_composite": -0.5816539387603687,
  "gof_insample": -1.6786681775461947,
  "gof_validation_near": 0.13467039798850133,
  "gof_validation_far": -0.09642776120482321,
  "gof_diagnostic": 0.5714285714285714,
  "rmse": 31.530277398143124,
  "mae": 20.622722065195358,
  "theil_u": 0.8653296020114987,
  "directional_accuracy": 0.8270676691729323,
  "n_params": 6,
  "status": "ok",
  "diagnostics_passed": [
    "ljung_box",
    "cusum",
    "adf",
    "forecast_plausibility"
  ],
  "diagnostics_failed": [
    "jarque_bera",
    "arch_lm",
    "economic_sign"
  ],
  "error_summary": "",
  "rmse_1yr": 31.530277398143124,
  "rmse_3yr": 125.76375020071458,
  "insample_rmse": 17.87599492469954,
  "naive_insample_rmse": 6.6734637289322345
}