{
  "experiment_id": "20260325_arimax_garch_60_volaware",
  "trial_id": "20260325_arimax_garch_60_volaware_003",
  "model_class": "ARIMAX-GARCH",
  "champion_eligible": true,
  "description": "ARIMAX-GARCH(1, 1, 0) trend=t GARCH(1,1) dist=normal with mortgage_rate, unemployment_rate",
  "gof_composite": -0.5320822355936361,
  "gof_insample": -1.8439055851729913,
  "gof_validation_near": 0.19821160407732052,
  "gof_validation_far": -0.027639396445003905,
  "gof_diagnostic": 0.4444444444444444,
  "rmse": 29.215007182567593,
  "mae": 21.194262546834214,
  "theil_u": 0.8017883959226795,
  "directional_accuracy": 0.8270676691729323,
  "n_params": 8,
  "status": "ok",
  "diagnostics_passed": [
    "cusum",
    "economic_sign",
    "forecast_plausibility",
    "std_resid_unit_variance"
  ],
  "diagnostics_failed": [
    "ljung_box",
    "jarque_bera",
    "arch_lm",
    "adf",
    "volatility_coverage_90"
  ],
  "error_summary": "",
  "rmse_1yr": 29.215007182567593,
  "rmse_3yr": 117.87350605652836,
  "insample_rmse": 18.978700771159758,
  "naive_insample_rmse": 6.6734637289322345,
  "gof_volatility_near": -0.22474675095621777,
  "gof_volatility_far": -0.4108437925823294,
  "gof_volatility_weighted": -0.2805758634440513,
  "validation_coverage_90": 0.305,
  "fit_attempts": [],
  "fit_strategy": "",
  "fit_scaled": false,
  "fit_recovered": false
}