{
  "experiment_id": "20260330_ardl_300",
  "trial_id": "20260330_ardl_300_033",
  "model_class": "ARDL",
  "champion_eligible": true,
  "description": "ARDL(ar_lags=4, distributed_lags=2) trend=c with mortgage_rate",
  "gof_composite": 0.027772766752755737,
  "gof_insample": 0.4521862305878479,
  "gof_validation_near": -0.035921194355093666,
  "gof_validation_far": -1.4130525259111475,
  "gof_diagnostic": 0.7142857142857143,
  "rmse": 37.74617503516054,
  "mae": 20.770765225950207,
  "theil_u": 1.0359211943550937,
  "directional_accuracy": 0.7092731829573935,
  "n_params": 8,
  "status": "ok",
  "diagnostics_passed": [
    "ljung_box",
    "cusum",
    "adf",
    "economic_sign",
    "forecast_plausibility"
  ],
  "diagnostics_failed": [
    "jarque_bera",
    "arch_lm"
  ],
  "error_summary": "",
  "rmse_1yr": 37.74617503516054,
  "rmse_3yr": 276.78479679903046,
  "insample_rmse": 3.6558153203816435,
  "naive_insample_rmse": 6.6734637289322345,
  "gof_volatility_near": NaN,
  "gof_volatility_far": NaN,
  "gof_volatility_weighted": NaN,
  "validation_coverage_90": NaN,
  "fit_attempts": [],
  "fit_strategy": "",
  "fit_scaled": false,
  "fit_recovered": false
}