{
  "experiment_id": "20260330_lightgbm_full20_300",
  "trial_id": "20260330_lightgbm_full20_300_039",
  "model_class": "LightGBM",
  "champion_eligible": true,
  "description": "LightGBM n_estimators=200 learning_rate=0.03 max_depth=4 num_leaves=31 lags=[1, 2, 4, 8] with no exogenous variables",
  "gof_composite": -0.10509957566664416,
  "gof_insample": -0.4907275338387622,
  "gof_validation_near": 0.15671293364912076,
  "gof_validation_far": 0.02005718505556775,
  "gof_diagnostic": 0.3333333333333333,
  "rmse": 30.727106834785282,
  "mae": 25.712402373165048,
  "theil_u": 0.8432870663508792,
  "directional_accuracy": 0.09523809523809523,
  "n_params": 12,
  "status": "ok",
  "diagnostics_passed": [
    "cusum",
    "adf"
  ],
  "diagnostics_failed": [
    "ljung_box",
    "jarque_bera",
    "arch_lm",
    "forecast_plausibility"
  ],
  "error_summary": "",
  "rmse_1yr": 30.727106834785282,
  "rmse_3yr": 112.40255651154932,
  "insample_rmse": 9.94831612679358,
  "naive_insample_rmse": 6.6734637289322345,
  "gof_volatility_near": NaN,
  "gof_volatility_far": NaN,
  "gof_volatility_weighted": NaN,
  "validation_coverage_90": NaN,
  "fit_attempts": [],
  "fit_strategy": "",
  "fit_scaled": false,
  "fit_recovered": false
}