{
  "experiment_id": "20260330_lstm_gru_full20_300",
  "trial_id": "20260330_lstm_gru_full20_300_012",
  "model_class": "LSTM / GRU",
  "champion_eligible": true,
  "description": "GRU lookback=4 hidden_size=32 num_layers=2 epochs=75 learning_rate=0.01 with no exogenous variables",
  "gof_composite": -0.0660986417481861,
  "gof_insample": -0.5072644385863818,
  "gof_validation_near": 0.16394285924828134,
  "gof_validation_far": 0.08506977521867665,
  "gof_diagnostic": 0.6666666666666666,
  "rmse": 30.46366784092726,
  "mae": 24.578084096272786,
  "theil_u": 0.8360571407517187,
  "directional_accuracy": 0.8095238095238095,
  "n_params": 8,
  "status": "ok",
  "diagnostics_passed": [
    "jarque_bera",
    "cusum",
    "adf",
    "forecast_plausibility"
  ],
  "diagnostics_failed": [
    "ljung_box",
    "arch_lm"
  ],
  "error_summary": "",
  "rmse_1yr": 30.46366784092726,
  "rmse_3yr": 104.94540571833143,
  "insample_rmse": 10.058674560815627,
  "naive_insample_rmse": 6.6734637289322345,
  "gof_volatility_near": NaN,
  "gof_volatility_far": NaN,
  "gof_volatility_weighted": NaN,
  "validation_coverage_90": NaN,
  "fit_attempts": [],
  "fit_strategy": "",
  "fit_scaled": false,
  "fit_recovered": false
}