{
  "experiment_id": "20260325_arimax_garch_60",
  "trial_id": "20260325_arimax_garch_60_048",
  "model_class": "ARIMAX-GARCH",
  "champion_eligible": true,
  "description": "ARIMAX-GARCH(1, 1, 0) trend=t GARCH(2,2) dist=t with mortgage_rate, housing_starts",
  "gof_composite": -0.6138930156578626,
  "gof_insample": -1.8233618245010965,
  "gof_validation_near": 0.14915956509067285,
  "gof_validation_far": -0.05455136711820585,
  "gof_diagnostic": 0.7142857142857143,
  "rmse": 31.002331217939005,
  "mae": 22.32131516875769,
  "theil_u": 0.8508404349093271,
  "directional_accuracy": 0.8295739348370927,
  "n_params": 11,
  "status": "ok",
  "diagnostics_passed": [
    "ljung_box",
    "cusum",
    "adf",
    "economic_sign",
    "forecast_plausibility"
  ],
  "diagnostics_failed": [
    "jarque_bera",
    "arch_lm"
  ],
  "error_summary": "",
  "rmse_1yr": 31.002331217939005,
  "rmse_3yr": 120.96039465686293,
  "insample_rmse": 18.841602729460003,
  "naive_insample_rmse": 6.6734637289322345,
  "fit_attempts": [],
  "fit_strategy": "",
  "fit_scaled": false,
  "fit_recovered": false
}