{
  "experiment_id": "20260330_arimax_garch_full20_300",
  "trial_id": "20260330_arimax_garch_full20_300_030",
  "model_class": "ARIMAX-GARCH",
  "champion_eligible": true,
  "description": "ARIMAX-GARCH(1, 1, 0) trend=t GARCH(1,1) dist=normal with fed_funds, housing_inventory",
  "gof_composite": -0.4416838278803907,
  "gof_insample": -1.4710030826530742,
  "gof_validation_near": 0.20281749349510703,
  "gof_validation_far": 0.007182737113327731,
  "gof_diagnostic": 0.4444444444444444,
  "rmse": 29.047180991633642,
  "mae": 19.420501825248838,
  "theil_u": 0.797182506504893,
  "directional_accuracy": 0.8345864661654135,
  "n_params": 8,
  "status": "ok",
  "diagnostics_passed": [
    "cusum",
    "adf",
    "forecast_plausibility",
    "std_resid_unit_variance"
  ],
  "diagnostics_failed": [
    "ljung_box",
    "jarque_bera",
    "arch_lm",
    "economic_sign",
    "volatility_coverage_90"
  ],
  "error_summary": "",
  "rmse_1yr": 29.047180991633642,
  "rmse_3yr": 113.87929662363912,
  "insample_rmse": 16.49014944616503,
  "naive_insample_rmse": 6.6734637289322345,
  "gof_volatility_near": -0.3552058109335554,
  "gof_volatility_far": -0.45451970267533603,
  "gof_volatility_weighted": -0.3849999784560896,
  "validation_coverage_90": 0.3075,
  "fit_attempts": [],
  "fit_strategy": "",
  "fit_scaled": false,
  "fit_recovered": false
}