{
  "experiment_id": "20260329_tcn_300",
  "trial_id": "20260329_tcn_300_065",
  "model_class": "TCN",
  "champion_eligible": true,
  "description": "TCN lookback=4 channels=16 num_blocks=2 kernel_size=2 epochs=75 learning_rate=0.01 with housing_starts",
  "gof_composite": -0.26893667345493566,
  "gof_insample": 0.05042978187099889,
  "gof_validation_near": -0.28670441666651225,
  "gof_validation_far": -1.7028580469114836,
  "gof_diagnostic": 0.6666666666666666,
  "rmse": 46.884039437231635,
  "mae": 33.140050150553385,
  "theil_u": 1.2867044166665123,
  "directional_accuracy": 0.6491228070175439,
  "n_params": 7,
  "status": "ok",
  "diagnostics_passed": [
    "jarque_bera",
    "cusum",
    "adf",
    "forecast_plausibility"
  ],
  "diagnostics_failed": [
    "ljung_box",
    "arch_lm"
  ],
  "error_summary": "",
  "rmse_1yr": 46.884039437231635,
  "rmse_3yr": 310.02641146758276,
  "insample_rmse": 6.336922408758159,
  "naive_insample_rmse": 6.6734637289322345,
  "gof_volatility_near": NaN,
  "gof_volatility_far": NaN,
  "gof_volatility_weighted": NaN,
  "validation_coverage_90": NaN,
  "fit_attempts": [],
  "fit_strategy": "",
  "fit_scaled": false,
  "fit_recovered": false
}