{
  "experiment_id": "20260331_var_full20_300",
  "trial_id": "20260331_var_full20_300_045",
  "model_class": "VAR",
  "champion_eligible": true,
  "description": "VAR(4) trend=c with consumer_confidence, new_home_sales",
  "gof_composite": -0.27812588943405914,
  "gof_insample": 0.47118849736968516,
  "gof_validation_near": -0.5057693504745711,
  "gof_validation_far": -2.3749912158833335,
  "gof_diagnostic": 0.6666666666666666,
  "rmse": 54.86617493232842,
  "mae": 34.96569291677811,
  "theil_u": 1.505769350474571,
  "directional_accuracy": 0.5964912280701754,
  "n_params": 39,
  "status": "ok",
  "diagnostics_passed": [
    "ljung_box",
    "cusum",
    "adf",
    "forecast_plausibility"
  ],
  "diagnostics_failed": [
    "jarque_bera",
    "arch_lm"
  ],
  "error_summary": "",
  "rmse_1yr": 54.86617493232842,
  "rmse_3yr": 387.12222293381524,
  "insample_rmse": 3.5290043822455592,
  "naive_insample_rmse": 6.6734637289322345,
  "gof_volatility_near": NaN,
  "gof_volatility_far": NaN,
  "gof_volatility_weighted": NaN,
  "validation_coverage_90": NaN,
  "fit_attempts": [],
  "fit_strategy": "",
  "fit_scaled": false,
  "fit_recovered": false
}