{
  "experiment_id": "20260325_var_60",
  "trial_id": "20260325_var_60_006",
  "model_class": "VAR",
  "champion_eligible": true,
  "description": "VAR(4) trend=c with unemployment_rate",
  "gof_composite": 0.05627979230879586,
  "gof_insample": 0.4495220234241142,
  "gof_validation_near": -0.00421525796587785,
  "gof_validation_far": -1.2581356229297285,
  "gof_diagnostic": 0.6666666666666666,
  "rmse": 36.590896205919044,
  "mae": 22.756613752028542,
  "theil_u": 1.0042152579658778,
  "directional_accuracy": 0.5263157894736842,
  "n_params": 9,
  "status": "ok",
  "diagnostics_passed": [
    "ljung_box",
    "cusum",
    "adf",
    "forecast_plausibility"
  ],
  "diagnostics_failed": [
    "jarque_bera",
    "arch_lm"
  ],
  "error_summary": "",
  "rmse_1yr": 36.590896205919044,
  "rmse_3yr": 259.01533548311625,
  "insample_rmse": 3.673594810255182,
  "naive_insample_rmse": 6.6734637289322345
}