{
  "experiment_id": "20260330_random_forest_full20_300",
  "trial_id": "20260330_random_forest_full20_300_076",
  "model_class": "Random Forest",
  "champion_eligible": true,
  "description": "Random Forest n_estimators=200 max_depth=5 min_samples_leaf=4 lags=[1, 2, 4] with treasury_10y",
  "gof_composite": 0.11749724966200265,
  "gof_insample": 0.011448972659451884,
  "gof_validation_near": 0.24054881129037442,
  "gof_validation_far": -0.030718377911616468,
  "gof_diagnostic": 0.3333333333333333,
  "rmse": 27.67235351096407,
  "mae": 23.06546397500756,
  "theil_u": 0.7594511887096256,
  "directional_accuracy": 0.3233082706766917,
  "n_params": 7,
  "status": "ok",
  "diagnostics_passed": [
    "cusum",
    "forecast_plausibility"
  ],
  "diagnostics_failed": [
    "ljung_box",
    "jarque_bera",
    "arch_lm",
    "adf"
  ],
  "error_summary": "",
  "rmse_1yr": 27.67235351096407,
  "rmse_3yr": 118.22667502008524,
  "insample_rmse": 6.597059425155845,
  "naive_insample_rmse": 6.6734637289322345,
  "gof_volatility_near": NaN,
  "gof_volatility_far": NaN,
  "gof_volatility_weighted": NaN,
  "validation_coverage_90": NaN,
  "fit_attempts": [],
  "fit_strategy": "",
  "fit_scaled": false,
  "fit_recovered": false
}