{
  "experiment_id": "20260325_arimax",
  "trial_id": "20260325_arimax_012",
  "model_class": "ARIMAX",
  "champion_eligible": true,
  "description": "ARIMAX(2, 1, 0) trend=t with mortgage_rate, per_capita_income",
  "gof_composite": -0.6662388186406063,
  "gof_insample": -1.8501648462593385,
  "gof_validation_near": 0.1601321224617499,
  "gof_validation_far": -0.2624132009422697,
  "gof_diagnostic": 0.5714285714285714,
  "rmse": 30.60252081405027,
  "mae": 20.896250236582848,
  "theil_u": 0.8398678775382501,
  "directional_accuracy": 0.7493734335839599,
  "n_params": 6,
  "status": "ok",
  "diagnostics_passed": [
    "ljung_box",
    "cusum",
    "adf",
    "forecast_plausibility"
  ],
  "diagnostics_failed": [
    "jarque_bera",
    "arch_lm",
    "economic_sign"
  ],
  "error_summary": "",
  "rmse_1yr": 30.60252081405027,
  "rmse_3yr": 144.80280787393264,
  "insample_rmse": 19.020471722989413,
  "naive_insample_rmse": 6.6734637289322345
}