{
  "experiment_id": "20260329_lightgbm_300",
  "trial_id": "20260329_lightgbm_300_047",
  "model_class": "LightGBM",
  "champion_eligible": true,
  "description": "LightGBM n_estimators=500 learning_rate=0.03 max_depth=3 num_leaves=15 lags=[1, 2, 4, 8] with no exogenous variables",
  "gof_composite": -0.10307276791585437,
  "gof_insample": -0.4795414746886659,
  "gof_validation_near": 0.1530688727683196,
  "gof_validation_far": 0.01224255438244548,
  "gof_diagnostic": 0.3333333333333333,
  "rmse": 30.85988658733309,
  "mae": 26.048754796993798,
  "theil_u": 0.8469311272316804,
  "directional_accuracy": 0.10526315789473684,
  "n_params": 12,
  "status": "ok",
  "diagnostics_passed": [
    "cusum",
    "adf"
  ],
  "diagnostics_failed": [
    "ljung_box",
    "jarque_bera",
    "arch_lm",
    "forecast_plausibility"
  ],
  "error_summary": "",
  "rmse_1yr": 30.85988658733309,
  "rmse_3yr": 113.29891949565092,
  "insample_rmse": 9.873666366785722,
  "naive_insample_rmse": 6.6734637289322345,
  "gof_volatility_near": NaN,
  "gof_volatility_far": NaN,
  "gof_volatility_weighted": NaN,
  "validation_coverage_90": NaN,
  "fit_attempts": [],
  "fit_strategy": "",
  "fit_scaled": false,
  "fit_recovered": false
}