{
  "experiment_id": "20260330_arimax_full20_300",
  "trial_id": "20260330_arimax_full20_300_045",
  "model_class": "ARIMAX",
  "champion_eligible": true,
  "description": "ARIMAX(1, 1, 0) trend=t with housing_inventory, m2_money_supply",
  "gof_composite": -0.4432629404042926,
  "gof_insample": -1.4121618170660568,
  "gof_validation_near": 0.17801854889916313,
  "gof_validation_far": 0.014349581097106268,
  "gof_diagnostic": 0.5714285714285714,
  "rmse": 29.950787664135877,
  "mae": 20.86687285409922,
  "theil_u": 0.8219814511008369,
  "directional_accuracy": 0.8295739348370927,
  "n_params": 5,
  "status": "ok",
  "diagnostics_passed": [
    "ljung_box",
    "cusum",
    "adf",
    "forecast_plausibility"
  ],
  "diagnostics_failed": [
    "jarque_bera",
    "arch_lm",
    "economic_sign"
  ],
  "error_summary": "",
  "rmse_1yr": 29.950787664135877,
  "rmse_3yr": 113.05723683238303,
  "insample_rmse": 16.097474394505603,
  "naive_insample_rmse": 6.6734637289322345,
  "gof_volatility_near": NaN,
  "gof_volatility_far": NaN,
  "gof_volatility_weighted": NaN,
  "validation_coverage_90": NaN,
  "fit_attempts": [],
  "fit_strategy": "",
  "fit_scaled": false,
  "fit_recovered": false
}