{
  "experiment_id": "20260330_xgboost_full20_300",
  "trial_id": "20260330_xgboost_full20_300_072",
  "model_class": "XGBoost",
  "champion_eligible": true,
  "description": "XGBoost n_estimators=500 learning_rate=0.1 max_depth=4 subsample=0.8 colsample_bytree=0.8 lags=[1, 2, 4] with consumer_confidence",
  "gof_composite": 0.5881342175364153,
  "gof_insample": 0.9961015790636787,
  "gof_validation_near": 0.31674686437178234,
  "gof_validation_far": -0.030007666350089224,
  "gof_diagnostic": 0.8333333333333334,
  "rmse": 24.895901919257973,
  "mae": 20.503614796956374,
  "theil_u": 0.6832531356282177,
  "directional_accuracy": 0.3634085213032581,
  "n_params": 11,
  "status": "ok",
  "diagnostics_passed": [
    "jarque_bera",
    "arch_lm",
    "cusum",
    "adf",
    "forecast_plausibility"
  ],
  "diagnostics_failed": [
    "ljung_box"
  ],
  "error_summary": "",
  "rmse_1yr": 24.895901919257973,
  "rmse_3yr": 118.14515414433647,
  "insample_rmse": 0.026015970718650167,
  "naive_insample_rmse": 6.6734637289322345,
  "gof_volatility_near": NaN,
  "gof_volatility_far": NaN,
  "gof_volatility_weighted": NaN,
  "validation_coverage_90": NaN,
  "fit_attempts": [],
  "fit_strategy": "",
  "fit_scaled": false,
  "fit_recovered": false
}