{
  "experiment_id": "20260325_arimax_60",
  "trial_id": "20260325_arimax_60_009",
  "model_class": "ARIMAX",
  "champion_eligible": true,
  "description": "ARIMAX(1, 1, 0) trend=t with mortgage_rate, housing_inventory",
  "gof_composite": -0.5582080707981842,
  "gof_insample": -1.675892932288447,
  "gof_validation_near": 0.16562978896253622,
  "gof_validation_far": -0.01976120775033463,
  "gof_diagnostic": 0.5714285714285714,
  "rmse": 30.402200670824694,
  "mae": 20.86663367456093,
  "theil_u": 0.8343702110374638,
  "directional_accuracy": 0.8421052631578947,
  "n_params": 5,
  "status": "ok",
  "diagnostics_passed": [
    "ljung_box",
    "cusum",
    "adf",
    "forecast_plausibility"
  ],
  "diagnostics_failed": [
    "jarque_bera",
    "arch_lm",
    "economic_sign"
  ],
  "error_summary": "",
  "rmse_1yr": 30.402200670824694,
  "rmse_3yr": 116.96985276527847,
  "insample_rmse": 17.85747442613307,
  "naive_insample_rmse": 6.6734637289322345
}