{
  "experiment_id": "20260330_arimax_garch_full20_300",
  "trial_id": "20260330_arimax_garch_full20_300_019",
  "model_class": "ARIMAX-GARCH",
  "champion_eligible": true,
  "description": "ARIMAX-GARCH(1, 1, 0) trend=t GARCH(1,1) dist=normal with consumer_confidence, m2_money_supply",
  "gof_composite": -0.5674314774954403,
  "gof_insample": -1.889115680138166,
  "gof_validation_near": 0.17799268748791175,
  "gof_validation_far": 0.013382666160375756,
  "gof_diagnostic": 0.4444444444444444,
  "rmse": 29.95172998422844,
  "mae": 21.00584272357145,
  "theil_u": 0.8220073125120883,
  "directional_accuracy": 0.8345864661654135,
  "n_params": 8,
  "status": "ok",
  "diagnostics_passed": [
    "cusum",
    "adf",
    "forecast_plausibility",
    "std_resid_unit_variance"
  ],
  "diagnostics_failed": [
    "ljung_box",
    "jarque_bera",
    "arch_lm",
    "economic_sign",
    "volatility_coverage_90"
  ],
  "error_summary": "",
  "rmse_1yr": 29.95172998422844,
  "rmse_3yr": 113.16814504984251,
  "insample_rmse": 19.280408700091435,
  "naive_insample_rmse": 6.6734637289322345,
  "gof_volatility_near": -0.3317007787259576,
  "gof_volatility_far": -0.43906693479210457,
  "gof_volatility_weighted": -0.36391062554580167,
  "validation_coverage_90": 0.3075,
  "fit_attempts": [],
  "fit_strategy": "",
  "fit_scaled": false,
  "fit_recovered": false
}