{
  "experiment_id": "20260330_lightgbm_full20_300",
  "trial_id": "20260330_lightgbm_full20_300_004",
  "model_class": "LightGBM",
  "champion_eligible": true,
  "description": "LightGBM n_estimators=200 learning_rate=0.05 max_depth=2 num_leaves=7 lags=[1, 2, 4] with no exogenous variables",
  "gof_composite": -0.11090997322109258,
  "gof_insample": -0.49102254278384727,
  "gof_validation_near": 0.16000768751133865,
  "gof_validation_far": -0.025579867132369927,
  "gof_diagnostic": 0.3333333333333333,
  "rmse": 30.607054888113343,
  "mae": 26.30902169713955,
  "theil_u": 0.8399923124886614,
  "directional_accuracy": 0.09022556390977443,
  "n_params": 11,
  "status": "ok",
  "diagnostics_passed": [
    "cusum",
    "adf"
  ],
  "diagnostics_failed": [
    "ljung_box",
    "jarque_bera",
    "arch_lm",
    "forecast_plausibility"
  ],
  "error_summary": "",
  "rmse_1yr": 30.607054888113343,
  "rmse_3yr": 117.63727149628654,
  "insample_rmse": 9.950284858288315,
  "naive_insample_rmse": 6.6734637289322345,
  "gof_volatility_near": NaN,
  "gof_volatility_far": NaN,
  "gof_volatility_weighted": NaN,
  "validation_coverage_90": NaN,
  "fit_attempts": [],
  "fit_strategy": "",
  "fit_scaled": false,
  "fit_recovered": false
}