{
  "experiment_id": "20260330_arimax_full20_300",
  "trial_id": "20260330_arimax_full20_300_036",
  "model_class": "ARIMAX",
  "champion_eligible": true,
  "description": "ARIMAX(1, 1, 0) trend=t with mortgage_rate, housing_inventory",
  "gof_composite": -0.5582080581537212,
  "gof_insample": -1.6758929336836332,
  "gof_validation_near": 0.1656298108229849,
  "gof_validation_far": -0.019761170741131373,
  "gof_diagnostic": 0.5714285714285714,
  "rmse": 30.40219987428889,
  "mae": 20.8666331970067,
  "theil_u": 0.8343701891770151,
  "directional_accuracy": 0.8421052631578947,
  "n_params": 5,
  "status": "ok",
  "diagnostics_passed": [
    "ljung_box",
    "cusum",
    "adf",
    "forecast_plausibility"
  ],
  "diagnostics_failed": [
    "jarque_bera",
    "arch_lm",
    "economic_sign"
  ],
  "error_summary": "",
  "rmse_1yr": 30.40219987428889,
  "rmse_3yr": 116.96984852020519,
  "insample_rmse": 17.857474435443795,
  "naive_insample_rmse": 6.6734637289322345,
  "gof_volatility_near": NaN,
  "gof_volatility_far": NaN,
  "gof_volatility_weighted": NaN,
  "validation_coverage_90": NaN,
  "fit_attempts": [],
  "fit_strategy": "",
  "fit_scaled": false,
  "fit_recovered": false
}