{
  "experiment_id": "20260330_svr_full20_300",
  "trial_id": "20260330_svr_full20_300_074",
  "model_class": "Support Vector Regression",
  "champion_eligible": true,
  "description": "Support Vector Regression kernel=rbf C=1.0 epsilon=1.0 gamma=0.1 lags=[1, 2, 4, 8] with no exogenous variables",
  "gof_composite": -6.336400952230859,
  "gof_insample": -15.308412044852158,
  "gof_validation_near": -0.5747660438493516,
  "gof_validation_far": -0.19023123739592185,
  "gof_diagnostic": 0.16666666666666666,
  "rmse": 57.380228394274525,
  "mae": 46.46664141280228,
  "theil_u": 1.5747660438493516,
  "directional_accuracy": 0.24812030075187969,
  "n_params": 5,
  "status": "ok",
  "diagnostics_passed": [
    "forecast_plausibility"
  ],
  "diagnostics_failed": [
    "ljung_box",
    "jarque_bera",
    "arch_lm",
    "cusum",
    "adf"
  ],
  "error_summary": "",
  "rmse_1yr": 57.380228394274525,
  "rmse_3yr": 136.52330715929855,
  "insample_rmse": 108.83359625780244,
  "naive_insample_rmse": 6.6734637289322345,
  "gof_volatility_near": NaN,
  "gof_volatility_far": NaN,
  "gof_volatility_weighted": NaN,
  "validation_coverage_90": NaN,
  "fit_attempts": [],
  "fit_strategy": "",
  "fit_scaled": false,
  "fit_recovered": false
}