{
  "experiment_id": "20260325_arimax_garch_60_volaware",
  "trial_id": "20260325_arimax_garch_60_volaware_059",
  "model_class": "ARIMAX-GARCH",
  "champion_eligible": true,
  "description": "ARIMAX-GARCH(1, 1, 1) trend=t GARCH(1,2) dist=normal with mortgage_rate, housing_starts, term_spread",
  "gof_composite": -0.5380131911688278,
  "gof_insample": -1.4131367437798565,
  "gof_validation_near": 0.02522643228400301,
  "gof_validation_far": -0.36219229536864606,
  "gof_diagnostic": 0.4444444444444444,
  "rmse": 35.51812040061773,
  "mae": 25.650243201782327,
  "theil_u": 0.974773567715997,
  "directional_accuracy": 0.7869674185463659,
  "n_params": 11,
  "status": "ok",
  "diagnostics_passed": [
    "arch_lm",
    "cusum",
    "forecast_plausibility",
    "std_resid_unit_variance"
  ],
  "diagnostics_failed": [
    "ljung_box",
    "jarque_bera",
    "adf",
    "economic_sign",
    "volatility_coverage_90"
  ],
  "error_summary": "",
  "rmse_1yr": 35.51812040061773,
  "rmse_3yr": 156.24778724302772,
  "insample_rmse": 16.10398053256851,
  "naive_insample_rmse": 6.6734637289322345,
  "gof_volatility_near": -0.5113147073207072,
  "gof_volatility_far": -0.52165222976437,
  "gof_volatility_weighted": -0.514415964053806,
  "validation_coverage_90": 0.25,
  "fit_attempts": [],
  "fit_strategy": "",
  "fit_scaled": false,
  "fit_recovered": false
}