{
  "experiment_id": "20260325_var_60",
  "trial_id": "20260325_var_60_007",
  "model_class": "VAR",
  "champion_eligible": true,
  "description": "VAR(1) trend=c with per_capita_income",
  "gof_composite": -0.2867042280907169,
  "gof_insample": 0.08541796400415802,
  "gof_validation_near": -0.4086217939047352,
  "gof_validation_far": -1.2968030166159297,
  "gof_diagnostic": 0.16666666666666666,
  "rmse": 51.32637992233635,
  "mae": 36.21405521184793,
  "theil_u": 1.4086217939047352,
  "directional_accuracy": 0.8220551378446115,
  "n_params": 3,
  "status": "ok",
  "diagnostics_passed": [
    "adf"
  ],
  "diagnostics_failed": [
    "ljung_box",
    "jarque_bera",
    "arch_lm",
    "cusum",
    "forecast_plausibility"
  ],
  "error_summary": "",
  "rmse_1yr": 51.32637992233635,
  "rmse_3yr": 263.4506084783206,
  "insample_rmse": 6.103430044351247,
  "naive_insample_rmse": 6.6734637289322345
}