{
  "experiment_id": "20260325_var_refine_20",
  "trial_id": "20260325_var_refine_20_001",
  "model_class": "VAR",
  "champion_eligible": true,
  "description": "VAR(3) trend=c with term_spread",
  "gof_composite": -0.09399664821373775,
  "gof_insample": 0.28638264389180235,
  "gof_validation_near": -0.18629268753632577,
  "gof_validation_far": -1.066759545329409,
  "gof_diagnostic": 0.16666666666666666,
  "rmse": 43.22530678074739,
  "mae": 31.223571393690182,
  "theil_u": 1.1862926875363258,
  "directional_accuracy": 0.7944862155388471,
  "n_params": 14,
  "status": "ok",
  "diagnostics_passed": [
    "cusum"
  ],
  "diagnostics_failed": [
    "ljung_box",
    "jarque_bera",
    "arch_lm",
    "adf",
    "forecast_plausibility"
  ],
  "error_summary": "",
  "rmse_1yr": 43.22530678074739,
  "rmse_3yr": 237.06389091984514,
  "insample_rmse": 4.762299542324575,
  "naive_insample_rmse": 6.6734637289322345,
  "gof_volatility_near": NaN,
  "gof_volatility_far": NaN,
  "gof_volatility_weighted": NaN,
  "validation_coverage_90": NaN,
  "fit_attempts": [],
  "fit_strategy": "",
  "fit_scaled": false,
  "fit_recovered": false
}