{
  "experiment_id": "20260325_bvar_60",
  "trial_id": "20260325_bvar_60_033",
  "model_class": "BVAR",
  "champion_eligible": true,
  "description": "BVAR(1) prior=minnesota lambda=0.1 trend=c with mortgage_rate, real_gdp",
  "gof_composite": -0.31080244675582863,
  "gof_insample": 0.08513785076668845,
  "gof_validation_near": -0.5099209824015358,
  "gof_validation_far": -1.331457177035332,
  "gof_diagnostic": 0.3333333333333333,
  "rmse": 55.01744920516954,
  "mae": 40.344887127635076,
  "theil_u": 1.5099209824015358,
  "directional_accuracy": 0.6741854636591479,
  "n_params": 13,
  "status": "ok",
  "diagnostics_passed": [
    "adf",
    "forecast_plausibility"
  ],
  "diagnostics_failed": [
    "ljung_box",
    "jarque_bera",
    "arch_lm",
    "cusum"
  ],
  "error_summary": "",
  "rmse_1yr": 55.01744920516954,
  "rmse_3yr": 267.4255508581196,
  "insample_rmse": 6.105299369881494,
  "naive_insample_rmse": 6.6734637289322345,
  "gof_volatility_near": NaN,
  "gof_volatility_far": NaN,
  "gof_volatility_weighted": NaN,
  "validation_coverage_90": NaN,
  "fit_attempts": [],
  "fit_strategy": "",
  "fit_scaled": false,
  "fit_recovered": false
}