{
  "experiment_id": "20260325_var_60",
  "trial_id": "20260325_var_60_041",
  "model_class": "VAR",
  "champion_eligible": true,
  "description": "VAR(2) trend=c with mortgage_rate, term_spread",
  "gof_composite": -0.09474724234791516,
  "gof_insample": 0.287398058437882,
  "gof_validation_near": -0.20675937826675583,
  "gof_validation_far": -1.2489378888646896,
  "gof_diagnostic": 0.5,
  "rmse": 43.971057804001866,
  "mae": 30.349390192651484,
  "theil_u": 1.2067593782667558,
  "directional_accuracy": 0.8120300751879699,
  "n_params": 7,
  "status": "ok",
  "diagnostics_passed": [
    "cusum",
    "adf",
    "forecast_plausibility"
  ],
  "diagnostics_failed": [
    "ljung_box",
    "jarque_bera",
    "arch_lm"
  ],
  "error_summary": "",
  "rmse_1yr": 43.971057804001866,
  "rmse_3yr": 257.9603261425127,
  "insample_rmse": 4.755523210181482,
  "naive_insample_rmse": 6.6734637289322345
}