{
  "experiment_id": "20260330_arimax_garch_full20_300",
  "trial_id": "20260330_arimax_garch_full20_300_005",
  "model_class": "ARIMAX-GARCH",
  "champion_eligible": true,
  "description": "ARIMAX-GARCH(1, 1, 0) trend=t GARCH(1,1) dist=normal with mortgage_rate",
  "gof_composite": -0.5474808567652877,
  "gof_insample": -1.8285963532212768,
  "gof_validation_near": 0.17017382084286303,
  "gof_validation_far": -0.03477905215418198,
  "gof_diagnostic": 0.4444444444444444,
  "rmse": 30.236628401761365,
  "mae": 21.377703193348413,
  "theil_u": 0.829826179157137,
  "directional_accuracy": 0.8320802005012531,
  "n_params": 7,
  "status": "ok",
  "diagnostics_passed": [
    "cusum",
    "economic_sign",
    "forecast_plausibility",
    "std_resid_unit_variance"
  ],
  "diagnostics_failed": [
    "ljung_box",
    "jarque_bera",
    "arch_lm",
    "adf",
    "volatility_coverage_90"
  ],
  "error_summary": "",
  "rmse_1yr": 30.236628401761365,
  "rmse_3yr": 118.69244726624518,
  "insample_rmse": 18.876535167012182,
  "naive_insample_rmse": 6.6734637289322345,
  "gof_volatility_near": -0.287716647547285,
  "gof_volatility_far": -0.42748709223829007,
  "gof_volatility_weighted": -0.32964778095458647,
  "validation_coverage_90": 0.325,
  "fit_attempts": [],
  "fit_strategy": "",
  "fit_scaled": false,
  "fit_recovered": false
}