{
  "experiment_id": "20260330_xgboost_full20_300",
  "trial_id": "20260330_xgboost_full20_300_036",
  "model_class": "XGBoost",
  "champion_eligible": true,
  "description": "XGBoost n_estimators=500 learning_rate=0.1 max_depth=4 subsample=0.8 colsample_bytree=0.8 lags=[1, 4, 8] with no exogenous variables",
  "gof_composite": 0.5282472990444662,
  "gof_insample": 0.989537679361853,
  "gof_validation_near": 0.14595359076987247,
  "gof_validation_far": -0.013232418687091796,
  "gof_diagnostic": 0.8333333333333334,
  "rmse": 31.119148277509353,
  "mae": 24.484348642985022,
  "theil_u": 0.8540464092301275,
  "directional_accuracy": 0.24561403508771928,
  "n_params": 10,
  "status": "ok",
  "diagnostics_passed": [
    "jarque_bera",
    "arch_lm",
    "cusum",
    "adf",
    "forecast_plausibility"
  ],
  "diagnostics_failed": [
    "ljung_box"
  ],
  "error_summary": "",
  "rmse_1yr": 31.119148277509353,
  "rmse_3yr": 116.22097990204436,
  "insample_rmse": 0.06981991729913342,
  "naive_insample_rmse": 6.6734637289322345,
  "gof_volatility_near": NaN,
  "gof_volatility_far": NaN,
  "gof_volatility_weighted": NaN,
  "validation_coverage_90": NaN,
  "fit_attempts": [],
  "fit_strategy": "",
  "fit_scaled": false,
  "fit_recovered": false
}