{
  "experiment_id": "20260330_lstm_gru_full20_300",
  "trial_id": "20260330_lstm_gru_full20_300_069",
  "model_class": "LSTM / GRU",
  "champion_eligible": true,
  "description": "LSTM lookback=8 hidden_size=16 num_layers=1 epochs=75 learning_rate=0.01 with mortgage_rate",
  "gof_composite": -0.04109105520095772,
  "gof_insample": -0.17538456536157598,
  "gof_validation_near": 0.025061318552456302,
  "gof_validation_far": -0.08694682588680247,
  "gof_diagnostic": 0.3333333333333333,
  "rmse": 35.52413669977797,
  "mae": 29.685312703450517,
  "theil_u": 0.9749386814475437,
  "directional_accuracy": 0.42606516290726815,
  "n_params": 8,
  "status": "ok",
  "diagnostics_passed": [
    "jarque_bera",
    "forecast_plausibility"
  ],
  "diagnostics_failed": [
    "ljung_box",
    "arch_lm",
    "cusum",
    "adf"
  ],
  "error_summary": "",
  "rmse_1yr": 35.52413669977797,
  "rmse_3yr": 124.67625677598183,
  "insample_rmse": 7.8438862644872565,
  "naive_insample_rmse": 6.6734637289322345,
  "gof_volatility_near": NaN,
  "gof_volatility_far": NaN,
  "gof_volatility_weighted": NaN,
  "validation_coverage_90": NaN,
  "fit_attempts": [],
  "fit_strategy": "",
  "fit_scaled": false,
  "fit_recovered": false
}