{
  "experiment_id": "20260325_vecm_60",
  "trial_id": "20260325_vecm_60_034",
  "model_class": "VECM",
  "champion_eligible": true,
  "description": "VECM(k_ar_diff=1) deterministic=ci with mortgage_rate, housing_starts",
  "gof_composite": -0.048587383573349914,
  "gof_insample": 0.2827018814939847,
  "gof_validation_near": -0.01203979104851527,
  "gof_validation_far": -1.2719169509153119,
  "gof_diagnostic": 0.3333333333333333,
  "rmse": 36.876001093158564,
  "mae": 22.82475004970811,
  "theil_u": 1.0120397910485153,
  "directional_accuracy": 0.5839598997493735,
  "n_params": 16,
  "status": "ok",
  "diagnostics_passed": [
    "adf",
    "forecast_plausibility"
  ],
  "diagnostics_failed": [
    "ljung_box",
    "jarque_bera",
    "arch_lm",
    "cusum"
  ],
  "error_summary": "",
  "rmse_1yr": 36.876001093158564,
  "rmse_3yr": 260.5960976195187,
  "insample_rmse": 4.7868629766812285,
  "naive_insample_rmse": 6.6734637289322345
}