{
  "experiment_id": "20260325_arimax_60",
  "trial_id": "20260325_arimax_60_016",
  "model_class": "ARIMAX",
  "champion_eligible": true,
  "description": "ARIMAX(1, 1, 0) trend=t with mortgage_rate, unemployment_rate, real_gdp",
  "gof_composite": -0.5958532561478377,
  "gof_insample": -1.8429279280017554,
  "gof_validation_near": 0.2097827253520419,
  "gof_validation_far": -0.023564068326143772,
  "gof_diagnostic": 0.7142857142857143,
  "rmse": 28.793386724014653,
  "mae": 20.82606537264259,
  "theil_u": 0.7902172746479581,
  "directional_accuracy": 0.8245614035087719,
  "n_params": 6,
  "status": "ok",
  "diagnostics_passed": [
    "ljung_box",
    "cusum",
    "adf",
    "economic_sign",
    "forecast_plausibility"
  ],
  "diagnostics_failed": [
    "jarque_bera",
    "arch_lm"
  ],
  "error_summary": "",
  "rmse_1yr": 28.793386724014653,
  "rmse_3yr": 117.40605296416678,
  "insample_rmse": 18.972176411488185,
  "naive_insample_rmse": 6.6734637289322345
}