{
  "experiment_id": "20260329_tcn_300",
  "trial_id": "20260329_tcn_300_032",
  "model_class": "TCN",
  "champion_eligible": true,
  "description": "TCN lookback=8 channels=32 num_blocks=3 kernel_size=2 epochs=75 learning_rate=0.01 with mortgage_rate, unemployment_rate",
  "gof_composite": 0.33483782806386436,
  "gof_insample": 0.4470006633374104,
  "gof_validation_near": 0.21441370303080043,
  "gof_validation_far": 0.09550733334302275,
  "gof_diagnostic": 0.6666666666666666,
  "rmse": 28.624646384499577,
  "mae": 22.07107620239258,
  "theil_u": 0.7855862969691996,
  "directional_accuracy": 0.706766917293233,
  "n_params": 7,
  "status": "ok",
  "diagnostics_passed": [
    "jarque_bera",
    "cusum",
    "adf",
    "forecast_plausibility"
  ],
  "diagnostics_failed": [
    "ljung_box",
    "arch_lm"
  ],
  "error_summary": "",
  "rmse_1yr": 28.624646384499577,
  "rmse_3yr": 103.74818461621955,
  "insample_rmse": 3.6904210153413777,
  "naive_insample_rmse": 6.6734637289322345,
  "gof_volatility_near": NaN,
  "gof_volatility_far": NaN,
  "gof_volatility_weighted": NaN,
  "validation_coverage_90": NaN,
  "fit_attempts": [],
  "fit_strategy": "",
  "fit_scaled": false,
  "fit_recovered": false
}