{
  "experiment_id": "20260330_xgboost_full20_300",
  "trial_id": "20260330_xgboost_full20_300_054",
  "model_class": "XGBoost",
  "champion_eligible": true,
  "description": "XGBoost n_estimators=500 learning_rate=0.1 max_depth=4 subsample=0.8 colsample_bytree=0.8 lags=[1, 2, 4, 8] with no exogenous variables",
  "gof_composite": 0.5446327033606936,
  "gof_insample": 0.994022409442639,
  "gof_validation_near": 0.19868608005472077,
  "gof_validation_far": -0.03899814512565136,
  "gof_diagnostic": 0.8333333333333334,
  "rmse": 29.197718557341542,
  "mae": 24.19487247721354,
  "theil_u": 0.8013139199452792,
  "directional_accuracy": 0.19799498746867167,
  "n_params": 11,
  "status": "ok",
  "diagnostics_passed": [
    "jarque_bera",
    "arch_lm",
    "cusum",
    "adf",
    "forecast_plausibility"
  ],
  "diagnostics_failed": [
    "ljung_box"
  ],
  "error_summary": "",
  "rmse_1yr": 29.197718557341542,
  "rmse_3yr": 119.17639064428806,
  "insample_rmse": 0.03989123377095643,
  "naive_insample_rmse": 6.6734637289322345,
  "gof_volatility_near": NaN,
  "gof_volatility_far": NaN,
  "gof_volatility_weighted": NaN,
  "validation_coverage_90": NaN,
  "fit_attempts": [],
  "fit_strategy": "",
  "fit_scaled": false,
  "fit_recovered": false
}