{
  "experiment_id": "20260330_xgboost_full20_300",
  "trial_id": "20260330_xgboost_full20_300_086",
  "model_class": "XGBoost",
  "champion_eligible": true,
  "description": "XGBoost n_estimators=500 learning_rate=0.05 max_depth=3 subsample=0.8 colsample_bytree=0.8 lags=[1, 4, 8] with consumer_confidence",
  "gof_composite": 0.5526779549407659,
  "gof_insample": 0.9372802883900203,
  "gof_validation_near": 0.2710153731079612,
  "gof_validation_far": -0.002819162242413853,
  "gof_diagnostic": 0.8333333333333334,
  "rmse": 26.562234149228164,
  "mae": 21.071181406656894,
  "theil_u": 0.7289846268920388,
  "directional_accuracy": 0.3684210526315789,
  "n_params": 11,
  "status": "ok",
  "diagnostics_passed": [
    "jarque_bera",
    "arch_lm",
    "cusum",
    "adf",
    "forecast_plausibility"
  ],
  "diagnostics_failed": [
    "ljung_box"
  ],
  "error_summary": "",
  "rmse_1yr": 26.562234149228164,
  "rmse_3yr": 115.02654627985535,
  "insample_rmse": 0.4185577205182896,
  "naive_insample_rmse": 6.6734637289322345,
  "gof_volatility_near": NaN,
  "gof_volatility_far": NaN,
  "gof_volatility_weighted": NaN,
  "validation_coverage_90": NaN,
  "fit_attempts": [],
  "fit_strategy": "",
  "fit_scaled": false,
  "fit_recovered": false
}