{
  "experiment_id": "20260329_nbeats_300",
  "trial_id": "20260329_nbeats_300_051",
  "model_class": "N-BEATS",
  "champion_eligible": true,
  "description": "N-BEATS lookback=4 stack_width=64 n_blocks=2 n_layers=2 epochs=75 learning_rate=0.01 with real_gdp",
  "gof_composite": 0.2254024430396947,
  "gof_insample": 0.2765462913830765,
  "gof_validation_near": 0.12036071018511674,
  "gof_validation_far": 0.03994007503337704,
  "gof_diagnostic": 0.6666666666666666,
  "rmse": 32.05168383665249,
  "mae": 25.4482126566569,
  "theil_u": 0.8796392898148833,
  "directional_accuracy": 0.5413533834586466,
  "n_params": 7,
  "status": "ok",
  "diagnostics_passed": [
    "jarque_bera",
    "cusum",
    "adf",
    "forecast_plausibility"
  ],
  "diagnostics_failed": [
    "ljung_box",
    "arch_lm"
  ],
  "error_summary": "",
  "rmse_1yr": 32.05168383665249,
  "rmse_3yr": 110.12192581528736,
  "insample_rmse": 4.827942084016549,
  "naive_insample_rmse": 6.6734637289322345,
  "gof_volatility_near": NaN,
  "gof_volatility_far": NaN,
  "gof_volatility_weighted": NaN,
  "validation_coverage_90": NaN,
  "fit_attempts": [],
  "fit_strategy": "",
  "fit_scaled": false,
  "fit_recovered": false
}