{
  "experiment_id": "20260325_arimax_garch_60_volaware",
  "trial_id": "20260325_arimax_garch_60_volaware_041",
  "model_class": "ARIMAX-GARCH",
  "champion_eligible": true,
  "description": "ARIMAX-GARCH(1, 1, 0) trend=t GARCH(1,2) dist=normal with mortgage_rate, fed_funds",
  "gof_composite": -0.5407668008938483,
  "gof_insample": -1.8777776256497893,
  "gof_validation_near": 0.20020564406314167,
  "gof_validation_far": -0.04030029730059059,
  "gof_diagnostic": 0.5555555555555556,
  "rmse": 29.142349742269953,
  "mae": 19.936117996260545,
  "theil_u": 0.7997943559368583,
  "directional_accuracy": 0.8195488721804511,
  "n_params": 9,
  "status": "ok",
  "diagnostics_passed": [
    "cusum",
    "adf",
    "economic_sign",
    "forecast_plausibility",
    "std_resid_unit_variance"
  ],
  "diagnostics_failed": [
    "ljung_box",
    "jarque_bera",
    "arch_lm",
    "volatility_coverage_90"
  ],
  "error_summary": "",
  "rmse_1yr": 29.142349742269953,
  "rmse_3yr": 119.32575163882585,
  "insample_rmse": 19.204744604706594,
  "naive_insample_rmse": 6.6734637289322345,
  "gof_volatility_near": -0.26358350887554405,
  "gof_volatility_far": -0.43844447982631074,
  "gof_volatility_weighted": -0.316041800160774,
  "validation_coverage_90": 0.2925,
  "fit_attempts": [],
  "fit_strategy": "",
  "fit_scaled": false,
  "fit_recovered": false
}