{
  "experiment_id": "20260329_xgboost_300",
  "trial_id": "20260329_xgboost_300_073",
  "model_class": "XGBoost",
  "champion_eligible": true,
  "description": "XGBoost n_estimators=200 learning_rate=0.03 max_depth=2 subsample=0.8 colsample_bytree=0.8 lags=[1, 4, 8] with mortgage_rate",
  "gof_composite": 0.30753122875237676,
  "gof_insample": 0.5115645526412644,
  "gof_validation_near": 0.25243196597990003,
  "gof_validation_far": -0.014082980425071279,
  "gof_diagnostic": 0.16666666666666666,
  "rmse": 27.239363396151365,
  "mae": 22.75960244750976,
  "theil_u": 0.7475680340201,
  "directional_accuracy": 0.08521303258145363,
  "n_params": 11,
  "status": "ok",
  "diagnostics_passed": [
    "jarque_bera"
  ],
  "diagnostics_failed": [
    "ljung_box",
    "arch_lm",
    "cusum",
    "adf",
    "forecast_plausibility"
  ],
  "error_summary": "",
  "rmse_1yr": 27.239363396151365,
  "rmse_3yr": 116.31854203767288,
  "insample_rmse": 3.2595562418733115,
  "naive_insample_rmse": 6.6734637289322345,
  "gof_volatility_near": NaN,
  "gof_volatility_far": NaN,
  "gof_volatility_weighted": NaN,
  "validation_coverage_90": NaN,
  "fit_attempts": [],
  "fit_strategy": "",
  "fit_scaled": false,
  "fit_recovered": false
}