{
  "experiment_id": "20260325_arimax_garch_60_volaware",
  "trial_id": "20260325_arimax_garch_60_volaware_013",
  "model_class": "ARIMAX-GARCH",
  "champion_eligible": true,
  "description": "ARIMAX-GARCH(1, 1, 0) trend=t GARCH(1,1) dist=normal with mortgage_rate, real_gdp, building_permits",
  "gof_composite": -0.5571000456669417,
  "gof_insample": -1.8596626580228497,
  "gof_validation_near": 0.17155105258504477,
  "gof_validation_far": -0.03381975296980788,
  "gof_diagnostic": 0.4444444444444444,
  "rmse": 30.186445790682797,
  "mae": 21.17293385003578,
  "theil_u": 0.8284489474149552,
  "directional_accuracy": 0.8320802005012531,
  "n_params": 9,
  "status": "ok",
  "diagnostics_passed": [
    "cusum",
    "economic_sign",
    "forecast_plausibility",
    "std_resid_unit_variance"
  ],
  "diagnostics_failed": [
    "ljung_box",
    "jarque_bera",
    "arch_lm",
    "adf",
    "volatility_coverage_90"
  ],
  "error_summary": "",
  "rmse_1yr": 30.186445790682797,
  "rmse_3yr": 118.58241259979457,
  "insample_rmse": 19.08385502529743,
  "naive_insample_rmse": 6.6734637289322345,
  "gof_volatility_near": -0.29143955872048766,
  "gof_volatility_far": -0.42866077036968386,
  "gof_volatility_weighted": -0.33260592221524654,
  "validation_coverage_90": 0.3325,
  "fit_attempts": [],
  "fit_strategy": "",
  "fit_scaled": false,
  "fit_recovered": false
}