{
  "experiment_id": "20260330_arimax_full20_300",
  "trial_id": "20260330_arimax_full20_300_084",
  "model_class": "ARIMAX",
  "champion_eligible": true,
  "description": "ARIMAX(1, 1, 1) trend=t with personal_consumption",
  "gof_composite": -0.6032763223984536,
  "gof_insample": -1.5959569209722915,
  "gof_validation_near": 0.060598041856933293,
  "gof_validation_far": -0.28830483868213963,
  "gof_diagnostic": 0.5714285714285714,
  "rmse": 34.22927432478629,
  "mae": 23.064917032685184,
  "theil_u": 0.9394019581430667,
  "directional_accuracy": 0.8370927318295739,
  "n_params": 5,
  "status": "ok",
  "diagnostics_passed": [
    "ljung_box",
    "cusum",
    "adf",
    "forecast_plausibility"
  ],
  "diagnostics_failed": [
    "jarque_bera",
    "arch_lm",
    "economic_sign"
  ],
  "error_summary": "",
  "rmse_1yr": 34.22927432478629,
  "rmse_3yr": 147.77266104275995,
  "insample_rmse": 17.32402435397919,
  "naive_insample_rmse": 6.6734637289322345,
  "gof_volatility_near": NaN,
  "gof_volatility_far": NaN,
  "gof_volatility_weighted": NaN,
  "validation_coverage_90": NaN,
  "fit_attempts": [],
  "fit_strategy": "",
  "fit_scaled": false,
  "fit_recovered": false
}