{
  "experiment_id": "20260330_ardl_full20_300",
  "trial_id": "20260330_ardl_full20_300_037",
  "model_class": "ARDL",
  "champion_eligible": true,
  "description": "ARDL(ar_lags=1, distributed_lags=1) trend=c with treasury_10y",
  "gof_composite": -156171653589.16293,
  "gof_insample": 0.08185330088478071,
  "gof_validation_near": -13379.099746819405,
  "gof_validation_far": -1041144326043.5004,
  "gof_diagnostic": 0.14285714285714285,
  "rmse": 487534.7562955952,
  "mae": 239102.07459597135,
  "theil_u": 13380.099746819405,
  "directional_accuracy": 0.8220551378446115,
  "n_params": 4,
  "status": "ok",
  "diagnostics_passed": [
    "adf"
  ],
  "diagnostics_failed": [
    "ljung_box",
    "jarque_bera",
    "arch_lm",
    "cusum",
    "economic_sign",
    "forecast_plausibility"
  ],
  "error_summary": "",
  "rmse_1yr": 487534.7562955952,
  "rmse_3yr": 119422564419263.52,
  "insample_rmse": 6.127218694384274,
  "naive_insample_rmse": 6.6734637289322345,
  "gof_volatility_near": NaN,
  "gof_volatility_far": NaN,
  "gof_volatility_weighted": NaN,
  "validation_coverage_90": NaN,
  "fit_attempts": [],
  "fit_strategy": "",
  "fit_scaled": false,
  "fit_recovered": false
}