{
  "experiment_id": "20260325_arimax_garch_60_volaware",
  "trial_id": "20260325_arimax_garch_60_volaware_055",
  "model_class": "ARIMAX-GARCH",
  "champion_eligible": true,
  "description": "ARIMAX-GARCH(1, 1, 1) trend=t GARCH(1,2) dist=normal with mortgage_rate, consumer_confidence",
  "gof_composite": -0.737425414781066,
  "gof_insample": -1.4756379183043582,
  "gof_validation_near": -0.11276993824235526,
  "gof_validation_far": -1.894629765687212,
  "gof_diagnostic": 0.4444444444444444,
  "rmse": 40.54633604529089,
  "mae": 24.042886479223647,
  "theil_u": 1.1127699382423553,
  "directional_accuracy": 0.6992481203007519,
  "n_params": 10,
  "status": "ok",
  "diagnostics_passed": [
    "arch_lm",
    "cusum",
    "forecast_plausibility",
    "std_resid_unit_variance"
  ],
  "diagnostics_failed": [
    "ljung_box",
    "jarque_bera",
    "adf",
    "economic_sign",
    "volatility_coverage_90"
  ],
  "error_summary": "",
  "rmse_1yr": 40.54633604529089,
  "rmse_3yr": 332.0232373315778,
  "insample_rmse": 16.521079853773436,
  "naive_insample_rmse": 6.6734637289322345,
  "gof_volatility_near": -0.48882051353167233,
  "gof_volatility_far": -0.47972576982467086,
  "gof_volatility_weighted": -0.4860920904195719,
  "validation_coverage_90": 0.215,
  "fit_attempts": [],
  "fit_strategy": "",
  "fit_scaled": false,
  "fit_recovered": false
}