{
  "experiment_id": "20260330_arimax_full20_300",
  "trial_id": "20260330_arimax_full20_300_098",
  "model_class": "ARIMAX",
  "champion_eligible": true,
  "description": "ARIMAX(1, 1, 1) trend=t with treasury_10y, mortgage_rate",
  "gof_composite": -0.8387653666890653,
  "gof_insample": -1.4610807425274444,
  "gof_validation_near": -0.11116300814661928,
  "gof_validation_far": -1.8171258264641859,
  "gof_diagnostic": 0.5714285714285714,
  "rmse": 40.48778384557393,
  "mae": 24.42521076973811,
  "theil_u": 1.1111630081466193,
  "directional_accuracy": 0.7117794486215538,
  "n_params": 6,
  "status": "ok",
  "diagnostics_passed": [
    "ljung_box",
    "cusum",
    "adf",
    "forecast_plausibility"
  ],
  "diagnostics_failed": [
    "jarque_bera",
    "arch_lm",
    "economic_sign"
  ],
  "error_summary": "",
  "rmse_1yr": 40.48778384557393,
  "rmse_3yr": 323.1332890860999,
  "insample_rmse": 16.42393306923051,
  "naive_insample_rmse": 6.6734637289322345,
  "gof_volatility_near": NaN,
  "gof_volatility_far": NaN,
  "gof_volatility_weighted": NaN,
  "validation_coverage_90": NaN,
  "fit_attempts": [],
  "fit_strategy": "",
  "fit_scaled": false,
  "fit_recovered": false
}