{
  "experiment_id": "20260329_lightgbm_300",
  "trial_id": "20260329_lightgbm_300_013",
  "model_class": "LightGBM",
  "champion_eligible": true,
  "description": "LightGBM n_estimators=500 learning_rate=0.05 max_depth=2 num_leaves=7 lags=[1, 2, 4] with no exogenous variables",
  "gof_composite": -0.08763397771102363,
  "gof_insample": -0.4269168344238716,
  "gof_validation_near": 0.1483924694856047,
  "gof_validation_far": -0.014252943965133102,
  "gof_diagnostic": 0.3333333333333333,
  "rmse": 31.030282113369456,
  "mae": 26.627044303431564,
  "theil_u": 0.8516075305143953,
  "directional_accuracy": 0.19548872180451127,
  "n_params": 11,
  "status": "ok",
  "diagnostics_passed": [
    "cusum",
    "adf"
  ],
  "diagnostics_failed": [
    "ljung_box",
    "jarque_bera",
    "arch_lm",
    "forecast_plausibility"
  ],
  "error_summary": "",
  "rmse_1yr": 31.030282113369456,
  "rmse_3yr": 116.3380373961013,
  "insample_rmse": 9.52247773873051,
  "naive_insample_rmse": 6.6734637289322345,
  "gof_volatility_near": NaN,
  "gof_volatility_far": NaN,
  "gof_volatility_weighted": NaN,
  "validation_coverage_90": NaN,
  "fit_attempts": [],
  "fit_strategy": "",
  "fit_scaled": false,
  "fit_recovered": false
}