{
  "experiment_id": "20260330_lstm_gru_full20_300",
  "trial_id": "20260330_lstm_gru_full20_300_052",
  "model_class": "LSTM / GRU",
  "champion_eligible": true,
  "description": "LSTM lookback=4 hidden_size=32 num_layers=2 epochs=75 learning_rate=0.01 with fed_funds",
  "gof_composite": -0.07503093004978588,
  "gof_insample": -0.6000969040936157,
  "gof_validation_near": 0.2683759350656434,
  "gof_validation_far": 0.02939725098679047,
  "gof_diagnostic": 0.6666666666666666,
  "rmse": 26.658408154435012,
  "mae": 21.225087524414057,
  "theil_u": 0.7316240649343566,
  "directional_accuracy": 0.6616541353383458,
  "n_params": 8,
  "status": "ok",
  "diagnostics_passed": [
    "jarque_bera",
    "cusum",
    "adf",
    "forecast_plausibility"
  ],
  "diagnostics_failed": [
    "ljung_box",
    "arch_lm"
  ],
  "error_summary": "",
  "rmse_1yr": 26.658408154435012,
  "rmse_3yr": 111.33122125336348,
  "insample_rmse": 10.678188652245504,
  "naive_insample_rmse": 6.6734637289322345,
  "gof_volatility_near": NaN,
  "gof_volatility_far": NaN,
  "gof_volatility_weighted": NaN,
  "validation_coverage_90": NaN,
  "fit_attempts": [],
  "fit_strategy": "",
  "fit_scaled": false,
  "fit_recovered": false
}