{
  "experiment_id": "20260331_bvar_full20_300",
  "trial_id": "20260331_bvar_full20_300_024",
  "model_class": "BVAR",
  "champion_eligible": true,
  "description": "BVAR(2) prior=minnesota lambda=0.2 trend=c with new_home_sales",
  "gof_composite": -1.4049373879147262,
  "gof_insample": 0.2927508380624937,
  "gof_validation_near": -2.4344434240481614,
  "gof_validation_far": -4.688772387041339,
  "gof_diagnostic": 0.3333333333333333,
  "rmse": 125.14185764215662,
  "mae": 97.17006228285939,
  "theil_u": 3.4344434240481614,
  "directional_accuracy": 0.20300751879699247,
  "n_params": 11,
  "status": "ok",
  "diagnostics_passed": [
    "cusum",
    "adf"
  ],
  "diagnostics_failed": [
    "ljung_box",
    "jarque_bera",
    "arch_lm",
    "forecast_plausibility"
  ],
  "error_summary": "",
  "rmse_1yr": 125.14185764215662,
  "rmse_3yr": 652.5202797185818,
  "insample_rmse": 4.719801629507669,
  "naive_insample_rmse": 6.6734637289322345,
  "gof_volatility_near": NaN,
  "gof_volatility_far": NaN,
  "gof_volatility_weighted": NaN,
  "validation_coverage_90": NaN,
  "fit_attempts": [],
  "fit_strategy": "",
  "fit_scaled": false,
  "fit_recovered": false
}