{
  "experiment_id": "20260330_tcn_full20_300",
  "trial_id": "20260330_tcn_full20_300_041",
  "model_class": "TCN",
  "champion_eligible": true,
  "description": "TCN lookback=4 channels=16 num_blocks=2 kernel_size=2 epochs=75 learning_rate=0.01 with housing_inventory",
  "gof_composite": -0.007677843734282,
  "gof_insample": 0.3690411362584842,
  "gof_validation_near": -0.5970870357974172,
  "gof_validation_far": -0.08653668250164248,
  "gof_diagnostic": 0.6666666666666666,
  "rmse": 58.19354515390952,
  "mae": 37.35854599507649,
  "theil_u": 1.5970870357974172,
  "directional_accuracy": 0.6917293233082706,
  "n_params": 7,
  "status": "ok",
  "diagnostics_passed": [
    "arch_lm",
    "cusum",
    "adf",
    "forecast_plausibility"
  ],
  "diagnostics_failed": [
    "ljung_box",
    "jarque_bera"
  ],
  "error_summary": "",
  "rmse_1yr": 58.19354515390952,
  "rmse_3yr": 124.62921202569107,
  "insample_rmse": 4.210681091627301,
  "naive_insample_rmse": 6.6734637289322345,
  "gof_volatility_near": NaN,
  "gof_volatility_far": NaN,
  "gof_volatility_weighted": NaN,
  "validation_coverage_90": NaN,
  "fit_attempts": [],
  "fit_strategy": "",
  "fit_scaled": false,
  "fit_recovered": false
}