{
  "experiment_id": "20260325_state_space_60",
  "trial_id": "20260325_state_space_60_039",
  "model_class": "State-Space",
  "champion_eligible": true,
  "description": "State-Space(local level, cycle) with mortgage_rate, housing_inventory",
  "gof_composite": -0.5022849195936206,
  "gof_insample": -1.2866773679810835,
  "gof_validation_near": 0.08561548647209782,
  "gof_validation_far": -0.30767214158566647,
  "gof_diagnostic": 0.2857142857142857,
  "rmse": 33.31770610075327,
  "mae": 25.801318519035075,
  "theil_u": 0.9143845135279022,
  "directional_accuracy": 0.5588972431077694,
  "n_params": 6,
  "status": "ok",
  "diagnostics_passed": [
    "ljung_box",
    "forecast_plausibility"
  ],
  "diagnostics_failed": [
    "jarque_bera",
    "arch_lm",
    "cusum",
    "adf",
    "economic_sign"
  ],
  "error_summary": "",
  "rmse_1yr": 33.31770610075327,
  "rmse_3yr": 149.99415226234038,
  "insample_rmse": 15.26005847499199,
  "naive_insample_rmse": 6.6734637289322345
}