{
  "experiment_id": "20260331_vecm_full20_300",
  "trial_id": "20260331_vecm_full20_300_049",
  "model_class": "VECM",
  "champion_eligible": true,
  "description": "VECM(k_ar_diff=1) deterministic=ci with treasury_10y, mortgage_rate",
  "gof_composite": -0.12384846155579157,
  "gof_insample": 0.26631054148854516,
  "gof_validation_near": -0.13840166252909913,
  "gof_validation_far": -1.4351028639957217,
  "gof_diagnostic": 0.3333333333333333,
  "rmse": 41.48028696419522,
  "mae": 26.88208570557537,
  "theil_u": 1.1384016625290991,
  "directional_accuracy": 0.6240601503759399,
  "n_params": 16,
  "status": "ok",
  "diagnostics_passed": [
    "adf",
    "forecast_plausibility"
  ],
  "diagnostics_failed": [
    "ljung_box",
    "jarque_bera",
    "arch_lm",
    "cusum"
  ],
  "error_summary": "",
  "rmse_1yr": 41.48028696419522,
  "rmse_3yr": 279.31404068433886,
  "insample_rmse": 4.896249989676125,
  "naive_insample_rmse": 6.6734637289322345,
  "gof_volatility_near": NaN,
  "gof_volatility_far": NaN,
  "gof_volatility_weighted": NaN,
  "validation_coverage_90": NaN,
  "fit_attempts": [],
  "fit_strategy": "",
  "fit_scaled": false,
  "fit_recovered": false
}