{
  "experiment_id": "20260325_arimax_60",
  "trial_id": "20260325_arimax_60_036",
  "model_class": "ARIMAX",
  "champion_eligible": true,
  "description": "ARIMAX(1, 1, 1) trend=t with mortgage_rate, per_capita_income, real_gdp",
  "gof_composite": -0.8582598670046818,
  "gof_insample": -1.4609817129353435,
  "gof_validation_near": -0.1165741932577018,
  "gof_validation_far": -1.934727142221373,
  "gof_diagnostic": 0.5714285714285714,
  "rmse": 40.684952840149556,
  "mae": 25.69453025683138,
  "theil_u": 1.1165741932577018,
  "directional_accuracy": 0.6716791979949874,
  "n_params": 7,
  "status": "ok",
  "diagnostics_passed": [
    "ljung_box",
    "cusum",
    "adf",
    "forecast_plausibility"
  ],
  "diagnostics_failed": [
    "jarque_bera",
    "arch_lm",
    "economic_sign"
  ],
  "error_summary": "",
  "rmse_1yr": 40.684952840149556,
  "rmse_3yr": 336.6225339059411,
  "insample_rmse": 16.423272198839534,
  "naive_insample_rmse": 6.6734637289322345
}