{
  "experiment_id": "20260330_arimax_garch_full20_300",
  "trial_id": "20260330_arimax_garch_full20_300_085",
  "model_class": "ARIMAX-GARCH",
  "champion_eligible": true,
  "description": "ARIMAX-GARCH(1, 1, 1) trend=t GARCH(1,1) dist=normal with per_capita_income",
  "gof_composite": -1.3744311215212912,
  "gof_insample": -1.5919416469567476,
  "gof_validation_near": 0.08836364043837985,
  "gof_validation_far": -0.4672635756636918,
  "gof_diagnostic": 0.4444444444444444,
  "rmse": 33.21757078042185,
  "mae": 21.80419632063819,
  "theil_u": 0.9116363595616201,
  "directional_accuracy": 0.7017543859649122,
  "n_params": 8,
  "status": "ok",
  "diagnostics_passed": [
    "arch_lm",
    "cusum",
    "forecast_plausibility",
    "std_resid_unit_variance"
  ],
  "diagnostics_failed": [
    "ljung_box",
    "jarque_bera",
    "adf",
    "economic_sign",
    "volatility_coverage_90"
  ],
  "error_summary": "",
  "rmse_1yr": 33.21757078042185,
  "rmse_3yr": 168.299797157274,
  "insample_rmse": 17.297228568474733,
  "naive_insample_rmse": 6.6734637289322345,
  "gof_volatility_near": -0.9841421708885774,
  "gof_volatility_far": -9.925769926885815,
  "gof_volatility_weighted": -3.666630497687749,
  "validation_coverage_90": 0.13,
  "fit_attempts": [],
  "fit_strategy": "",
  "fit_scaled": false,
  "fit_recovered": false
}