{
  "experiment_id": "20260330_arimax_garch_full20_300",
  "trial_id": "20260330_arimax_garch_full20_300_057",
  "model_class": "ARIMAX-GARCH",
  "champion_eligible": true,
  "description": "ARIMAX-GARCH(1, 1, 0) trend=t GARCH(1,1) dist=normal with consumer_confidence, treasury_10y, fed_funds",
  "gof_composite": -0.5854867749847857,
  "gof_insample": -1.9794485284862366,
  "gof_validation_near": 0.2075150629874546,
  "gof_validation_far": -0.012870823736200743,
  "gof_diagnostic": 0.4444444444444444,
  "rmse": 28.87601422599143,
  "mae": 19.512732810069135,
  "theil_u": 0.7924849370125454,
  "directional_accuracy": 0.8045112781954887,
  "n_params": 9,
  "status": "ok",
  "diagnostics_passed": [
    "cusum",
    "adf",
    "forecast_plausibility",
    "std_resid_unit_variance"
  ],
  "diagnostics_failed": [
    "ljung_box",
    "jarque_bera",
    "arch_lm",
    "economic_sign",
    "volatility_coverage_90"
  ],
  "error_summary": "",
  "rmse_1yr": 28.87601422599143,
  "rmse_3yr": 116.1795038115195,
  "insample_rmse": 19.88324168707342,
  "naive_insample_rmse": 6.6734637289322345,
  "gof_volatility_near": -0.2626007941922408,
  "gof_volatility_far": -0.5431094036394752,
  "gof_volatility_weighted": -0.3467533770264111,
  "validation_coverage_90": 0.3025,
  "fit_attempts": [],
  "fit_strategy": "",
  "fit_scaled": false,
  "fit_recovered": false
}