{
  "experiment_id": "20260325_arimax_garch_60_volaware",
  "trial_id": "20260325_arimax_garch_60_volaware_050",
  "model_class": "ARIMAX-GARCH",
  "champion_eligible": true,
  "description": "ARIMAX-GARCH(1, 1, 1) trend=t GARCH(1,2) dist=normal with mortgage_rate, real_gdp",
  "gof_composite": -0.8221827409870869,
  "gof_insample": -1.4441947129609587,
  "gof_validation_near": -0.1382893908451226,
  "gof_validation_far": -2.0090026386984534,
  "gof_diagnostic": 0.4444444444444444,
  "rmse": 41.47619608676365,
  "mae": 26.233881922878968,
  "theil_u": 1.1382893908451226,
  "directional_accuracy": 0.6892230576441103,
  "n_params": 10,
  "status": "ok",
  "diagnostics_passed": [
    "arch_lm",
    "cusum",
    "forecast_plausibility",
    "std_resid_unit_variance"
  ],
  "diagnostics_failed": [
    "ljung_box",
    "jarque_bera",
    "adf",
    "economic_sign",
    "volatility_coverage_90"
  ],
  "error_summary": "",
  "rmse_1yr": 41.47619608676365,
  "rmse_3yr": 345.14216950392426,
  "insample_rmse": 16.311244763392892,
  "naive_insample_rmse": 6.6734637289322345,
  "gof_volatility_near": -0.6077984064393447,
  "gof_volatility_far": -1.220419184469765,
  "gof_volatility_weighted": -0.7915846398484707,
  "validation_coverage_90": 0.1575,
  "fit_attempts": [],
  "fit_strategy": "",
  "fit_scaled": false,
  "fit_recovered": false
}