{
  "experiment_id": "20260325_state_space_60",
  "trial_id": "20260325_state_space_60_036",
  "model_class": "State-Space",
  "champion_eligible": true,
  "description": "State-Space(local level, cycle) with mortgage_rate, housing_starts",
  "gof_composite": -0.5292130315599639,
  "gof_insample": -1.403039551608682,
  "gof_validation_near": 0.11040754045947387,
  "gof_validation_far": -0.32997995289633164,
  "gof_diagnostic": 0.42857142857142855,
  "rmse": 32.41435050344722,
  "mae": 25.230767984635108,
  "theil_u": 0.8895924595405261,
  "directional_accuracy": 0.556390977443609,
  "n_params": 6,
  "status": "ok",
  "diagnostics_passed": [
    "ljung_box",
    "adf",
    "forecast_plausibility"
  ],
  "diagnostics_failed": [
    "jarque_bera",
    "arch_lm",
    "cusum",
    "economic_sign"
  ],
  "error_summary": "",
  "rmse_1yr": 32.41435050344722,
  "rmse_3yr": 152.5529291452937,
  "insample_rmse": 16.03659728685012,
  "naive_insample_rmse": 6.6734637289322345
}