{
  "experiment_id": "20260330_lstm_gru_full20_300",
  "trial_id": "20260330_lstm_gru_full20_300_049",
  "model_class": "LSTM / GRU",
  "champion_eligible": true,
  "description": "LSTM lookback=4 hidden_size=16 num_layers=1 epochs=75 learning_rate=0.01 with fed_funds",
  "gof_composite": -0.04725364410128172,
  "gof_insample": -0.573127171702315,
  "gof_validation_near": 0.31738632599893024,
  "gof_validation_far": 0.028302292089013692,
  "gof_diagnostic": 0.6666666666666666,
  "rmse": 24.87260166182708,
  "mae": 18.90146693929036,
  "theil_u": 0.6826136740010698,
  "directional_accuracy": 0.631578947368421,
  "n_params": 8,
  "status": "ok",
  "diagnostics_passed": [
    "jarque_bera",
    "cusum",
    "adf",
    "forecast_plausibility"
  ],
  "diagnostics_failed": [
    "ljung_box",
    "arch_lm"
  ],
  "error_summary": "",
  "rmse_1yr": 24.87260166182708,
  "rmse_3yr": 111.45681652025888,
  "insample_rmse": 10.49820712135315,
  "naive_insample_rmse": 6.6734637289322345,
  "gof_volatility_near": NaN,
  "gof_volatility_far": NaN,
  "gof_volatility_weighted": NaN,
  "validation_coverage_90": NaN,
  "fit_attempts": [],
  "fit_strategy": "",
  "fit_scaled": false,
  "fit_recovered": false
}