{
  "experiment_id": "20260325_var_60",
  "trial_id": "20260325_var_60_020",
  "model_class": "VAR",
  "champion_eligible": true,
  "description": "VAR(2) trend=c with term_spread",
  "gof_composite": -0.09225314123599938,
  "gof_insample": 0.27975728272362155,
  "gof_validation_near": -0.20798637719385749,
  "gof_validation_far": -1.2090721487173193,
  "gof_diagnostic": 0.5,
  "rmse": 44.015766336390925,
  "mae": 30.115040966062686,
  "theil_u": 1.2079863771938575,
  "directional_accuracy": 0.8320802005012531,
  "n_params": 5,
  "status": "ok",
  "diagnostics_passed": [
    "cusum",
    "adf",
    "forecast_plausibility"
  ],
  "diagnostics_failed": [
    "ljung_box",
    "jarque_bera",
    "arch_lm"
  ],
  "error_summary": "",
  "rmse_1yr": 44.015766336390925,
  "rmse_3yr": 253.38759899818066,
  "insample_rmse": 4.806513649771506,
  "naive_insample_rmse": 6.6734637289322345
}