{
  "experiment_id": "20260329_lstm_gru_300",
  "trial_id": "20260329_lstm_gru_300_012",
  "model_class": "LSTM / GRU",
  "champion_eligible": true,
  "description": "GRU lookback=4 hidden_size=32 num_layers=2 epochs=75 learning_rate=0.01 with no exogenous variables",
  "gof_composite": -0.08839806893766035,
  "gof_insample": -0.5482428276467575,
  "gof_validation_near": 0.15066610712476924,
  "gof_validation_far": 0.07666171973804492,
  "gof_diagnostic": 0.6666666666666666,
  "rmse": 30.947436888498984,
  "mae": 25.069774037679036,
  "theil_u": 0.8493338928752308,
  "directional_accuracy": 0.8095238095238095,
  "n_params": 8,
  "status": "ok",
  "diagnostics_passed": [
    "jarque_bera",
    "cusum",
    "adf",
    "forecast_plausibility"
  ],
  "diagnostics_failed": [
    "ljung_box",
    "arch_lm"
  ],
  "error_summary": "",
  "rmse_1yr": 30.947436888498984,
  "rmse_3yr": 105.90983641459358,
  "insample_rmse": 10.332142353880117,
  "naive_insample_rmse": 6.6734637289322345,
  "gof_volatility_near": NaN,
  "gof_volatility_far": NaN,
  "gof_volatility_weighted": NaN,
  "validation_coverage_90": NaN,
  "fit_attempts": [],
  "fit_strategy": "",
  "fit_scaled": false,
  "fit_recovered": false
}