{
  "experiment_id": "20260325_vecm_60",
  "trial_id": "20260325_vecm_60_033",
  "model_class": "VECM",
  "champion_eligible": true,
  "description": "VECM(k_ar_diff=4) deterministic=ci with mortgage_rate, real_gdp",
  "gof_composite": 0.09818812121012684,
  "gof_insample": 0.4908061798493646,
  "gof_validation_near": -0.06973647135086991,
  "gof_validation_far": -0.9359550161565413,
  "gof_diagnostic": 0.6666666666666666,
  "rmse": 38.97831254841957,
  "mae": 24.781489667441278,
  "theil_u": 1.06973647135087,
  "directional_accuracy": 0.6165413533834586,
  "n_params": 43,
  "status": "ok",
  "diagnostics_passed": [
    "ljung_box",
    "cusum",
    "adf",
    "forecast_plausibility"
  ],
  "diagnostics_failed": [
    "jarque_bera",
    "arch_lm"
  ],
  "error_summary": "",
  "rmse_1yr": 38.97831254841957,
  "rmse_3yr": 222.06019554283114,
  "insample_rmse": 3.398086489771709,
  "naive_insample_rmse": 6.6734637289322345
}