{
  "experiment_id": "20260330_svr_full20_300",
  "trial_id": "20260330_svr_full20_300_078",
  "model_class": "Support Vector Regression",
  "champion_eligible": true,
  "description": "Support Vector Regression kernel=rbf C=10.0 epsilon=5.0 gamma=0.1 lags=[1, 2, 4, 8] with no exogenous variables",
  "gof_composite": -2.3232413378309587,
  "gof_insample": -5.886477012570456,
  "gof_validation_near": 0.015383264255182993,
  "gof_validation_far": 0.06199105360828672,
  "gof_diagnostic": 0.16666666666666666,
  "rmse": 35.876778902191916,
  "mae": 29.77398524928229,
  "theil_u": 0.984616735744817,
  "directional_accuracy": 0.5012531328320802,
  "n_params": 5,
  "status": "ok",
  "diagnostics_passed": [
    "forecast_plausibility"
  ],
  "diagnostics_failed": [
    "ljung_box",
    "jarque_bera",
    "arch_lm",
    "cusum",
    "adf"
  ],
  "error_summary": "",
  "rmse_1yr": 35.876778902191916,
  "rmse_3yr": 107.59260846370108,
  "insample_rmse": 45.95665456351455,
  "naive_insample_rmse": 6.6734637289322345,
  "gof_volatility_near": NaN,
  "gof_volatility_far": NaN,
  "gof_volatility_weighted": NaN,
  "validation_coverage_90": NaN,
  "fit_attempts": [],
  "fit_strategy": "",
  "fit_scaled": false,
  "fit_recovered": false
}