{
  "experiment_id": "20260331_var_full20_300",
  "trial_id": "20260331_var_full20_300_004",
  "model_class": "VAR",
  "champion_eligible": true,
  "description": "VAR(1) trend=c with treasury_10y",
  "gof_composite": -0.34990206583112465,
  "gof_insample": 0.08132036781613383,
  "gof_validation_near": -0.46253413668650567,
  "gof_validation_far": -1.5813995452264527,
  "gof_diagnostic": 0.16666666666666666,
  "rmse": 53.29080032254175,
  "mae": 38.78370084506755,
  "theil_u": 1.4625341366865057,
  "directional_accuracy": 0.7493734335839599,
  "n_params": 6,
  "status": "ok",
  "diagnostics_passed": [
    "adf"
  ],
  "diagnostics_failed": [
    "ljung_box",
    "jarque_bera",
    "arch_lm",
    "cusum",
    "forecast_plausibility"
  ],
  "error_summary": "",
  "rmse_1yr": 53.29080032254175,
  "rmse_3yr": 296.09473515825243,
  "insample_rmse": 6.130775203887837,
  "naive_insample_rmse": 6.6734637289322345,
  "gof_volatility_near": NaN,
  "gof_volatility_far": NaN,
  "gof_volatility_weighted": NaN,
  "validation_coverage_90": NaN,
  "fit_attempts": [],
  "fit_strategy": "",
  "fit_scaled": false,
  "fit_recovered": false
}