{
  "experiment_id": "20260330_nbeats_full20_300",
  "trial_id": "20260330_nbeats_full20_300_030",
  "model_class": "N-BEATS",
  "champion_eligible": true,
  "description": "N-BEATS lookback=8 stack_width=32 n_blocks=3 n_layers=2 epochs=75 learning_rate=0.01 with fed_funds",
  "gof_composite": 0.1523421058833442,
  "gof_insample": 0.4629768146990788,
  "gof_validation_near": -0.04097042953107288,
  "gof_validation_far": -0.3456153532916344,
  "gof_diagnostic": 0.3333333333333333,
  "rmse": 37.93015555007302,
  "mae": 29.552688568115233,
  "theil_u": 1.0409704295310729,
  "directional_accuracy": 0.6340852130325815,
  "n_params": 7,
  "status": "ok",
  "diagnostics_passed": [
    "cusum",
    "adf"
  ],
  "diagnostics_failed": [
    "ljung_box",
    "jarque_bera",
    "arch_lm",
    "forecast_plausibility"
  ],
  "error_summary": "",
  "rmse_1yr": 37.93015555007302,
  "rmse_3yr": 154.3463592819424,
  "insample_rmse": 3.5838047487013522,
  "naive_insample_rmse": 6.6734637289322345,
  "gof_volatility_near": NaN,
  "gof_volatility_far": NaN,
  "gof_volatility_weighted": NaN,
  "validation_coverage_90": NaN,
  "fit_attempts": [],
  "fit_strategy": "",
  "fit_scaled": false,
  "fit_recovered": false
}