{
  "experiment_id": "20260329_xgboost_300",
  "trial_id": "20260329_xgboost_300_046",
  "model_class": "XGBoost",
  "champion_eligible": true,
  "description": "XGBoost n_estimators=500 learning_rate=0.03 max_depth=2 subsample=0.8 colsample_bytree=0.8 lags=[1, 2, 4, 8] with no exogenous variables",
  "gof_composite": 0.4694594326507995,
  "gof_insample": 0.7836080856721155,
  "gof_validation_near": 0.20934126445378853,
  "gof_validation_far": -0.0039105167347073255,
  "gof_diagnostic": 0.8333333333333334,
  "rmse": 28.80947236877938,
  "mae": 24.252650889078772,
  "theil_u": 0.7906587355462115,
  "directional_accuracy": 0.12781954887218044,
  "n_params": 11,
  "status": "ok",
  "diagnostics_passed": [
    "ljung_box",
    "arch_lm",
    "cusum",
    "adf",
    "forecast_plausibility"
  ],
  "diagnostics_failed": [
    "jarque_bera"
  ],
  "error_summary": "",
  "rmse_1yr": 28.80947236877938,
  "rmse_3yr": 115.15172810998196,
  "insample_rmse": 1.4440835915013492,
  "naive_insample_rmse": 6.6734637289322345,
  "gof_volatility_near": NaN,
  "gof_volatility_far": NaN,
  "gof_volatility_weighted": NaN,
  "validation_coverage_90": NaN,
  "fit_attempts": [],
  "fit_strategy": "",
  "fit_scaled": false,
  "fit_recovered": false
}