{
  "experiment_id": "20260330_lstm_gru_full20_300",
  "trial_id": "20260330_lstm_gru_full20_300_016",
  "model_class": "LSTM / GRU",
  "champion_eligible": true,
  "description": "GRU lookback=8 hidden_size=32 num_layers=2 epochs=75 learning_rate=0.01 with no exogenous variables",
  "gof_composite": 0.16963463364843,
  "gof_insample": 0.1484122751861543,
  "gof_validation_near": 0.22110587775672275,
  "gof_validation_far": -0.0030044464947864835,
  "gof_diagnostic": 0.3333333333333333,
  "rmse": 28.38080158245573,
  "mae": 21.082353576660157,
  "theil_u": 0.7788941222432773,
  "directional_accuracy": 0.47117794486215536,
  "n_params": 8,
  "status": "ok",
  "diagnostics_passed": [
    "adf",
    "forecast_plausibility"
  ],
  "diagnostics_failed": [
    "ljung_box",
    "jarque_bera",
    "arch_lm",
    "cusum"
  ],
  "error_summary": "",
  "rmse_1yr": 28.38080158245573,
  "rmse_3yr": 115.04779897269663,
  "insample_rmse": 5.683039793549124,
  "naive_insample_rmse": 6.6734637289322345,
  "gof_volatility_near": NaN,
  "gof_volatility_far": NaN,
  "gof_volatility_weighted": NaN,
  "validation_coverage_90": NaN,
  "fit_attempts": [],
  "fit_strategy": "",
  "fit_scaled": false,
  "fit_recovered": false
}