{
  "experiment_id": "20260329_tcn_300",
  "trial_id": "20260329_tcn_300_033",
  "model_class": "TCN",
  "champion_eligible": true,
  "description": "TCN lookback=4 channels=16 num_blocks=2 kernel_size=2 epochs=75 learning_rate=0.01 with per_capita_income",
  "gof_composite": -0.021546383517891256,
  "gof_insample": 0.18212865661493738,
  "gof_validation_near": -0.2546957608381877,
  "gof_validation_far": -0.14613997691444802,
  "gof_diagnostic": 0.16666666666666666,
  "rmse": 45.71773032789025,
  "mae": 34.05611040242513,
  "theil_u": 1.2546957608381877,
  "directional_accuracy": 0.556390977443609,
  "n_params": 7,
  "status": "ok",
  "diagnostics_passed": [
    "adf"
  ],
  "diagnostics_failed": [
    "ljung_box",
    "jarque_bera",
    "arch_lm",
    "cusum",
    "forecast_plausibility"
  ],
  "error_summary": "",
  "rmse_1yr": 45.71773032789025,
  "rmse_3yr": 131.4658993979943,
  "insample_rmse": 5.458034745013296,
  "naive_insample_rmse": 6.6734637289322345,
  "gof_volatility_near": NaN,
  "gof_volatility_far": NaN,
  "gof_volatility_weighted": NaN,
  "validation_coverage_90": NaN,
  "fit_attempts": [],
  "fit_strategy": "",
  "fit_scaled": false,
  "fit_recovered": false
}