{
  "experiment_id": "20260330_random_forest_full20_300",
  "trial_id": "20260330_random_forest_full20_300_092",
  "model_class": "Random Forest",
  "champion_eligible": true,
  "description": "Random Forest n_estimators=500 max_depth=3 min_samples_leaf=4 lags=[1, 4, 8] with treasury_10y",
  "gof_composite": -0.09214083240401216,
  "gof_insample": -0.49703051152793853,
  "gof_validation_near": 0.22307383272237613,
  "gof_validation_far": -0.03158535052667788,
  "gof_diagnostic": 0.3333333333333333,
  "rmse": 28.309094609956624,
  "mae": 23.55561740795001,
  "theil_u": 0.7769261672776239,
  "directional_accuracy": 0.3533834586466165,
  "n_params": 7,
  "status": "ok",
  "diagnostics_passed": [
    "jarque_bera",
    "forecast_plausibility"
  ],
  "diagnostics_failed": [
    "ljung_box",
    "arch_lm",
    "cusum",
    "adf"
  ],
  "error_summary": "",
  "rmse_1yr": 28.309094609956624,
  "rmse_3yr": 118.32611953549193,
  "insample_rmse": 9.990378819786567,
  "naive_insample_rmse": 6.6734637289322345,
  "gof_volatility_near": NaN,
  "gof_volatility_far": NaN,
  "gof_volatility_weighted": NaN,
  "validation_coverage_90": NaN,
  "fit_attempts": [],
  "fit_strategy": "",
  "fit_scaled": false,
  "fit_recovered": false
}