{
  "experiment_id": "20260329_lightgbm_300",
  "trial_id": "20260329_lightgbm_300_001",
  "model_class": "LightGBM",
  "champion_eligible": true,
  "description": "LightGBM n_estimators=200 learning_rate=0.03 max_depth=2 num_leaves=7 lags=[1, 2, 4] with no exogenous variables",
  "gof_composite": -0.12565442879855435,
  "gof_insample": -0.5289360781354173,
  "gof_validation_near": 0.15865409772839556,
  "gof_validation_far": -0.019615100551061193,
  "gof_diagnostic": 0.3333333333333333,
  "rmse": 30.656376049946104,
  "mae": 26.308395496945757,
  "theil_u": 0.8413459022716044,
  "directional_accuracy": 0.03759398496240601,
  "n_params": 11,
  "status": "ok",
  "diagnostics_passed": [
    "cusum",
    "adf"
  ],
  "diagnostics_failed": [
    "ljung_box",
    "jarque_bera",
    "arch_lm",
    "forecast_plausibility"
  ],
  "error_summary": "",
  "rmse_1yr": 30.656376049946104,
  "rmse_3yr": 116.9530938049875,
  "insample_rmse": 10.203299461292609,
  "naive_insample_rmse": 6.6734637289322345,
  "gof_volatility_near": NaN,
  "gof_volatility_far": NaN,
  "gof_volatility_weighted": NaN,
  "validation_coverage_90": NaN,
  "fit_attempts": [],
  "fit_strategy": "",
  "fit_scaled": false,
  "fit_recovered": false
}