{
  "experiment_id": "20260330_svr_full20_300",
  "trial_id": "20260330_svr_full20_300_107",
  "model_class": "Support Vector Regression",
  "champion_eligible": true,
  "description": "Support Vector Regression kernel=rbf C=50.0 epsilon=1.0 gamma=0.1 lags=[1, 2, 4] with consumer_confidence",
  "gof_composite": 0.0206995091458209,
  "gof_insample": -0.2694290474343468,
  "gof_validation_near": 0.26716971455783123,
  "gof_validation_far": 0.12196707571768028,
  "gof_diagnostic": 0.16666666666666666,
  "rmse": 26.702359577252675,
  "mae": 21.164879968944124,
  "theil_u": 0.7328302854421688,
  "directional_accuracy": 0.5538847117794486,
  "n_params": 5,
  "status": "ok",
  "diagnostics_passed": [
    "forecast_plausibility"
  ],
  "diagnostics_failed": [
    "ljung_box",
    "jarque_bera",
    "arch_lm",
    "cusum",
    "adf"
  ],
  "error_summary": "",
  "rmse_1yr": 26.702359577252675,
  "rmse_3yr": 100.71316803954602,
  "insample_rmse": 8.471488704506111,
  "naive_insample_rmse": 6.6734637289322345,
  "gof_volatility_near": NaN,
  "gof_volatility_far": NaN,
  "gof_volatility_weighted": NaN,
  "validation_coverage_90": NaN,
  "fit_attempts": [],
  "fit_strategy": "",
  "fit_scaled": false,
  "fit_recovered": false
}