{
  "experiment_id": "20260330_arimax_garch_full20_300",
  "trial_id": "20260330_arimax_garch_full20_300_066",
  "model_class": "ARIMAX-GARCH",
  "champion_eligible": true,
  "description": "ARIMAX-GARCH(1, 1, 0) trend=t GARCH(1,1) dist=normal with consumer_confidence, housing_inventory, new_home_sales",
  "gof_composite": 0.0395539374461785,
  "gof_insample": 0.1604855875137684,
  "gof_validation_near": 0.14359758121166544,
  "gof_validation_far": 0.015523519108619155,
  "gof_diagnostic": 0.3333333333333333,
  "rmse": 31.204994912999762,
  "mae": 21.305311035999914,
  "theil_u": 0.8564024187883346,
  "directional_accuracy": 0.8295739348370927,
  "n_params": 9,
  "status": "ok",
  "diagnostics_passed": [
    "cusum",
    "adf",
    "forecast_plausibility"
  ],
  "diagnostics_failed": [
    "ljung_box",
    "jarque_bera",
    "arch_lm",
    "economic_sign",
    "volatility_coverage_90",
    "std_resid_unit_variance"
  ],
  "error_summary": "",
  "rmse_1yr": 31.204994912999762,
  "rmse_3yr": 112.92258241003532,
  "insample_rmse": 5.602468981642721,
  "naive_insample_rmse": 6.6734637289322345,
  "gof_volatility_near": -0.27089568059245406,
  "gof_volatility_far": -0.4262676700184558,
  "gof_volatility_weighted": -0.31750727742025453,
  "validation_coverage_90": 0.285,
  "fit_attempts": [],
  "fit_strategy": "",
  "fit_scaled": false,
  "fit_recovered": false
}