{
  "experiment_id": "20260325_bvar_60",
  "trial_id": "20260325_bvar_60_006",
  "model_class": "BVAR",
  "champion_eligible": true,
  "description": "BVAR(1) prior=minnesota lambda=0.2 trend=c with unemployment_rate",
  "gof_composite": -0.2646028409765416,
  "gof_insample": 0.10027615010304969,
  "gof_validation_near": -0.3716370526140347,
  "gof_validation_far": -1.3864911062412175,
  "gof_diagnostic": 0.3333333333333333,
  "rmse": 49.97875567640324,
  "mae": 35.59824306897341,
  "theil_u": 1.3716370526140347,
  "directional_accuracy": 0.506265664160401,
  "n_params": 7,
  "status": "ok",
  "diagnostics_passed": [
    "cusum",
    "adf"
  ],
  "diagnostics_failed": [
    "ljung_box",
    "jarque_bera",
    "arch_lm",
    "forecast_plausibility"
  ],
  "error_summary": "",
  "rmse_1yr": 49.97875567640324,
  "rmse_3yr": 273.7381175133156,
  "insample_rmse": 6.004274478342568,
  "naive_insample_rmse": 6.6734637289322345,
  "gof_volatility_near": NaN,
  "gof_volatility_far": NaN,
  "gof_volatility_weighted": NaN,
  "validation_coverage_90": NaN,
  "fit_attempts": [],
  "fit_strategy": "",
  "fit_scaled": false,
  "fit_recovered": false
}