{
  "experiment_id": "20260330_tcn_full20_300",
  "trial_id": "20260330_tcn_full20_300_035",
  "model_class": "TCN",
  "champion_eligible": true,
  "description": "TCN lookback=4 channels=32 num_blocks=2 kernel_size=2 epochs=75 learning_rate=0.01 with mortgage_rate",
  "gof_composite": 0.10178290091872877,
  "gof_insample": 0.4571996506205228,
  "gof_validation_near": -0.23442041135772418,
  "gof_validation_far": -0.4381098801396237,
  "gof_diagnostic": 0.6666666666666666,
  "rmse": 44.97895126384661,
  "mae": 33.180704935709635,
  "theil_u": 1.2344204113577242,
  "directional_accuracy": 0.47117794486215536,
  "n_params": 7,
  "status": "ok",
  "diagnostics_passed": [
    "jarque_bera",
    "cusum",
    "adf",
    "forecast_plausibility"
  ],
  "diagnostics_failed": [
    "ljung_box",
    "arch_lm"
  ],
  "error_summary": "",
  "rmse_1yr": 44.97895126384661,
  "rmse_3yr": 164.95577558918853,
  "insample_rmse": 3.6223584436356853,
  "naive_insample_rmse": 6.6734637289322345,
  "gof_volatility_near": NaN,
  "gof_volatility_far": NaN,
  "gof_volatility_weighted": NaN,
  "validation_coverage_90": NaN,
  "fit_attempts": [],
  "fit_strategy": "",
  "fit_scaled": false,
  "fit_recovered": false
}