{
  "experiment_id": "20260331_bvar_full20_300",
  "trial_id": "20260331_bvar_full20_300_061",
  "model_class": "BVAR",
  "champion_eligible": true,
  "description": "BVAR(1) prior=minnesota lambda=0.1 trend=c with treasury_10y, fed_funds",
  "gof_composite": -0.3325944680728454,
  "gof_insample": 0.08114599975543502,
  "gof_validation_near": -0.45730869974428834,
  "gof_validation_far": -1.4777432648745674,
  "gof_diagnostic": 0.16666666666666666,
  "rmse": 53.10039949038296,
  "mae": 38.90649888418614,
  "theil_u": 1.4573086997442883,
  "directional_accuracy": 0.5914786967418546,
  "n_params": 13,
  "status": "ok",
  "diagnostics_passed": [
    "adf"
  ],
  "diagnostics_failed": [
    "ljung_box",
    "jarque_bera",
    "arch_lm",
    "cusum",
    "forecast_plausibility"
  ],
  "error_summary": "",
  "rmse_1yr": 53.10039949038296,
  "rmse_3yr": 284.20503023634797,
  "insample_rmse": 6.131938842816395,
  "naive_insample_rmse": 6.6734637289322345,
  "gof_volatility_near": NaN,
  "gof_volatility_far": NaN,
  "gof_volatility_weighted": NaN,
  "validation_coverage_90": NaN,
  "fit_attempts": [],
  "fit_strategy": "",
  "fit_scaled": false,
  "fit_recovered": false
}