{
  "experiment_id": "20260330_xgboost_full20_300",
  "trial_id": "20260330_xgboost_full20_300_040",
  "model_class": "XGBoost",
  "champion_eligible": true,
  "description": "XGBoost n_estimators=200 learning_rate=0.05 max_depth=2 subsample=0.8 colsample_bytree=0.8 lags=[1, 2, 4, 8] with no exogenous variables",
  "gof_composite": 0.4290362386352732,
  "gof_insample": 0.6916624758740391,
  "gof_validation_near": 0.24926929719241686,
  "gof_validation_far": -0.01026448265569968,
  "gof_diagnostic": 0.6666666666666666,
  "rmse": 27.35460251885789,
  "mae": 22.81569715372721,
  "theil_u": 0.7507307028075831,
  "directional_accuracy": 0.05513784461152882,
  "n_params": 11,
  "status": "ok",
  "diagnostics_passed": [
    "jarque_bera",
    "cusum",
    "adf",
    "forecast_plausibility"
  ],
  "diagnostics_failed": [
    "ljung_box",
    "arch_lm"
  ],
  "error_summary": "",
  "rmse_1yr": 27.35460251885789,
  "rmse_3yr": 115.88054820296595,
  "insample_rmse": 2.0576792835233686,
  "naive_insample_rmse": 6.6734637289322345,
  "gof_volatility_near": NaN,
  "gof_volatility_far": NaN,
  "gof_volatility_weighted": NaN,
  "validation_coverage_90": NaN,
  "fit_attempts": [],
  "fit_strategy": "",
  "fit_scaled": false,
  "fit_recovered": false
}