{
  "experiment_id": "20260325_vecm_60",
  "trial_id": "20260325_vecm_60_029",
  "model_class": "VECM",
  "champion_eligible": true,
  "description": "VECM(k_ar_diff=2) deterministic=ci with mortgage_rate, per_capita_income",
  "gof_composite": -0.056458540980947866,
  "gof_insample": 0.3065578836284033,
  "gof_validation_near": -0.060911978108184384,
  "gof_validation_far": -1.3850833472962978,
  "gof_diagnostic": 0.5,
  "rmse": 38.65677180926869,
  "mae": 23.695004272728863,
  "theil_u": 1.0609119781081844,
  "directional_accuracy": 0.49122807017543857,
  "n_params": 25,
  "status": "ok",
  "diagnostics_passed": [
    "cusum",
    "adf",
    "forecast_plausibility"
  ],
  "diagnostics_failed": [
    "ljung_box",
    "jarque_bera",
    "arch_lm"
  ],
  "error_summary": "",
  "rmse_1yr": 38.65677180926869,
  "rmse_3yr": 273.57664308649413,
  "insample_rmse": 4.627660811719856,
  "naive_insample_rmse": 6.6734637289322345
}