{
  "experiment_id": "20260325_arimax_60",
  "trial_id": "20260325_arimax_60_022",
  "model_class": "ARIMAX",
  "champion_eligible": true,
  "description": "ARIMAX(1, 1, 1) trend=t with mortgage_rate, per_capita_income",
  "gof_composite": -0.8606706266960302,
  "gof_insample": -1.4646947394591092,
  "gof_validation_near": -0.11180083765290316,
  "gof_validation_far": -1.952035299178184,
  "gof_diagnostic": 0.5714285714285714,
  "rmse": 40.51102463292143,
  "mae": 25.278752950857406,
  "theil_u": 1.1118008376529032,
  "directional_accuracy": 0.6791979949874687,
  "n_params": 6,
  "status": "ok",
  "diagnostics_passed": [
    "ljung_box",
    "cusum",
    "adf",
    "forecast_plausibility"
  ],
  "diagnostics_failed": [
    "jarque_bera",
    "arch_lm",
    "economic_sign"
  ],
  "error_summary": "",
  "rmse_1yr": 40.51102463292143,
  "rmse_3yr": 338.60783453856936,
  "insample_rmse": 16.44805094667045,
  "naive_insample_rmse": 6.6734637289322345
}