{
  "experiment_id": "20260325_arimax_garch_60_volaware",
  "trial_id": "20260325_arimax_garch_60_volaware_017",
  "model_class": "ARIMAX-GARCH",
  "champion_eligible": true,
  "description": "ARIMAX-GARCH(1, 1, 1) trend=t GARCH(1,1) dist=normal with mortgage_rate",
  "gof_composite": -0.744196548156807,
  "gof_insample": -1.452407844468409,
  "gof_validation_near": -0.11837041486063105,
  "gof_validation_far": -1.9314227865056552,
  "gof_diagnostic": 0.4444444444444444,
  "rmse": 40.75040231197768,
  "mae": 24.727699158331795,
  "theil_u": 1.118370414860631,
  "directional_accuracy": 0.7167919799498746,
  "n_params": 8,
  "status": "ok",
  "diagnostics_passed": [
    "arch_lm",
    "cusum",
    "forecast_plausibility",
    "std_resid_unit_variance"
  ],
  "diagnostics_failed": [
    "ljung_box",
    "jarque_bera",
    "adf",
    "economic_sign",
    "volatility_coverage_90"
  ],
  "error_summary": "",
  "rmse_1yr": 40.75040231197768,
  "rmse_3yr": 336.24351379945534,
  "insample_rmse": 16.36605479860881,
  "naive_insample_rmse": 6.6734637289322345,
  "gof_volatility_near": -0.5367093726582359,
  "gof_volatility_far": -0.48346155573085703,
  "gof_volatility_weighted": -0.5207350275800222,
  "validation_coverage_90": 0.1975,
  "fit_attempts": [],
  "fit_strategy": "",
  "fit_scaled": false,
  "fit_recovered": false
}