{
  "experiment_id": "20260325_vecm_60",
  "trial_id": "20260325_vecm_60_020",
  "model_class": "VECM",
  "champion_eligible": true,
  "description": "VECM(k_ar_diff=2) deterministic=ci with term_spread",
  "gof_composite": -0.1322601501595395,
  "gof_insample": 0.27420333137877584,
  "gof_validation_near": -0.1897375196865707,
  "gof_validation_far": -1.5035556721383343,
  "gof_diagnostic": 0.5,
  "rmse": 43.3508271755597,
  "mae": 29.629214871549312,
  "theil_u": 1.1897375196865707,
  "directional_accuracy": 0.5413533834586466,
  "n_params": 13,
  "status": "ok",
  "diagnostics_passed": [
    "cusum",
    "adf",
    "forecast_plausibility"
  ],
  "diagnostics_failed": [
    "ljung_box",
    "jarque_bera",
    "arch_lm"
  ],
  "error_summary": "",
  "rmse_1yr": 43.3508271755597,
  "rmse_3yr": 287.16579541766026,
  "insample_rmse": 4.843577742623588,
  "naive_insample_rmse": 6.6734637289322345
}