{
  "experiment_id": "20260330_arimax_full20_300",
  "trial_id": "20260330_arimax_full20_300_012",
  "model_class": "ARIMAX",
  "champion_eligible": true,
  "description": "ARIMAX(1, 1, 0) trend=t with consumer_confidence, treasury_10y",
  "gof_composite": -0.6752994331947283,
  "gof_insample": -1.9858022819135495,
  "gof_validation_near": 0.18254882203746992,
  "gof_validation_far": -0.013423101901867796,
  "gof_diagnostic": 0.5714285714285714,
  "rmse": 29.7857167265323,
  "mae": 20.61239108505157,
  "theil_u": 0.8174511779625301,
  "directional_accuracy": 0.8295739348370927,
  "n_params": 5,
  "status": "ok",
  "diagnostics_passed": [
    "ljung_box",
    "cusum",
    "adf",
    "forecast_plausibility"
  ],
  "diagnostics_failed": [
    "jarque_bera",
    "arch_lm",
    "economic_sign"
  ],
  "error_summary": "",
  "rmse_1yr": 29.7857167265323,
  "rmse_3yr": 116.2428518730388,
  "insample_rmse": 19.92564323011317,
  "naive_insample_rmse": 6.6734637289322345,
  "gof_volatility_near": NaN,
  "gof_volatility_far": NaN,
  "gof_volatility_weighted": NaN,
  "validation_coverage_90": NaN,
  "fit_attempts": [],
  "fit_strategy": "",
  "fit_scaled": false,
  "fit_recovered": false
}