{
  "experiment_id": "20260325_arimax_60",
  "trial_id": "20260325_arimax_60_011",
  "model_class": "ARIMAX",
  "champion_eligible": true,
  "description": "ARIMAX(1, 1, 0) trend=t with mortgage_rate, fed_funds",
  "gof_composite": -0.6156555480043333,
  "gof_insample": -1.8777776256497893,
  "gof_validation_near": 0.20020564406314167,
  "gof_validation_far": -0.04030029730059059,
  "gof_diagnostic": 0.7142857142857143,
  "rmse": 29.142349742269953,
  "mae": 19.936117996260545,
  "theil_u": 0.7997943559368583,
  "directional_accuracy": 0.8195488721804511,
  "n_params": 5,
  "status": "ok",
  "diagnostics_passed": [
    "ljung_box",
    "cusum",
    "adf",
    "economic_sign",
    "forecast_plausibility"
  ],
  "diagnostics_failed": [
    "jarque_bera",
    "arch_lm"
  ],
  "error_summary": "",
  "rmse_1yr": 29.142349742269953,
  "rmse_3yr": 119.32575163882585,
  "insample_rmse": 19.204744604706594,
  "naive_insample_rmse": 6.6734637289322345
}