{
  "experiment_id": "20260325_arimax_60",
  "trial_id": "20260325_arimax_60_048",
  "model_class": "ARIMAX",
  "champion_eligible": true,
  "description": "ARIMAX(2, 1, 0) trend=t with mortgage_rate, unemployment_rate, per_capita_income",
  "gof_composite": -0.6273535037968134,
  "gof_insample": -1.853067195289058,
  "gof_validation_near": 0.21080676439207302,
  "gof_validation_far": -0.1136790024084855,
  "gof_diagnostic": 0.5714285714285714,
  "rmse": 28.75607350264368,
  "mae": 20.16804928196626,
  "theil_u": 0.789193235607927,
  "directional_accuracy": 0.8045112781954887,
  "n_params": 7,
  "status": "ok",
  "diagnostics_passed": [
    "ljung_box",
    "cusum",
    "adf",
    "forecast_plausibility"
  ],
  "diagnostics_failed": [
    "jarque_bera",
    "arch_lm",
    "economic_sign"
  ],
  "error_summary": "",
  "rmse_1yr": 28.75607350264368,
  "rmse_3yr": 127.74252241549831,
  "insample_rmse": 19.03984044396795,
  "naive_insample_rmse": 6.6734637289322345
}