{
  "experiment_id": "20260330_xgboost_full20_300",
  "trial_id": "20260330_xgboost_full20_300_019",
  "model_class": "XGBoost",
  "champion_eligible": true,
  "description": "XGBoost n_estimators=200 learning_rate=0.03 max_depth=2 subsample=0.8 colsample_bytree=0.8 lags=[1, 4, 8] with no exogenous variables",
  "gof_composite": 0.30035780856144373,
  "gof_insample": 0.48967675829874646,
  "gof_validation_near": 0.2603603693023836,
  "gof_validation_far": -0.022037937870372115,
  "gof_diagnostic": 0.16666666666666666,
  "rmse": 26.9504737574505,
  "mae": 22.601326141357415,
  "theil_u": 0.7396396306976164,
  "directional_accuracy": 0.045112781954887216,
  "n_params": 10,
  "status": "ok",
  "diagnostics_passed": [
    "jarque_bera"
  ],
  "diagnostics_failed": [
    "ljung_box",
    "arch_lm",
    "cusum",
    "adf",
    "forecast_plausibility"
  ],
  "error_summary": "",
  "rmse_1yr": 26.9504737574505,
  "rmse_3yr": 117.23100094869935,
  "insample_rmse": 3.4056236435244336,
  "naive_insample_rmse": 6.6734637289322345,
  "gof_volatility_near": NaN,
  "gof_volatility_far": NaN,
  "gof_volatility_weighted": NaN,
  "validation_coverage_90": NaN,
  "fit_attempts": [],
  "fit_strategy": "",
  "fit_scaled": false,
  "fit_recovered": false
}