{
  "experiment_id": "20260329_nbeats_300",
  "trial_id": "20260329_nbeats_300_049",
  "model_class": "N-BEATS",
  "champion_eligible": true,
  "description": "N-BEATS lookback=4 stack_width=32 n_blocks=2 n_layers=2 epochs=75 learning_rate=0.01 with real_gdp",
  "gof_composite": 0.014492631216199023,
  "gof_insample": 0.11559388660090841,
  "gof_validation_near": 0.013859300285579468,
  "gof_validation_far": -0.6884156346052255,
  "gof_diagnostic": 0.6666666666666666,
  "rmse": 35.93230803998482,
  "mae": 25.28345749918619,
  "theil_u": 0.9861406997144205,
  "directional_accuracy": 0.543859649122807,
  "n_params": 7,
  "status": "ok",
  "diagnostics_passed": [
    "jarque_bera",
    "cusum",
    "adf",
    "forecast_plausibility"
  ],
  "diagnostics_failed": [
    "ljung_box",
    "arch_lm"
  ],
  "error_summary": "",
  "rmse_1yr": 35.93230803998482,
  "rmse_3yr": 193.66664145035736,
  "insample_rmse": 5.902052119414766,
  "naive_insample_rmse": 6.6734637289322345,
  "gof_volatility_near": NaN,
  "gof_volatility_far": NaN,
  "gof_volatility_weighted": NaN,
  "validation_coverage_90": NaN,
  "fit_attempts": [],
  "fit_strategy": "",
  "fit_scaled": false,
  "fit_recovered": false
}