{
  "experiment_id": "20260331_var_full20_300",
  "trial_id": "20260331_var_full20_300_008",
  "model_class": "VAR",
  "champion_eligible": true,
  "description": "VAR(2) trend=c with fed_funds",
  "gof_composite": -0.10751127555806918,
  "gof_insample": 0.28148205955999184,
  "gof_validation_near": -0.24873194818852595,
  "gof_validation_far": -1.2203194501072123,
  "gof_diagnostic": 0.5,
  "rmse": 45.50042507592929,
  "mae": 30.879218439613464,
  "theil_u": 1.248731948188526,
  "directional_accuracy": 0.8095238095238095,
  "n_params": 10,
  "status": "ok",
  "diagnostics_passed": [
    "cusum",
    "adf",
    "forecast_plausibility"
  ],
  "diagnostics_failed": [
    "ljung_box",
    "jarque_bera",
    "arch_lm"
  ],
  "error_summary": "",
  "rmse_1yr": 45.50042507592929,
  "rmse_3yr": 254.6777002273545,
  "insample_rmse": 4.795003414113486,
  "naive_insample_rmse": 6.6734637289322345,
  "gof_volatility_near": NaN,
  "gof_volatility_far": NaN,
  "gof_volatility_weighted": NaN,
  "validation_coverage_90": NaN,
  "fit_attempts": [],
  "fit_strategy": "",
  "fit_scaled": false,
  "fit_recovered": false
}