{
  "experiment_id": "20260330_arimax_full20_300",
  "trial_id": "20260330_arimax_full20_300_034",
  "model_class": "ARIMAX",
  "champion_eligible": true,
  "description": "ARIMAX(1, 1, 0) trend=t with fed_funds, m2_money_supply",
  "gof_composite": -0.6089149567440872,
  "gof_insample": -1.8415407213266102,
  "gof_validation_near": 0.20039291379188018,
  "gof_validation_far": 0.002806365443610237,
  "gof_diagnostic": 0.5714285714285714,
  "rmse": 29.135526138314102,
  "mae": 20.043755766186166,
  "theil_u": 0.7996070862081198,
  "directional_accuracy": 0.8270676691729323,
  "n_params": 5,
  "status": "ok",
  "diagnostics_passed": [
    "ljung_box",
    "cusum",
    "adf",
    "forecast_plausibility"
  ],
  "diagnostics_failed": [
    "jarque_bera",
    "arch_lm",
    "economic_sign"
  ],
  "error_summary": "",
  "rmse_1yr": 29.135526138314102,
  "rmse_3yr": 114.38128036842413,
  "insample_rmse": 18.962918938057072,
  "naive_insample_rmse": 6.6734637289322345,
  "gof_volatility_near": NaN,
  "gof_volatility_far": NaN,
  "gof_volatility_weighted": NaN,
  "validation_coverage_90": NaN,
  "fit_attempts": [],
  "fit_strategy": "",
  "fit_scaled": false,
  "fit_recovered": false
}