{
  "experiment_id": "20260330_arimax_full20_300",
  "trial_id": "20260330_arimax_full20_300_067",
  "model_class": "ARIMAX",
  "champion_eligible": true,
  "description": "ARIMAX(1, 1, 0) trend=t with treasury_10y, fed_funds, mortgage_rate",
  "gof_composite": -0.6049249555726862,
  "gof_insample": -1.8190354090531389,
  "gof_validation_near": 0.20182496913967551,
  "gof_validation_far": -0.03394925528782777,
  "gof_diagnostic": 0.5714285714285714,
  "rmse": 29.08334590287489,
  "mae": 19.680670262754113,
  "theil_u": 0.7981750308603245,
  "directional_accuracy": 0.8095238095238095,
  "n_params": 6,
  "status": "ok",
  "diagnostics_passed": [
    "ljung_box",
    "cusum",
    "adf",
    "forecast_plausibility"
  ],
  "diagnostics_failed": [
    "jarque_bera",
    "arch_lm",
    "economic_sign"
  ],
  "error_summary": "",
  "rmse_1yr": 29.08334590287489,
  "rmse_3yr": 118.59726692741206,
  "insample_rmse": 18.812730552891768,
  "naive_insample_rmse": 6.6734637289322345,
  "gof_volatility_near": NaN,
  "gof_volatility_far": NaN,
  "gof_volatility_weighted": NaN,
  "validation_coverage_90": NaN,
  "fit_attempts": [],
  "fit_strategy": "",
  "fit_scaled": false,
  "fit_recovered": false
}