{
  "experiment_id": "20260330_arimax_garch_full20_300",
  "trial_id": "20260330_arimax_garch_full20_300_056",
  "model_class": "ARIMAX-GARCH",
  "champion_eligible": true,
  "description": "ARIMAX-GARCH(1, 1, 0) trend=t GARCH(1,1) dist=normal with m2_money_supply, population",
  "gof_composite": -0.4531346014832328,
  "gof_insample": -1.5148279272063072,
  "gof_validation_near": 0.17540022310127268,
  "gof_validation_far": 0.004887378770382256,
  "gof_diagnostic": 0.5555555555555556,
  "rmse": 30.04619239608344,
  "mae": 21.322739757266557,
  "theil_u": 0.8245997768987273,
  "directional_accuracy": 0.8195488721804511,
  "n_params": 8,
  "status": "ok",
  "diagnostics_passed": [
    "arch_lm",
    "cusum",
    "adf",
    "forecast_plausibility",
    "std_resid_unit_variance"
  ],
  "diagnostics_failed": [
    "ljung_box",
    "jarque_bera",
    "economic_sign",
    "volatility_coverage_90"
  ],
  "error_summary": "",
  "rmse_1yr": 30.04619239608344,
  "rmse_3yr": 114.14258152345424,
  "insample_rmse": 16.782612956717124,
  "naive_insample_rmse": 6.6734637289322345,
  "gof_volatility_near": -0.3699270127543688,
  "gof_volatility_far": -0.45124460396317434,
  "gof_volatility_weighted": -0.3943222901170105,
  "validation_coverage_90": 0.3,
  "fit_attempts": [],
  "fit_strategy": "",
  "fit_scaled": false,
  "fit_recovered": false
}