{
  "experiment_id": "20260329_lstm_gru_300",
  "trial_id": "20260329_lstm_gru_300_079",
  "model_class": "LSTM / GRU",
  "champion_eligible": true,
  "description": "GRU lookback=8 hidden_size=32 num_layers=1 epochs=75 learning_rate=0.01 with per_capita_income",
  "gof_composite": 0.1441217126612792,
  "gof_insample": 0.1507158457478629,
  "gof_validation_near": 0.1673562553885901,
  "gof_validation_far": -0.053817655714705426,
  "gof_diagnostic": 0.3333333333333333,
  "rmse": 30.339292889552077,
  "mae": 24.96896724446614,
  "theil_u": 0.8326437446114099,
  "directional_accuracy": 0.5112781954887218,
  "n_params": 8,
  "status": "ok",
  "diagnostics_passed": [
    "jarque_bera",
    "forecast_plausibility"
  ],
  "diagnostics_failed": [
    "ljung_box",
    "arch_lm",
    "cusum",
    "adf"
  ],
  "error_summary": "",
  "rmse_1yr": 30.339292889552077,
  "rmse_3yr": 120.876235626114,
  "insample_rmse": 5.667666998958526,
  "naive_insample_rmse": 6.6734637289322345,
  "gof_volatility_near": NaN,
  "gof_volatility_far": NaN,
  "gof_volatility_weighted": NaN,
  "validation_coverage_90": NaN,
  "fit_attempts": [],
  "fit_strategy": "",
  "fit_scaled": false,
  "fit_recovered": false
}