{
  "experiment_id": "20260325_var_60",
  "trial_id": "20260325_var_60_024",
  "model_class": "VAR",
  "champion_eligible": true,
  "description": "VAR(4) trend=c with housing_inventory",
  "gof_composite": -0.07473472076938402,
  "gof_insample": 0.49614913981272046,
  "gof_validation_near": -0.2927435387913282,
  "gof_validation_far": -1.5826720318944933,
  "gof_diagnostic": 0.6666666666666666,
  "rmse": 47.104088763400625,
  "mae": 28.502056698477364,
  "theil_u": 1.2927435387913282,
  "directional_accuracy": 0.47619047619047616,
  "n_params": 9,
  "status": "ok",
  "diagnostics_passed": [
    "ljung_box",
    "cusum",
    "adf",
    "forecast_plausibility"
  ],
  "diagnostics_failed": [
    "jarque_bera",
    "arch_lm"
  ],
  "error_summary": "",
  "rmse_1yr": 47.104088763400625,
  "rmse_3yr": 296.2406934248302,
  "insample_rmse": 3.3624304402511163,
  "naive_insample_rmse": 6.6734637289322345
}