{
  "experiment_id": "20260331_var_full20_300",
  "trial_id": "20260331_var_full20_300_036",
  "model_class": "VAR",
  "champion_eligible": true,
  "description": "VAR(4) trend=c with consumer_confidence, fed_funds",
  "gof_composite": 0.1365498921865554,
  "gof_insample": 0.4733093286041191,
  "gof_validation_near": 0.047451407707597704,
  "gof_validation_far": -0.9069899907961207,
  "gof_diagnostic": 0.6666666666666666,
  "rmse": 34.708302224232796,
  "mae": 19.9439606646392,
  "theil_u": 0.9525485922924023,
  "directional_accuracy": 0.5413533834586466,
  "n_params": 39,
  "status": "ok",
  "diagnostics_passed": [
    "ljung_box",
    "cusum",
    "adf",
    "forecast_plausibility"
  ],
  "diagnostics_failed": [
    "jarque_bera",
    "arch_lm"
  ],
  "error_summary": "",
  "rmse_1yr": 34.708302224232796,
  "rmse_3yr": 218.73781504237536,
  "insample_rmse": 3.5148510919273774,
  "naive_insample_rmse": 6.6734637289322345,
  "gof_volatility_near": NaN,
  "gof_volatility_far": NaN,
  "gof_volatility_weighted": NaN,
  "validation_coverage_90": NaN,
  "fit_attempts": [],
  "fit_strategy": "",
  "fit_scaled": false,
  "fit_recovered": false
}