{
  "experiment_id": "20260330_xgboost_full20_300",
  "trial_id": "20260330_xgboost_full20_300_001",
  "model_class": "XGBoost",
  "champion_eligible": true,
  "description": "XGBoost n_estimators=200 learning_rate=0.03 max_depth=2 subsample=0.8 colsample_bytree=0.8 lags=[1, 2, 4] with no exogenous variables",
  "gof_composite": 0.29270193991978993,
  "gof_insample": 0.4838357916638081,
  "gof_validation_near": 0.25262977602447956,
  "gof_validation_far": -0.03946310013978516,
  "gof_diagnostic": 0.16666666666666666,
  "rmse": 27.232155731507476,
  "mae": 22.598191274007156,
  "theil_u": 0.7473702239755204,
  "directional_accuracy": 0.047619047619047616,
  "n_params": 10,
  "status": "ok",
  "diagnostics_passed": [
    "jarque_bera"
  ],
  "diagnostics_failed": [
    "ljung_box",
    "arch_lm",
    "cusum",
    "adf",
    "forecast_plausibility"
  ],
  "error_summary": "",
  "rmse_1yr": 27.232155731507476,
  "rmse_3yr": 119.22972246269063,
  "insample_rmse": 3.4446031225045983,
  "naive_insample_rmse": 6.6734637289322345,
  "gof_volatility_near": NaN,
  "gof_volatility_far": NaN,
  "gof_volatility_weighted": NaN,
  "validation_coverage_90": NaN,
  "fit_attempts": [],
  "fit_strategy": "",
  "fit_scaled": false,
  "fit_recovered": false
}