{
  "experiment_id": "20260329_lstm_gru_300",
  "trial_id": "20260329_lstm_gru_300_021",
  "model_class": "LSTM / GRU",
  "champion_eligible": true,
  "description": "LSTM lookback=8 hidden_size=16 num_layers=1 epochs=75 learning_rate=0.01 with mortgage_rate",
  "gof_composite": 0.047250424665266695,
  "gof_insample": 0.023360853085646283,
  "gof_validation_near": 0.05093214723175499,
  "gof_validation_far": -0.08835667622292931,
  "gof_diagnostic": 0.3333333333333333,
  "rmse": 34.581473461536774,
  "mae": 28.44043822224934,
  "theil_u": 0.949067852768245,
  "directional_accuracy": 0.42355889724310775,
  "n_params": 8,
  "status": "ok",
  "diagnostics_passed": [
    "adf",
    "forecast_plausibility"
  ],
  "diagnostics_failed": [
    "ljung_box",
    "jarque_bera",
    "arch_lm",
    "cusum"
  ],
  "error_summary": "",
  "rmse_1yr": 34.581473461536774,
  "rmse_3yr": 124.83797109202413,
  "insample_rmse": 6.5175659231882594,
  "naive_insample_rmse": 6.6734637289322345,
  "gof_volatility_near": NaN,
  "gof_volatility_far": NaN,
  "gof_volatility_weighted": NaN,
  "validation_coverage_90": NaN,
  "fit_attempts": [],
  "fit_strategy": "",
  "fit_scaled": false,
  "fit_recovered": false
}