{
  "experiment_id": "20260330_ardl_300",
  "trial_id": "20260330_ardl_300_035",
  "model_class": "ARDL",
  "champion_eligible": true,
  "description": "ARDL(ar_lags=4, distributed_lags=4) trend=c with mortgage_rate",
  "gof_composite": 0.06664191556638498,
  "gof_insample": 0.4575050685004822,
  "gof_validation_near": -0.06281961939498326,
  "gof_validation_far": -1.1053454431609016,
  "gof_diagnostic": 0.7142857142857143,
  "rmse": 38.726281113941845,
  "mae": 24.2895813286573,
  "theil_u": 1.0628196193949833,
  "directional_accuracy": 0.631578947368421,
  "n_params": 10,
  "status": "ok",
  "diagnostics_passed": [
    "ljung_box",
    "cusum",
    "adf",
    "economic_sign",
    "forecast_plausibility"
  ],
  "diagnostics_failed": [
    "jarque_bera",
    "arch_lm"
  ],
  "error_summary": "",
  "rmse_1yr": 38.726281113941845,
  "rmse_3yr": 241.48981608140585,
  "insample_rmse": 3.620320248491609,
  "naive_insample_rmse": 6.6734637289322345,
  "gof_volatility_near": NaN,
  "gof_volatility_far": NaN,
  "gof_volatility_weighted": NaN,
  "validation_coverage_90": NaN,
  "fit_attempts": [],
  "fit_strategy": "",
  "fit_scaled": false,
  "fit_recovered": false
}