{
  "experiment_id": "20260331_var_full20_300",
  "trial_id": "20260331_var_full20_300_012",
  "model_class": "VAR",
  "champion_eligible": true,
  "description": "VAR(4) trend=c with mortgage_rate",
  "gof_composite": 0.046912874514837485,
  "gof_insample": 0.45743231134247886,
  "gof_validation_near": -0.06736685411902865,
  "gof_validation_far": -1.1943221183144046,
  "gof_diagnostic": 0.6666666666666666,
  "rmse": 38.89197008599404,
  "mae": 23.17639686689623,
  "theil_u": 1.0673668541190287,
  "directional_accuracy": 0.5714285714285714,
  "n_params": 18,
  "status": "ok",
  "diagnostics_passed": [
    "ljung_box",
    "cusum",
    "adf",
    "forecast_plausibility"
  ],
  "diagnostics_failed": [
    "jarque_bera",
    "arch_lm"
  ],
  "error_summary": "",
  "rmse_1yr": 38.89197008599404,
  "rmse_3yr": 251.69572361461078,
  "insample_rmse": 3.6208057907465645,
  "naive_insample_rmse": 6.6734637289322345,
  "gof_volatility_near": NaN,
  "gof_volatility_far": NaN,
  "gof_volatility_weighted": NaN,
  "validation_coverage_90": NaN,
  "fit_attempts": [],
  "fit_strategy": "",
  "fit_scaled": false,
  "fit_recovered": false
}