{
  "experiment_id": "20260330_tcn_full20_300",
  "trial_id": "20260330_tcn_full20_300_026",
  "model_class": "TCN",
  "champion_eligible": true,
  "description": "TCN lookback=4 channels=16 num_blocks=3 kernel_size=2 epochs=75 learning_rate=0.01 with fed_funds",
  "gof_composite": -0.11570769756717442,
  "gof_insample": 0.1282452902144341,
  "gof_validation_near": -0.3292899742041042,
  "gof_validation_far": -0.5672510400989661,
  "gof_diagnostic": 0.3333333333333333,
  "rmse": 48.43574232500251,
  "mae": 33.73708902994792,
  "theil_u": 1.3292899742041042,
  "directional_accuracy": 0.6165413533834586,
  "n_params": 7,
  "status": "ok",
  "diagnostics_passed": [
    "adf",
    "forecast_plausibility"
  ],
  "diagnostics_failed": [
    "ljung_box",
    "jarque_bera",
    "arch_lm",
    "cusum"
  ],
  "error_summary": "",
  "rmse_1yr": 48.43574232500251,
  "rmse_3yr": 179.7686772288828,
  "insample_rmse": 5.8176234362798205,
  "naive_insample_rmse": 6.6734637289322345,
  "gof_volatility_near": NaN,
  "gof_volatility_far": NaN,
  "gof_volatility_weighted": NaN,
  "validation_coverage_90": NaN,
  "fit_attempts": [],
  "fit_strategy": "",
  "fit_scaled": false,
  "fit_recovered": false
}