{
  "experiment_id": "20260331_bvar_full20_300",
  "trial_id": "20260331_bvar_full20_300_006",
  "model_class": "BVAR",
  "champion_eligible": true,
  "description": "BVAR(1) prior=minnesota lambda=0.2 trend=c with treasury_10y",
  "gof_composite": -0.3699822255213044,
  "gof_insample": 0.08130648061189683,
  "gof_validation_near": -0.5866944097788518,
  "gof_validation_far": -1.4255229400675442,
  "gof_diagnostic": 0.16666666666666666,
  "rmse": 57.81486588476304,
  "mae": 42.31993626442327,
  "theil_u": 1.5866944097788518,
  "directional_accuracy": 0.42105263157894735,
  "n_params": 7,
  "status": "ok",
  "diagnostics_passed": [
    "adf"
  ],
  "diagnostics_failed": [
    "ljung_box",
    "jarque_bera",
    "arch_lm",
    "cusum",
    "forecast_plausibility"
  ],
  "error_summary": "",
  "rmse_1yr": 57.81486588476304,
  "rmse_3yr": 278.21519295129605,
  "insample_rmse": 6.130867879641609,
  "naive_insample_rmse": 6.6734637289322345,
  "gof_volatility_near": NaN,
  "gof_volatility_far": NaN,
  "gof_volatility_weighted": NaN,
  "validation_coverage_90": NaN,
  "fit_attempts": [],
  "fit_strategy": "",
  "fit_scaled": false,
  "fit_recovered": false
}