{
  "experiment_id": "20260325_vecm_refine_20",
  "trial_id": "20260325_vecm_refine_20_020",
  "model_class": "VECM",
  "champion_eligible": true,
  "description": "VECM(k_ar_diff=3) deterministic=co with housing_starts",
  "gof_composite": 0.09363748524606856,
  "gof_insample": 0.46219355903716053,
  "gof_validation_near": -0.027160505550730685,
  "gof_validation_far": -0.9893361872847106,
  "gof_diagnostic": 0.6666666666666666,
  "rmse": 37.42695915769805,
  "mae": 21.50593397129929,
  "theil_u": 1.0271605055507307,
  "directional_accuracy": 0.6967418546365914,
  "n_params": 18,
  "status": "ok",
  "diagnostics_passed": [
    "ljung_box",
    "cusum",
    "adf",
    "forecast_plausibility"
  ],
  "diagnostics_failed": [
    "jarque_bera",
    "arch_lm"
  ],
  "error_summary": "",
  "rmse_1yr": 37.42695915769805,
  "rmse_3yr": 228.18318559172187,
  "insample_rmse": 3.589031776951644,
  "naive_insample_rmse": 6.6734637289322345,
  "gof_volatility_near": NaN,
  "gof_volatility_far": NaN,
  "gof_volatility_weighted": NaN,
  "validation_coverage_90": NaN,
  "fit_attempts": [],
  "fit_strategy": "",
  "fit_scaled": false,
  "fit_recovered": false
}