{
  "experiment_id": "20260330_arimax_garch_full20_300",
  "trial_id": "20260330_arimax_garch_full20_300_071",
  "model_class": "ARIMAX-GARCH",
  "champion_eligible": true,
  "description": "ARIMAX-GARCH(1, 1, 0) trend=t GARCH(1,1) dist=normal with treasury_10y, mortgage_rate, new_home_sales",
  "gof_composite": -0.944159065355623,
  "gof_insample": -3.118478140856766,
  "gof_validation_near": 0.15580745670229035,
  "gof_validation_far": -0.0567842745314191,
  "gof_diagnostic": 0.2222222222222222,
  "rmse": 30.760099973174192,
  "mae": 20.954035733588146,
  "theil_u": 0.8441925432977097,
  "directional_accuracy": 0.8170426065162907,
  "n_params": 9,
  "status": "ok",
  "diagnostics_passed": [
    "cusum",
    "forecast_plausibility"
  ],
  "diagnostics_failed": [
    "ljung_box",
    "jarque_bera",
    "arch_lm",
    "adf",
    "economic_sign",
    "volatility_coverage_90",
    "std_resid_unit_variance"
  ],
  "error_summary": "",
  "rmse_1yr": 30.760099973174192,
  "rmse_3yr": 121.21651623648081,
  "insample_rmse": 27.48451449140789,
  "naive_insample_rmse": 6.6734637289322345,
  "gof_volatility_near": -0.19799867215333222,
  "gof_volatility_far": -0.39282019221884124,
  "gof_volatility_weighted": -0.2564451281729849,
  "validation_coverage_90": 0.3625,
  "fit_attempts": [],
  "fit_strategy": "",
  "fit_scaled": false,
  "fit_recovered": false
}