{
  "experiment_id": "20260325_var_60",
  "trial_id": "20260325_var_60_058",
  "model_class": "VAR",
  "champion_eligible": true,
  "description": "VAR(1) trend=c with mortgage_rate, per_capita_income, real_gdp",
  "gof_composite": -0.28647918557986235,
  "gof_insample": 0.10634825919505098,
  "gof_validation_near": -0.4129844585980529,
  "gof_validation_far": -1.3409373027682059,
  "gof_diagnostic": 0.16666666666666666,
  "rmse": 51.485343660148665,
  "mae": 37.57424918847185,
  "theil_u": 1.4129844585980529,
  "directional_accuracy": 0.8220551378446115,
  "n_params": 5,
  "status": "ok",
  "diagnostics_passed": [
    "forecast_plausibility"
  ],
  "diagnostics_failed": [
    "ljung_box",
    "jarque_bera",
    "arch_lm",
    "cusum",
    "adf"
  ],
  "error_summary": "",
  "rmse_1yr": 51.485343660148665,
  "rmse_3yr": 268.512951420862,
  "insample_rmse": 5.963752478558978,
  "naive_insample_rmse": 6.6734637289322345
}