{
  "experiment_id": "20260330_ardl_300",
  "trial_id": "20260330_ardl_300_001",
  "model_class": "ARDL",
  "champion_eligible": true,
  "description": "ARDL(ar_lags=1, distributed_lags=1) trend=c with no exogenous variables",
  "gof_composite": -0.2819344635661813,
  "gof_insample": 0.07995078326628346,
  "gof_validation_near": -0.40076701759076494,
  "gof_validation_far": -1.2687532492172906,
  "gof_diagnostic": 0.16666666666666666,
  "rmse": 51.04017305329577,
  "mae": 36.12562169241948,
  "theil_u": 1.400767017590765,
  "directional_accuracy": 0.8220551378446115,
  "n_params": 2,
  "status": "ok",
  "diagnostics_passed": [
    "adf"
  ],
  "diagnostics_failed": [
    "ljung_box",
    "jarque_bera",
    "arch_lm",
    "cusum",
    "forecast_plausibility"
  ],
  "error_summary": "",
  "rmse_1yr": 51.04017305329577,
  "rmse_3yr": 260.23321097605907,
  "insample_rmse": 6.13991507670497,
  "naive_insample_rmse": 6.6734637289322345,
  "gof_volatility_near": NaN,
  "gof_volatility_far": NaN,
  "gof_volatility_weighted": NaN,
  "validation_coverage_90": NaN,
  "fit_attempts": [],
  "fit_strategy": "",
  "fit_scaled": false,
  "fit_recovered": false
}