{
  "experiment_id": "20260330_xgboost_full20_300",
  "trial_id": "20260330_xgboost_full20_300_047",
  "model_class": "XGBoost",
  "champion_eligible": true,
  "description": "XGBoost n_estimators=500 learning_rate=0.03 max_depth=3 subsample=0.8 colsample_bytree=0.8 lags=[1, 2, 4, 8] with no exogenous variables",
  "gof_composite": 0.5059970637629331,
  "gof_insample": 0.8753038850497666,
  "gof_validation_near": 0.22045703551672535,
  "gof_validation_far": -0.030785240141072423,
  "gof_diagnostic": 0.8333333333333334,
  "rmse": 28.40444364412471,
  "mae": 23.6151699625651,
  "theil_u": 0.7795429644832746,
  "directional_accuracy": 0.15789473684210525,
  "n_params": 11,
  "status": "ok",
  "diagnostics_passed": [
    "ljung_box",
    "arch_lm",
    "cusum",
    "adf",
    "forecast_plausibility"
  ],
  "diagnostics_failed": [
    "jarque_bera"
  ],
  "error_summary": "",
  "rmse_1yr": 28.40444364412471,
  "rmse_3yr": 118.23434433038611,
  "insample_rmse": 0.8321550002591468,
  "naive_insample_rmse": 6.6734637289322345,
  "gof_volatility_near": NaN,
  "gof_volatility_far": NaN,
  "gof_volatility_weighted": NaN,
  "validation_coverage_90": NaN,
  "fit_attempts": [],
  "fit_strategy": "",
  "fit_scaled": false,
  "fit_recovered": false
}