{
  "experiment_id": "20260330_arimax_garch_full20_300",
  "trial_id": "20260330_arimax_garch_full20_300_068",
  "model_class": "ARIMAX-GARCH",
  "champion_eligible": true,
  "description": "ARIMAX-GARCH(1, 1, 0) trend=t GARCH(1,1) dist=normal with treasury_10y, fed_funds, housing_inventory",
  "gof_composite": -0.5333841484832167,
  "gof_insample": -1.693574737637313,
  "gof_validation_near": 0.1932928050219076,
  "gof_validation_far": -0.023944271664913197,
  "gof_diagnostic": 0.4444444444444444,
  "rmse": 29.39423495695827,
  "mae": 19.2061166997595,
  "theil_u": 0.8067071949780924,
  "directional_accuracy": 0.8220551378446115,
  "n_params": 9,
  "status": "ok",
  "diagnostics_passed": [
    "cusum",
    "adf",
    "forecast_plausibility",
    "std_resid_unit_variance"
  ],
  "diagnostics_failed": [
    "ljung_box",
    "jarque_bera",
    "arch_lm",
    "economic_sign",
    "volatility_coverage_90"
  ],
  "error_summary": "",
  "rmse_1yr": 29.39423495695827,
  "rmse_3yr": 117.44966349594493,
  "insample_rmse": 17.97547331279077,
  "naive_insample_rmse": 6.6734637289322345,
  "gof_volatility_near": -0.3043162889790547,
  "gof_volatility_far": -0.8323946020549093,
  "gof_volatility_weighted": -0.46273978290181106,
  "validation_coverage_90": 0.295,
  "fit_attempts": [],
  "fit_strategy": "",
  "fit_scaled": false,
  "fit_recovered": false
}