{
  "experiment_id": "20260330_lightgbm_full20_300",
  "trial_id": "20260330_lightgbm_full20_300_025",
  "model_class": "LightGBM",
  "champion_eligible": true,
  "description": "LightGBM n_estimators=200 learning_rate=0.1 max_depth=2 num_leaves=7 lags=[1, 4, 8] with no exogenous variables",
  "gof_composite": -0.1260071231006248,
  "gof_insample": -0.5034531947599454,
  "gof_validation_near": 0.09159327918489057,
  "gof_validation_far": 0.06655449170205574,
  "gof_diagnostic": 0.3333333333333333,
  "rmse": 33.09989145298805,
  "mae": 27.584962583578278,
  "theil_u": 0.9084067208151094,
  "directional_accuracy": 0.12280701754385964,
  "n_params": 11,
  "status": "ok",
  "diagnostics_passed": [
    "cusum",
    "adf"
  ],
  "diagnostics_failed": [
    "ljung_box",
    "jarque_bera",
    "arch_lm",
    "forecast_plausibility"
  ],
  "error_summary": "",
  "rmse_1yr": 33.09989145298805,
  "rmse_3yr": 107.069167605317,
  "insample_rmse": 10.033240363377786,
  "naive_insample_rmse": 6.6734637289322345,
  "gof_volatility_near": NaN,
  "gof_volatility_far": NaN,
  "gof_volatility_weighted": NaN,
  "validation_coverage_90": NaN,
  "fit_attempts": [],
  "fit_strategy": "",
  "fit_scaled": false,
  "fit_recovered": false
}