{
  "experiment_id": "20260330_xgboost_full20_300",
  "trial_id": "20260330_xgboost_full20_300_107",
  "model_class": "XGBoost",
  "champion_eligible": true,
  "description": "XGBoost n_estimators=500 learning_rate=0.1 max_depth=3 subsample=0.8 colsample_bytree=0.8 lags=[1, 2, 4, 8] with consumer_confidence",
  "gof_composite": 0.5827687699851022,
  "gof_insample": 0.9830371968645238,
  "gof_validation_near": 0.29958732262152654,
  "gof_validation_far": 0.009099966589500186,
  "gof_diagnostic": 0.8333333333333334,
  "rmse": 25.521149351164727,
  "mae": 20.58357494099935,
  "theil_u": 0.7004126773784735,
  "directional_accuracy": 0.37092731829573933,
  "n_params": 12,
  "status": "ok",
  "diagnostics_passed": [
    "jarque_bera",
    "arch_lm",
    "cusum",
    "adf",
    "forecast_plausibility"
  ],
  "diagnostics_failed": [
    "ljung_box"
  ],
  "error_summary": "",
  "rmse_1yr": 25.521149351164727,
  "rmse_3yr": 113.65938430706858,
  "insample_rmse": 0.1132006514656181,
  "naive_insample_rmse": 6.6734637289322345,
  "gof_volatility_near": NaN,
  "gof_volatility_far": NaN,
  "gof_volatility_weighted": NaN,
  "validation_coverage_90": NaN,
  "fit_attempts": [],
  "fit_strategy": "",
  "fit_scaled": false,
  "fit_recovered": false
}