{
  "experiment_id": "20260330_lstm_gru_full20_300",
  "trial_id": "20260330_lstm_gru_full20_300_020",
  "model_class": "LSTM / GRU",
  "champion_eligible": true,
  "description": "LSTM lookback=4 hidden_size=32 num_layers=2 epochs=75 learning_rate=0.01 with consumer_confidence",
  "gof_composite": 0.23519132484421723,
  "gof_insample": -0.00518074411919045,
  "gof_validation_near": 0.5295455351747367,
  "gof_validation_far": 0.12392901231601505,
  "gof_diagnostic": 0.3333333333333333,
  "rmse": 17.14209215153882,
  "mae": 13.580641245524086,
  "theil_u": 0.4704544648252634,
  "directional_accuracy": 0.731829573934837,
  "n_params": 8,
  "status": "ok",
  "diagnostics_passed": [
    "adf",
    "forecast_plausibility"
  ],
  "diagnostics_failed": [
    "ljung_box",
    "jarque_bera",
    "arch_lm",
    "cusum"
  ],
  "error_summary": "",
  "rmse_1yr": 17.14209215153882,
  "rmse_3yr": 100.48812767392131,
  "insample_rmse": 6.70803723690053,
  "naive_insample_rmse": 6.6734637289322345,
  "gof_volatility_near": NaN,
  "gof_volatility_far": NaN,
  "gof_volatility_weighted": NaN,
  "validation_coverage_90": NaN,
  "fit_attempts": [],
  "fit_strategy": "",
  "fit_scaled": false,
  "fit_recovered": false
}