{
  "experiment_id": "20260325_arimax_garch_60",
  "trial_id": "20260325_arimax_garch_60_027",
  "model_class": "ARIMAX-GARCH",
  "champion_eligible": true,
  "description": "ARIMAX-GARCH(1, 1, 0) trend=t GARCH(1,1) dist=t with mortgage_rate, per_capita_income",
  "gof_composite": -0.6206547254030038,
  "gof_insample": -1.8459151827368023,
  "gof_validation_near": 0.1855331405163484,
  "gof_validation_far": -0.029120724212412297,
  "gof_diagnostic": 0.5714285714285714,
  "rmse": 29.67697620816252,
  "mae": 20.900761739205823,
  "theil_u": 0.8144668594836516,
  "directional_accuracy": 0.8270676691729323,
  "n_params": 9,
  "status": "ok",
  "diagnostics_passed": [
    "ljung_box",
    "cusum",
    "adf",
    "forecast_plausibility"
  ],
  "diagnostics_failed": [
    "jarque_bera",
    "arch_lm",
    "economic_sign"
  ],
  "error_summary": "",
  "rmse_1yr": 29.67697620816252,
  "rmse_3yr": 118.04341906119456,
  "insample_rmse": 18.992111747611602,
  "naive_insample_rmse": 6.6734637289322345,
  "fit_attempts": [],
  "fit_strategy": "",
  "fit_scaled": false,
  "fit_recovered": false
}