{
  "experiment_id": "20260329_xgboost_300",
  "trial_id": "20260329_xgboost_300_070",
  "model_class": "XGBoost",
  "champion_eligible": true,
  "description": "XGBoost n_estimators=500 learning_rate=0.1 max_depth=2 subsample=0.8 colsample_bytree=0.8 lags=[1, 2, 4] with mortgage_rate",
  "gof_composite": 0.5211032519703289,
  "gof_insample": 0.8865855918498932,
  "gof_validation_near": 0.25362362912596315,
  "gof_validation_far": -0.03755058864699201,
  "gof_diagnostic": 0.8333333333333334,
  "rmse": 27.195942404342958,
  "mae": 22.084911285400388,
  "theil_u": 0.7463763708740369,
  "directional_accuracy": 0.21303258145363407,
  "n_params": 11,
  "status": "ok",
  "diagnostics_passed": [
    "jarque_bera",
    "arch_lm",
    "cusum",
    "adf",
    "forecast_plausibility"
  ],
  "diagnostics_failed": [
    "ljung_box"
  ],
  "error_summary": "",
  "rmse_1yr": 27.195942404342958,
  "rmse_3yr": 119.01035131381408,
  "insample_rmse": 0.7568669391280545,
  "naive_insample_rmse": 6.6734637289322345,
  "gof_volatility_near": NaN,
  "gof_volatility_far": NaN,
  "gof_volatility_weighted": NaN,
  "validation_coverage_90": NaN,
  "fit_attempts": [],
  "fit_strategy": "",
  "fit_scaled": false,
  "fit_recovered": false
}