{
  "experiment_id": "20260330_arimax_garch_full20_300",
  "trial_id": "20260330_arimax_garch_full20_300_025",
  "model_class": "ARIMAX-GARCH",
  "champion_eligible": true,
  "description": "ARIMAX-GARCH(1, 1, 0) trend=t GARCH(1,1) dist=normal with treasury_10y, personal_consumption",
  "gof_composite": -0.567660289184422,
  "gof_insample": -1.9048725373389108,
  "gof_validation_near": 0.18444778143240537,
  "gof_validation_far": -0.018699623268507937,
  "gof_diagnostic": 0.4444444444444444,
  "rmse": 29.716523766588548,
  "mae": 20.668810420977948,
  "theil_u": 0.8155522185675946,
  "directional_accuracy": 0.8170426065162907,
  "n_params": 8,
  "status": "ok",
  "diagnostics_passed": [
    "cusum",
    "economic_sign",
    "forecast_plausibility",
    "std_resid_unit_variance"
  ],
  "diagnostics_failed": [
    "ljung_box",
    "jarque_bera",
    "arch_lm",
    "adf",
    "volatility_coverage_90"
  ],
  "error_summary": "",
  "rmse_1yr": 29.716523766588548,
  "rmse_3yr": 116.84808565000341,
  "insample_rmse": 19.38556151510257,
  "naive_insample_rmse": 6.6734637289322345,
  "gof_volatility_near": -0.2800450254975566,
  "gof_volatility_far": -0.4783610132849512,
  "gof_volatility_weighted": -0.33953982183377496,
  "validation_coverage_90": 0.34,
  "fit_attempts": [],
  "fit_strategy": "",
  "fit_scaled": false,
  "fit_recovered": false
}