{
  "experiment_id": "20260325_arimax_60",
  "trial_id": "20260325_arimax_60_060",
  "model_class": "ARIMAX",
  "champion_eligible": true,
  "description": "ARIMAX(2, 1, 1) trend=t with mortgage_rate, housing_starts",
  "gof_composite": -0.8732828874228549,
  "gof_insample": -1.4526093386141454,
  "gof_validation_near": -0.17391994184369475,
  "gof_validation_far": -1.923400196498405,
  "gof_diagnostic": 0.5714285714285714,
  "rmse": 42.77447728992852,
  "mae": 26.984665778819082,
  "theil_u": 1.1739199418436947,
  "directional_accuracy": 0.8045112781954887,
  "n_params": 7,
  "status": "ok",
  "diagnostics_passed": [
    "ljung_box",
    "cusum",
    "adf",
    "forecast_plausibility"
  ],
  "diagnostics_failed": [
    "jarque_bera",
    "arch_lm",
    "economic_sign"
  ],
  "error_summary": "",
  "rmse_1yr": 42.77447728992852,
  "rmse_3yr": 335.3232972185418,
  "insample_rmse": 16.367399462481977,
  "naive_insample_rmse": 6.6734637289322345
}