{
  "experiment_id": "20260330_regularized_linear_full20_300",
  "trial_id": "20260330_regularized_linear_full20_300_021",
  "model_class": "Ridge / Lasso / Elastic Net",
  "champion_eligible": true,
  "description": "Lasso alpha=1.0 lags=[1, 4, 8] with no exogenous variables",
  "gof_composite": -0.060970675634480546,
  "gof_insample": 0.041525394631991785,
  "gof_validation_near": -0.10625140092347318,
  "gof_validation_far": -0.49150784331596653,
  "gof_diagnostic": 0.3333333333333333,
  "rmse": 40.30881812215879,
  "mae": 30.392471343319396,
  "theil_u": 1.1062514009234732,
  "directional_accuracy": 0.8195488721804511,
  "n_params": 5,
  "status": "ok",
  "diagnostics_passed": [
    "adf",
    "forecast_plausibility"
  ],
  "diagnostics_failed": [
    "ljung_box",
    "jarque_bera",
    "arch_lm",
    "cusum"
  ],
  "error_summary": "",
  "rmse_1yr": 40.30881812215879,
  "rmse_3yr": 171.08069173939353,
  "insample_rmse": 6.39634551402604,
  "naive_insample_rmse": 6.6734637289322345,
  "gof_volatility_near": NaN,
  "gof_volatility_far": NaN,
  "gof_volatility_weighted": NaN,
  "validation_coverage_90": NaN,
  "fit_attempts": [],
  "fit_strategy": "",
  "fit_scaled": false,
  "fit_recovered": false
}