{
  "experiment_id": "20260329_lightgbm_300",
  "trial_id": "20260329_lightgbm_300_018",
  "model_class": "LightGBM",
  "champion_eligible": true,
  "description": "LightGBM n_estimators=500 learning_rate=0.1 max_depth=4 num_leaves=31 lags=[1, 2, 4] with no exogenous variables",
  "gof_composite": -0.08367607287822432,
  "gof_insample": -0.40496674946636424,
  "gof_validation_near": 0.13667849551173383,
  "gof_validation_far": -0.01906786569412522,
  "gof_diagnostic": 0.3333333333333333,
  "rmse": 31.457107739087352,
  "mae": 27.288871001057213,
  "theil_u": 0.8633215044882662,
  "directional_accuracy": 0.21052631578947367,
  "n_params": 11,
  "status": "ok",
  "diagnostics_passed": [
    "cusum",
    "adf"
  ],
  "diagnostics_failed": [
    "ljung_box",
    "jarque_bera",
    "arch_lm",
    "forecast_plausibility"
  ],
  "error_summary": "",
  "rmse_1yr": 31.457107739087352,
  "rmse_3yr": 116.89032422701442,
  "insample_rmse": 9.375994642919604,
  "naive_insample_rmse": 6.6734637289322345,
  "gof_volatility_near": NaN,
  "gof_volatility_far": NaN,
  "gof_volatility_weighted": NaN,
  "validation_coverage_90": NaN,
  "fit_attempts": [],
  "fit_strategy": "",
  "fit_scaled": false,
  "fit_recovered": false
}