{
  "experiment_id": "20260330_arimax_garch_full20_300",
  "trial_id": "20260330_arimax_garch_full20_300_027",
  "model_class": "ARIMAX-GARCH",
  "champion_eligible": true,
  "description": "ARIMAX-GARCH(1, 1, 0) trend=t GARCH(1,1) dist=normal with treasury_10y, m2_money_supply",
  "gof_composite": -0.58927776331735,
  "gof_insample": -1.9375489534073602,
  "gof_validation_near": 0.1826748310447468,
  "gof_validation_far": -0.020713519450666906,
  "gof_diagnostic": 0.3333333333333333,
  "rmse": 29.78112529808137,
  "mae": 20.902744210738202,
  "theil_u": 0.8173251689552532,
  "directional_accuracy": 0.8320802005012531,
  "n_params": 8,
  "status": "ok",
  "diagnostics_passed": [
    "cusum",
    "forecast_plausibility",
    "std_resid_unit_variance"
  ],
  "diagnostics_failed": [
    "ljung_box",
    "jarque_bera",
    "arch_lm",
    "adf",
    "economic_sign",
    "volatility_coverage_90"
  ],
  "error_summary": "",
  "rmse_1yr": 29.78112529808137,
  "rmse_3yr": 117.07908594509345,
  "insample_rmse": 19.603626392526866,
  "naive_insample_rmse": 6.6734637289322345,
  "gof_volatility_near": -0.2741129653166383,
  "gof_volatility_far": -0.4929866335224482,
  "gof_volatility_weighted": -0.33977506577838124,
  "validation_coverage_90": 0.325,
  "fit_attempts": [],
  "fit_strategy": "",
  "fit_scaled": false,
  "fit_recovered": false
}