{
  "experiment_id": "20260330_arimax_garch_full20_300",
  "trial_id": "20260330_arimax_garch_full20_300_042",
  "model_class": "ARIMAX-GARCH",
  "champion_eligible": true,
  "description": "ARIMAX-GARCH(1, 1, 0) trend=t GARCH(1,1) dist=normal with housing_inventory, new_home_sales",
  "gof_composite": -0.026224630455469918,
  "gof_insample": 0.0003814146954314035,
  "gof_validation_near": 0.14286320525187446,
  "gof_validation_far": 0.026277204419042577,
  "gof_diagnostic": 0.4444444444444444,
  "rmse": 31.231753592782486,
  "mae": 21.405044304667904,
  "theil_u": 0.8571367947481255,
  "directional_accuracy": 0.8245614035087719,
  "n_params": 8,
  "status": "ok",
  "diagnostics_passed": [
    "arch_lm",
    "cusum",
    "adf",
    "forecast_plausibility"
  ],
  "diagnostics_failed": [
    "ljung_box",
    "jarque_bera",
    "economic_sign",
    "volatility_coverage_90",
    "std_resid_unit_variance"
  ],
  "error_summary": "",
  "rmse_1yr": 31.231753592782486,
  "rmse_3yr": 111.68910051458326,
  "insample_rmse": 6.670918371796591,
  "naive_insample_rmse": 6.6734637289322345,
  "gof_volatility_near": -0.4373129491599228,
  "gof_volatility_far": -0.43463006613906896,
  "gof_volatility_weighted": -0.4365080842536666,
  "validation_coverage_90": 0.2425,
  "fit_attempts": [],
  "fit_strategy": "",
  "fit_scaled": false,
  "fit_recovered": false
}