{
  "experiment_id": "20260329_tcn_300",
  "trial_id": "20260329_tcn_300_003",
  "model_class": "TCN",
  "champion_eligible": true,
  "description": "TCN lookback=4 channels=32 num_blocks=2 kernel_size=2 epochs=75 learning_rate=0.01 with no exogenous variables",
  "gof_composite": 0.11934893322672574,
  "gof_insample": 0.2065759893794652,
  "gof_validation_near": 0.053764245776741215,
  "gof_validation_far": -0.10288187920168745,
  "gof_diagnostic": 0.3333333333333333,
  "rmse": 34.47827942710791,
  "mae": 26.874317159016925,
  "theil_u": 0.9462357542232588,
  "directional_accuracy": 0.5488721804511278,
  "n_params": 7,
  "status": "ok",
  "diagnostics_passed": [
    "adf",
    "forecast_plausibility"
  ],
  "diagnostics_failed": [
    "ljung_box",
    "jarque_bera",
    "arch_lm",
    "cusum"
  ],
  "error_summary": "",
  "rmse_1yr": 34.47827942710791,
  "rmse_3yr": 126.50405805522533,
  "insample_rmse": 5.294886356540083,
  "naive_insample_rmse": 6.6734637289322345,
  "gof_volatility_near": NaN,
  "gof_volatility_far": NaN,
  "gof_volatility_weighted": NaN,
  "validation_coverage_90": NaN,
  "fit_attempts": [],
  "fit_strategy": "",
  "fit_scaled": false,
  "fit_recovered": false
}