{
  "experiment_id": "20260331_bvar_full20_300",
  "trial_id": "20260331_bvar_full20_300_010",
  "model_class": "BVAR",
  "champion_eligible": true,
  "description": "BVAR(1) prior=minnesota lambda=0.2 trend=c with fed_funds",
  "gof_composite": -0.3948807804855536,
  "gof_insample": 0.08057267458614148,
  "gof_validation_near": -0.48857353972921125,
  "gof_validation_far": -1.818505187209686,
  "gof_diagnostic": 0.16666666666666666,
  "rmse": 54.23960595603682,
  "mae": 39.452964121221086,
  "theil_u": 1.4885735397292112,
  "directional_accuracy": 0.7042606516290727,
  "n_params": 7,
  "status": "ok",
  "diagnostics_passed": [
    "adf"
  ],
  "diagnostics_failed": [
    "ljung_box",
    "jarque_bera",
    "arch_lm",
    "cusum",
    "forecast_plausibility"
  ],
  "error_summary": "",
  "rmse_1yr": 54.23960595603682,
  "rmse_3yr": 323.2915061491585,
  "insample_rmse": 6.135764907538559,
  "naive_insample_rmse": 6.6734637289322345,
  "gof_volatility_near": NaN,
  "gof_volatility_far": NaN,
  "gof_volatility_weighted": NaN,
  "validation_coverage_90": NaN,
  "fit_attempts": [],
  "fit_strategy": "",
  "fit_scaled": false,
  "fit_recovered": false
}