{
  "experiment_id": "20260325_state_space_60",
  "trial_id": "20260325_state_space_60_014",
  "model_class": "State-Space",
  "champion_eligible": true,
  "description": "State-Space(local level, no_cycle) with mortgage_rate, consumer_confidence, housing_inventory",
  "gof_composite": -0.495170356270099,
  "gof_insample": -1.5042549847622797,
  "gof_validation_near": 0.23933222537971177,
  "gof_validation_far": -0.03870713213009824,
  "gof_diagnostic": 0.2857142857142857,
  "rmse": 27.716682621112035,
  "mae": 22.491331975535658,
  "theil_u": 0.7606677746202882,
  "directional_accuracy": 0.5739348370927319,
  "n_params": 5,
  "status": "ok",
  "diagnostics_passed": [
    "ljung_box",
    "forecast_plausibility"
  ],
  "diagnostics_failed": [
    "jarque_bera",
    "arch_lm",
    "cusum",
    "adf",
    "economic_sign"
  ],
  "error_summary": "",
  "rmse_1yr": 27.716682621112035,
  "rmse_3yr": 119.14301052844927,
  "insample_rmse": 16.71205480880882,
  "naive_insample_rmse": 6.6734637289322345
}