{
  "experiment_id": "20260331_bvar_full20_300",
  "trial_id": "20260331_bvar_full20_300_009",
  "model_class": "BVAR",
  "champion_eligible": true,
  "description": "BVAR(1) prior=minnesota lambda=0.1 trend=c with fed_funds",
  "gof_composite": -0.32319803006634235,
  "gof_insample": 0.08056044806451756,
  "gof_validation_near": -0.4514352082970907,
  "gof_validation_far": -1.4272436870322287,
  "gof_diagnostic": 0.16666666666666666,
  "rmse": 52.88638529949515,
  "mae": 38.36096848104101,
  "theil_u": 1.4514352082970907,
  "directional_accuracy": 0.7894736842105263,
  "n_params": 7,
  "status": "ok",
  "diagnostics_passed": [
    "adf"
  ],
  "diagnostics_failed": [
    "ljung_box",
    "jarque_bera",
    "arch_lm",
    "cusum",
    "forecast_plausibility"
  ],
  "error_summary": "",
  "rmse_1yr": 52.88638529949515,
  "rmse_3yr": 278.41256809910095,
  "insample_rmse": 6.135846500787148,
  "naive_insample_rmse": 6.6734637289322345,
  "gof_volatility_near": NaN,
  "gof_volatility_far": NaN,
  "gof_volatility_weighted": NaN,
  "validation_coverage_90": NaN,
  "fit_attempts": [],
  "fit_strategy": "",
  "fit_scaled": false,
  "fit_recovered": false
}