{
  "experiment_id": "20260330_arimax_garch_full20_300",
  "trial_id": "20260330_arimax_garch_full20_300_073",
  "model_class": "ARIMAX-GARCH",
  "champion_eligible": true,
  "description": "ARIMAX-GARCH(1, 1, 0) trend=t GARCH(1,1) dist=normal with fed_funds, mortgage_rate, housing_inventory",
  "gof_composite": -0.5278876345837152,
  "gof_insample": -1.7098689567534957,
  "gof_validation_near": 0.18917503532878233,
  "gof_validation_far": -0.03337856073815826,
  "gof_diagnostic": 0.4444444444444444,
  "rmse": 29.544275381305365,
  "mae": 19.444685381662218,
  "theil_u": 0.8108249646712177,
  "directional_accuracy": 0.8270676691729323,
  "n_params": 9,
  "status": "ok",
  "diagnostics_passed": [
    "cusum",
    "adf",
    "forecast_plausibility",
    "std_resid_unit_variance"
  ],
  "diagnostics_failed": [
    "ljung_box",
    "jarque_bera",
    "arch_lm",
    "economic_sign",
    "volatility_coverage_90"
  ],
  "error_summary": "",
  "rmse_1yr": 29.544275381305365,
  "rmse_3yr": 118.53180644809451,
  "insample_rmse": 18.084212193053887,
  "naive_insample_rmse": 6.6734637289322345,
  "gof_volatility_near": -0.29638638278618634,
  "gof_volatility_far": -0.6861290369721078,
  "gof_volatility_weighted": -0.41330917904196274,
  "validation_coverage_90": 0.3,
  "fit_attempts": [],
  "fit_strategy": "",
  "fit_scaled": false,
  "fit_recovered": false
}