{
  "experiment_id": "20260330_tcn_full20_300",
  "trial_id": "20260330_tcn_full20_300_014",
  "model_class": "TCN",
  "champion_eligible": true,
  "description": "TCN lookback=8 channels=16 num_blocks=3 kernel_size=2 epochs=75 learning_rate=0.01 with consumer_confidence",
  "gof_composite": 0.07212503985192206,
  "gof_insample": 0.21066935773851048,
  "gof_validation_near": 0.0888268627068074,
  "gof_validation_far": -0.510436256827987,
  "gof_diagnostic": 0.3333333333333333,
  "rmse": 33.20069221000595,
  "mae": 22.290597971598306,
  "theil_u": 0.9111731372931926,
  "directional_accuracy": 0.6265664160401002,
  "n_params": 7,
  "status": "ok",
  "diagnostics_passed": [
    "cusum",
    "forecast_plausibility"
  ],
  "diagnostics_failed": [
    "ljung_box",
    "jarque_bera",
    "arch_lm",
    "adf"
  ],
  "error_summary": "",
  "rmse_1yr": 33.20069221000595,
  "rmse_3yr": 173.25184095036,
  "insample_rmse": 5.267569411266836,
  "naive_insample_rmse": 6.6734637289322345,
  "gof_volatility_near": NaN,
  "gof_volatility_far": NaN,
  "gof_volatility_weighted": NaN,
  "validation_coverage_90": NaN,
  "fit_attempts": [],
  "fit_strategy": "",
  "fit_scaled": false,
  "fit_recovered": false
}