{
  "experiment_id": "20260331_vecm_full20_300",
  "trial_id": "20260331_vecm_full20_300_065",
  "model_class": "VECM",
  "champion_eligible": true,
  "description": "VECM(k_ar_diff=2) deterministic=ci with fed_funds, mortgage_rate",
  "gof_composite": -0.14921498729254956,
  "gof_insample": 0.2722442268217653,
  "gof_validation_near": -0.12238781760191975,
  "gof_validation_far": -1.6574018346261141,
  "gof_diagnostic": 0.3333333333333333,
  "rmse": 40.89678563523213,
  "mae": 26.456700953709607,
  "theil_u": 1.1223878176019197,
  "directional_accuracy": 0.5238095238095238,
  "n_params": 25,
  "status": "ok",
  "diagnostics_passed": [
    "adf",
    "forecast_plausibility"
  ],
  "diagnostics_failed": [
    "ljung_box",
    "jarque_bera",
    "arch_lm",
    "cusum"
  ],
  "error_summary": "",
  "rmse_1yr": 40.89678563523213,
  "rmse_3yr": 304.8124393946338,
  "insample_rmse": 4.856651755825983,
  "naive_insample_rmse": 6.6734637289322345,
  "gof_volatility_near": NaN,
  "gof_volatility_far": NaN,
  "gof_volatility_weighted": NaN,
  "validation_coverage_90": NaN,
  "fit_attempts": [],
  "fit_strategy": "",
  "fit_scaled": false,
  "fit_recovered": false
}