{
  "experiment_id": "20260330_svr_full20_300",
  "trial_id": "20260330_svr_full20_300_076",
  "model_class": "Support Vector Regression",
  "champion_eligible": true,
  "description": "Support Vector Regression kernel=rbf C=10.0 epsilon=0.1 gamma=0.1 lags=[1, 2, 4, 8] with no exogenous variables",
  "gof_composite": -2.352357697509651,
  "gof_insample": -5.950562240569123,
  "gof_validation_near": 0.009359030132908841,
  "gof_validation_far": 0.052832476698758124,
  "gof_diagnostic": 0.16666666666666666,
  "rmse": 36.09628574969271,
  "mae": 30.215930263423502,
  "theil_u": 0.9906409698670912,
  "directional_accuracy": 0.49874686716791977,
  "n_params": 5,
  "status": "ok",
  "diagnostics_passed": [
    "forecast_plausibility"
  ],
  "diagnostics_failed": [
    "ljung_box",
    "jarque_bera",
    "arch_lm",
    "cusum",
    "adf"
  ],
  "error_summary": "",
  "rmse_1yr": 36.09628574969271,
  "rmse_3yr": 108.64312635407109,
  "insample_rmse": 46.38432500812401,
  "naive_insample_rmse": 6.6734637289322345,
  "gof_volatility_near": NaN,
  "gof_volatility_far": NaN,
  "gof_volatility_weighted": NaN,
  "validation_coverage_90": NaN,
  "fit_attempts": [],
  "fit_strategy": "",
  "fit_scaled": false,
  "fit_recovered": false
}