{
  "experiment_id": "20260331_bvar_full20_300",
  "trial_id": "20260331_bvar_full20_300_005",
  "model_class": "BVAR",
  "champion_eligible": true,
  "description": "BVAR(1) prior=minnesota lambda=0.1 trend=c with treasury_10y",
  "gof_composite": -0.3153273843559285,
  "gof_insample": 0.08118675872375825,
  "gof_validation_near": -0.4637167714533068,
  "gof_validation_far": -1.3477858966896075,
  "gof_diagnostic": 0.16666666666666666,
  "rmse": 53.33389234455422,
  "mae": 38.598503703952936,
  "theil_u": 1.4637167714533068,
  "directional_accuracy": 0.6942355889724311,
  "n_params": 7,
  "status": "ok",
  "diagnostics_passed": [
    "adf"
  ],
  "diagnostics_failed": [
    "ljung_box",
    "jarque_bera",
    "arch_lm",
    "cusum",
    "forecast_plausibility"
  ],
  "error_summary": "",
  "rmse_1yr": 53.33389234455422,
  "rmse_3yr": 269.29850691811686,
  "insample_rmse": 6.131666839319661,
  "naive_insample_rmse": 6.6734637289322345,
  "gof_volatility_near": NaN,
  "gof_volatility_far": NaN,
  "gof_volatility_weighted": NaN,
  "validation_coverage_90": NaN,
  "fit_attempts": [],
  "fit_strategy": "",
  "fit_scaled": false,
  "fit_recovered": false
}