{
  "experiment_id": "20260329_xgboost_300",
  "trial_id": "20260329_xgboost_300_032",
  "model_class": "XGBoost",
  "champion_eligible": true,
  "description": "XGBoost n_estimators=500 learning_rate=0.05 max_depth=3 subsample=0.8 colsample_bytree=0.8 lags=[1, 4, 8] with no exogenous variables",
  "gof_composite": 0.5083638759049172,
  "gof_insample": 0.926319636174261,
  "gof_validation_near": 0.1575620974931804,
  "gof_validation_far": -0.00429364013822453,
  "gof_diagnostic": 0.8333333333333334,
  "rmse": 30.696165594017096,
  "mae": 24.295464243570958,
  "theil_u": 0.8424379025068196,
  "directional_accuracy": 0.18045112781954886,
  "n_params": 10,
  "status": "ok",
  "diagnostics_passed": [
    "jarque_bera",
    "arch_lm",
    "cusum",
    "adf",
    "forecast_plausibility"
  ],
  "diagnostics_failed": [
    "ljung_box"
  ],
  "error_summary": "",
  "rmse_1yr": 30.696165594017096,
  "rmse_3yr": 115.19567358247076,
  "insample_rmse": 0.4917032355255996,
  "naive_insample_rmse": 6.6734637289322345,
  "gof_volatility_near": NaN,
  "gof_volatility_far": NaN,
  "gof_volatility_weighted": NaN,
  "validation_coverage_90": NaN,
  "fit_attempts": [],
  "fit_strategy": "",
  "fit_scaled": false,
  "fit_recovered": false
}