{
  "experiment_id": "20260325_vecm_refine_20",
  "trial_id": "20260325_vecm_refine_20_008",
  "model_class": "VECM",
  "champion_eligible": true,
  "description": "VECM(k_ar_diff=3) deterministic=co with building_permits",
  "gof_composite": 0.014625154610983002,
  "gof_insample": 0.4645514138564877,
  "gof_validation_near": -0.13686908015215815,
  "gof_validation_far": -1.2663859969668225,
  "gof_diagnostic": 0.6666666666666666,
  "rmse": 41.42444379487786,
  "mae": 24.000009334996708,
  "theil_u": 1.1368690801521582,
  "directional_accuracy": 0.7543859649122807,
  "n_params": 18,
  "status": "ok",
  "diagnostics_passed": [
    "ljung_box",
    "cusum",
    "adf",
    "forecast_plausibility"
  ],
  "diagnostics_failed": [
    "jarque_bera",
    "arch_lm"
  ],
  "error_summary": "",
  "rmse_1yr": 41.42444379487786,
  "rmse_3yr": 259.9616796164711,
  "insample_rmse": 3.5732967183367768,
  "naive_insample_rmse": 6.6734637289322345,
  "gof_volatility_near": NaN,
  "gof_volatility_far": NaN,
  "gof_volatility_weighted": NaN,
  "validation_coverage_90": NaN,
  "fit_attempts": [],
  "fit_strategy": "",
  "fit_scaled": false,
  "fit_recovered": false
}