{
  "experiment_id": "20260325_state_space_60",
  "trial_id": "20260325_state_space_60_019",
  "model_class": "State-Space",
  "champion_eligible": true,
  "description": "State-Space(local linear trend, no_cycle) with mortgage_rate, per_capita_income",
  "gof_composite": -0.6502281223685196,
  "gof_insample": -1.7551046807643504,
  "gof_validation_near": 0.15073667881729347,
  "gof_validation_far": -0.38724629861126125,
  "gof_diagnostic": 0.5714285714285714,
  "rmse": 30.944865446314907,
  "mae": 20.13842477449854,
  "theil_u": 0.8492633211827065,
  "directional_accuracy": 0.518796992481203,
  "n_params": 5,
  "status": "ok",
  "diagnostics_passed": [
    "ljung_box",
    "cusum",
    "adf",
    "forecast_plausibility"
  ],
  "diagnostics_failed": [
    "jarque_bera",
    "arch_lm",
    "economic_sign"
  ],
  "error_summary": "",
  "rmse_1yr": 30.944865446314907,
  "rmse_3yr": 159.1215610718386,
  "insample_rmse": 18.386091156492316,
  "naive_insample_rmse": 6.6734637289322345
}