{
  "experiment_id": "20260331_var_full20_300",
  "trial_id": "20260331_var_full20_300_033",
  "model_class": "VAR",
  "champion_eligible": true,
  "description": "VAR(4) trend=c with consumer_confidence, treasury_10y",
  "gof_composite": 0.07351538884526308,
  "gof_insample": 0.46253918369660774,
  "gof_validation_near": -0.05896219105065614,
  "gof_validation_far": -1.0502012295487804,
  "gof_diagnostic": 0.6666666666666666,
  "rmse": 38.5857268263532,
  "mae": 21.239216325377154,
  "theil_u": 1.0589621910506561,
  "directional_accuracy": 0.6290726817042607,
  "n_params": 39,
  "status": "ok",
  "diagnostics_passed": [
    "ljung_box",
    "cusum",
    "adf",
    "forecast_plausibility"
  ],
  "diagnostics_failed": [
    "jarque_bera",
    "arch_lm"
  ],
  "error_summary": "",
  "rmse_1yr": 38.5857268263532,
  "rmse_3yr": 235.16459945417557,
  "insample_rmse": 3.586725263322999,
  "naive_insample_rmse": 6.6734637289322345,
  "gof_volatility_near": NaN,
  "gof_volatility_far": NaN,
  "gof_volatility_weighted": NaN,
  "validation_coverage_90": NaN,
  "fit_attempts": [],
  "fit_strategy": "",
  "fit_scaled": false,
  "fit_recovered": false
}