{
  "experiment_id": "20260329_tcn_300",
  "trial_id": "20260329_tcn_300_036",
  "model_class": "TCN",
  "champion_eligible": true,
  "description": "TCN lookback=4 channels=32 num_blocks=3 kernel_size=2 epochs=75 learning_rate=0.01 with per_capita_income",
  "gof_composite": 0.03653503298552465,
  "gof_insample": 0.2490248194371939,
  "gof_validation_near": -0.1272455457025663,
  "gof_validation_far": -0.5680374697341426,
  "gof_diagnostic": 0.6666666666666666,
  "rmse": 41.07378814870457,
  "mae": 32.841504160563154,
  "theil_u": 1.1272455457025663,
  "directional_accuracy": 0.543859649122807,
  "n_params": 7,
  "status": "ok",
  "diagnostics_passed": [
    "arch_lm",
    "cusum",
    "adf",
    "forecast_plausibility"
  ],
  "diagnostics_failed": [
    "ljung_box",
    "jarque_bera"
  ],
  "error_summary": "",
  "rmse_1yr": 41.07378814870457,
  "rmse_3yr": 179.85888320841775,
  "insample_rmse": 5.011605628814222,
  "naive_insample_rmse": 6.6734637289322345,
  "gof_volatility_near": NaN,
  "gof_volatility_far": NaN,
  "gof_volatility_weighted": NaN,
  "validation_coverage_90": NaN,
  "fit_attempts": [],
  "fit_strategy": "",
  "fit_scaled": false,
  "fit_recovered": false
}