{
  "experiment_id": "20260330_arimax_garch_full20_300",
  "trial_id": "20260330_arimax_garch_full20_300_092",
  "model_class": "ARIMAX-GARCH",
  "champion_eligible": true,
  "description": "ARIMAX-GARCH(1, 1, 1) trend=t GARCH(1,1) dist=normal with consumer_confidence, new_home_sales",
  "gof_composite": -1.1744717084454768,
  "gof_insample": -2.1578406360263425,
  "gof_validation_near": -0.11184134311169891,
  "gof_validation_far": -1.7896001777980843,
  "gof_diagnostic": 0.4444444444444444,
  "rmse": 40.51250054261989,
  "mae": 22.98980017910661,
  "theil_u": 1.111841343111699,
  "directional_accuracy": 0.731829573934837,
  "n_params": 9,
  "status": "ok",
  "diagnostics_passed": [
    "arch_lm",
    "cusum",
    "forecast_plausibility",
    "std_resid_unit_variance"
  ],
  "diagnostics_failed": [
    "ljung_box",
    "jarque_bera",
    "adf",
    "economic_sign",
    "volatility_coverage_90"
  ],
  "error_summary": "",
  "rmse_1yr": 40.51250054261989,
  "rmse_3yr": 319.97600966884744,
  "insample_rmse": 21.073734946270093,
  "naive_insample_rmse": 6.6734637289322345,
  "gof_volatility_near": -0.745706126481567,
  "gof_volatility_far": -3.121933818533483,
  "gof_volatility_weighted": -1.4585744340971418,
  "validation_coverage_90": 0.225,
  "fit_attempts": [],
  "fit_strategy": "",
  "fit_scaled": false,
  "fit_recovered": false
}