{
  "experiment_id": "20260325_dynamic_factor_60",
  "trial_id": "20260325_dynamic_factor_60_014",
  "model_class": "Dynamic Factor",
  "champion_eligible": true,
  "description": "Dynamic Factor(k_factors=1, factor_order=2) with housing_starts",
  "gof_composite": -2.75032240604095,
  "gof_insample": -2.6962859904196814,
  "gof_validation_near": -4.252968857926299,
  "gof_validation_far": -1.3329038417702606,
  "gof_diagnostic": 0.16666666666666666,
  "rmse": 191.40402092938268,
  "mae": 76.92224092197499,
  "theil_u": 5.252968857926299,
  "directional_accuracy": 0.3508771929824561,
  "n_params": 6,
  "status": "ok",
  "diagnostics_passed": [
    "adf"
  ],
  "diagnostics_failed": [
    "ljung_box",
    "jarque_bera",
    "arch_lm",
    "cusum",
    "forecast_plausibility"
  ],
  "error_summary": "",
  "rmse_1yr": 191.40402092938268,
  "rmse_3yr": 267.5914879027525,
  "insample_rmse": 24.667030488826104,
  "naive_insample_rmse": 6.6734637289322345,
  "fit_attempts": [],
  "fit_strategy": "",
  "fit_scaled": false,
  "fit_recovered": false
}