{
  "experiment_id": "20260331_vecm_full20_300",
  "trial_id": "20260331_vecm_full20_300_087",
  "model_class": "VECM",
  "champion_eligible": true,
  "description": "VECM(k_ar_diff=4) deterministic=ci with mortgage_rate, personal_consumption",
  "gof_composite": 0.16348149888286545,
  "gof_insample": 0.48621918243539264,
  "gof_validation_near": 0.02341559604216803,
  "gof_validation_far": -0.7057886624847807,
  "gof_diagnostic": 0.6666666666666666,
  "rmse": 35.58410239048026,
  "mae": 23.239457582114117,
  "theil_u": 0.976584403957832,
  "directional_accuracy": 0.6466165413533834,
  "n_params": 43,
  "status": "ok",
  "diagnostics_passed": [
    "ljung_box",
    "cusum",
    "adf",
    "forecast_plausibility"
  ],
  "diagnostics_failed": [
    "jarque_bera",
    "arch_lm"
  ],
  "error_summary": "",
  "rmse_1yr": 35.58410239048026,
  "rmse_3yr": 195.6593829840755,
  "insample_rmse": 3.428697650638557,
  "naive_insample_rmse": 6.6734637289322345,
  "gof_volatility_near": NaN,
  "gof_volatility_far": NaN,
  "gof_volatility_weighted": NaN,
  "validation_coverage_90": NaN,
  "fit_attempts": [],
  "fit_strategy": "",
  "fit_scaled": false,
  "fit_recovered": false
}