{
  "experiment_id": "20260330_nbeats_full20_300",
  "trial_id": "20260330_nbeats_full20_300_033",
  "model_class": "N-BEATS",
  "champion_eligible": true,
  "description": "N-BEATS lookback=4 stack_width=32 n_blocks=2 n_layers=2 epochs=75 learning_rate=0.01 with mortgage_rate",
  "gof_composite": -0.010106935841597678,
  "gof_insample": 0.20253525751627754,
  "gof_validation_near": -0.1736904211470971,
  "gof_validation_far": -0.4244181651997203,
  "gof_diagnostic": 0.3333333333333333,
  "rmse": 42.76611417463059,
  "mae": 33.250296620686846,
  "theil_u": 1.173690421147097,
  "directional_accuracy": 0.5338345864661654,
  "n_params": 7,
  "status": "ok",
  "diagnostics_passed": [
    "jarque_bera",
    "adf"
  ],
  "diagnostics_failed": [
    "ljung_box",
    "arch_lm",
    "cusum",
    "forecast_plausibility"
  ],
  "error_summary": "",
  "rmse_1yr": 42.76611417463059,
  "rmse_3yr": 163.385292354042,
  "insample_rmse": 5.3218520340674065,
  "naive_insample_rmse": 6.6734637289322345,
  "gof_volatility_near": NaN,
  "gof_volatility_far": NaN,
  "gof_volatility_weighted": NaN,
  "validation_coverage_90": NaN,
  "fit_attempts": [],
  "fit_strategy": "",
  "fit_scaled": false,
  "fit_recovered": false
}