{
  "experiment_id": "20260329_tcn_300",
  "trial_id": "20260329_tcn_300_022",
  "model_class": "TCN",
  "champion_eligible": true,
  "description": "TCN lookback=8 channels=16 num_blocks=3 kernel_size=2 epochs=75 learning_rate=0.01 with unemployment_rate",
  "gof_composite": 0.10425128446939141,
  "gof_insample": 0.23568780445954463,
  "gof_validation_near": 0.10407069042260086,
  "gof_validation_far": -0.3985460819711337,
  "gof_diagnostic": 0.3333333333333333,
  "rmse": 32.64524823192962,
  "mae": 19.621441874186196,
  "theil_u": 0.8959293095773991,
  "directional_accuracy": 0.6240601503759399,
  "n_params": 7,
  "status": "ok",
  "diagnostics_passed": [
    "cusum",
    "adf"
  ],
  "diagnostics_failed": [
    "ljung_box",
    "jarque_bera",
    "arch_lm",
    "forecast_plausibility"
  ],
  "error_summary": "",
  "rmse_1yr": 32.64524823192962,
  "rmse_3yr": 160.41768214983065,
  "insample_rmse": 5.10060971451979,
  "naive_insample_rmse": 6.6734637289322345,
  "gof_volatility_near": NaN,
  "gof_volatility_far": NaN,
  "gof_volatility_weighted": NaN,
  "validation_coverage_90": NaN,
  "fit_attempts": [],
  "fit_strategy": "",
  "fit_scaled": false,
  "fit_recovered": false
}