{
  "experiment_id": "20260330_arimax_garch_full20_300",
  "trial_id": "20260330_arimax_garch_full20_300_090",
  "model_class": "ARIMAX-GARCH",
  "champion_eligible": true,
  "description": "ARIMAX-GARCH(1, 1, 1) trend=t GARCH(1,1) dist=normal with consumer_confidence, mortgage_rate",
  "gof_composite": -0.7373744154390606,
  "gof_insample": -1.4756379172074987,
  "gof_validation_near": -0.11273531633117306,
  "gof_validation_far": -1.89419210608789,
  "gof_diagnostic": 0.4444444444444444,
  "rmse": 40.54507451620291,
  "mae": 24.042507908423538,
  "theil_u": 1.112735316331173,
  "directional_accuracy": 0.6992481203007519,
  "n_params": 9,
  "status": "ok",
  "diagnostics_passed": [
    "arch_lm",
    "cusum",
    "forecast_plausibility",
    "std_resid_unit_variance"
  ],
  "diagnostics_failed": [
    "ljung_box",
    "jarque_bera",
    "adf",
    "economic_sign",
    "volatility_coverage_90"
  ],
  "error_summary": "",
  "rmse_1yr": 40.54507451620291,
  "rmse_3yr": 331.97303638403736,
  "insample_rmse": 16.521079846453585,
  "naive_insample_rmse": 6.6734637289322345,
  "gof_volatility_near": -0.48882307307841133,
  "gof_volatility_far": -0.47973876321268216,
  "gof_volatility_weighted": -0.48609778011869254,
  "validation_coverage_90": 0.215,
  "fit_attempts": [],
  "fit_strategy": "",
  "fit_scaled": false,
  "fit_recovered": false
}