{
  "experiment_id": "20260330_arimax_garch_full20_300",
  "trial_id": "20260330_arimax_garch_full20_300_106",
  "model_class": "ARIMAX-GARCH",
  "champion_eligible": true,
  "description": "ARIMAX-GARCH(1, 1, 1) trend=t GARCH(1,1) dist=normal with fed_funds, housing_inventory",
  "gof_composite": -0.4951524891130044,
  "gof_insample": -1.3882109120996997,
  "gof_validation_near": 0.11954256653508877,
  "gof_validation_far": -0.2622145175170625,
  "gof_diagnostic": 0.4444444444444444,
  "rmse": 32.08149478519388,
  "mae": 19.027957010758442,
  "theil_u": 0.8804574334649112,
  "directional_accuracy": 0.8220551378446115,
  "n_params": 9,
  "status": "ok",
  "diagnostics_passed": [
    "arch_lm",
    "cusum",
    "forecast_plausibility",
    "std_resid_unit_variance"
  ],
  "diagnostics_failed": [
    "ljung_box",
    "jarque_bera",
    "adf",
    "economic_sign",
    "volatility_coverage_90"
  ],
  "error_summary": "",
  "rmse_1yr": 32.08149478519388,
  "rmse_3yr": 144.78001825336582,
  "insample_rmse": 15.937638898937516,
  "naive_insample_rmse": 6.6734637289322345,
  "gof_volatility_near": -0.5010454943064373,
  "gof_volatility_far": -0.5215318440797119,
  "gof_volatility_weighted": -0.5071913992384196,
  "validation_coverage_90": 0.275,
  "fit_attempts": [],
  "fit_strategy": "",
  "fit_scaled": false,
  "fit_recovered": false
}