{
  "experiment_id": "20260329_nbeats_300",
  "trial_id": "20260329_nbeats_300_033",
  "model_class": "N-BEATS",
  "champion_eligible": true,
  "description": "N-BEATS lookback=4 stack_width=32 n_blocks=2 n_layers=2 epochs=75 learning_rate=0.01 with per_capita_income",
  "gof_composite": 0.07732443616210075,
  "gof_insample": 0.2182621469009426,
  "gof_validation_near": -0.0419229689773879,
  "gof_validation_far": -0.07982700081904803,
  "gof_diagnostic": 0.16666666666666666,
  "rmse": 37.964863519042495,
  "mae": 30.5533825785319,
  "theil_u": 1.041922968977388,
  "directional_accuracy": 0.5263157894736842,
  "n_params": 7,
  "status": "ok",
  "diagnostics_passed": [
    "forecast_plausibility"
  ],
  "diagnostics_failed": [
    "ljung_box",
    "jarque_bera",
    "arch_lm",
    "cusum",
    "adf"
  ],
  "error_summary": "",
  "rmse_1yr": 37.964863519042495,
  "rmse_3yr": 123.85959020388599,
  "insample_rmse": 5.216899208189915,
  "naive_insample_rmse": 6.6734637289322345,
  "gof_volatility_near": NaN,
  "gof_volatility_far": NaN,
  "gof_volatility_weighted": NaN,
  "validation_coverage_90": NaN,
  "fit_attempts": [],
  "fit_strategy": "",
  "fit_scaled": false,
  "fit_recovered": false
}