{
  "experiment_id": "20260331_vecm_full20_300",
  "trial_id": "20260331_vecm_full20_300_069",
  "model_class": "VECM",
  "champion_eligible": true,
  "description": "VECM(k_ar_diff=4) deterministic=ci with fed_funds, housing_inventory",
  "gof_composite": 0.10191673778673398,
  "gof_insample": 0.5113969123869788,
  "gof_validation_near": -0.051180623243085144,
  "gof_validation_far": -1.0093031713309628,
  "gof_diagnostic": 0.6666666666666666,
  "rmse": 38.302187477884324,
  "mae": 23.898730577629703,
  "theil_u": 1.0511806232430851,
  "directional_accuracy": 0.5388471177944862,
  "n_params": 43,
  "status": "ok",
  "diagnostics_passed": [
    "ljung_box",
    "cusum",
    "adf",
    "forecast_plausibility"
  ],
  "diagnostics_failed": [
    "jarque_bera",
    "arch_lm"
  ],
  "error_summary": "",
  "rmse_1yr": 38.302187477884324,
  "rmse_3yr": 230.47346214500354,
  "insample_rmse": 3.260674983029795,
  "naive_insample_rmse": 6.6734637289322345,
  "gof_volatility_near": NaN,
  "gof_volatility_far": NaN,
  "gof_volatility_weighted": NaN,
  "validation_coverage_90": NaN,
  "fit_attempts": [],
  "fit_strategy": "",
  "fit_scaled": false,
  "fit_recovered": false
}