{
  "experiment_id": "20260329_xgboost_300",
  "trial_id": "20260329_xgboost_300_004",
  "model_class": "XGBoost",
  "champion_eligible": true,
  "description": "XGBoost n_estimators=200 learning_rate=0.05 max_depth=2 subsample=0.8 colsample_bytree=0.8 lags=[1, 2, 4] with no exogenous variables",
  "gof_composite": 0.3539066084222024,
  "gof_insample": 0.6144677593584282,
  "gof_validation_near": 0.22976673911309597,
  "gof_validation_far": -0.037547915627238915,
  "gof_diagnostic": 0.3333333333333333,
  "rmse": 28.065223148020436,
  "mae": 23.376042175292966,
  "theil_u": 0.770233260886904,
  "directional_accuracy": 0.11528822055137844,
  "n_params": 10,
  "status": "ok",
  "diagnostics_passed": [
    "adf",
    "forecast_plausibility"
  ],
  "diagnostics_failed": [
    "ljung_box",
    "jarque_bera",
    "arch_lm",
    "cusum"
  ],
  "error_summary": "",
  "rmse_1yr": 28.065223148020436,
  "rmse_3yr": 119.0100447099498,
  "insample_rmse": 2.5728354242555027,
  "naive_insample_rmse": 6.6734637289322345,
  "gof_volatility_near": NaN,
  "gof_volatility_far": NaN,
  "gof_volatility_weighted": NaN,
  "validation_coverage_90": NaN,
  "fit_attempts": [],
  "fit_strategy": "",
  "fit_scaled": false,
  "fit_recovered": false
}