{
  "experiment_id": "20260325_var",
  "trial_id": "20260325_var_006",
  "model_class": "VAR",
  "champion_eligible": true,
  "description": "VAR(4) trend=c with mortgage_rate",
  "gof_composite": 0.04691287451483854,
  "gof_insample": 0.45743231134248097,
  "gof_validation_near": -0.06736685411904131,
  "gof_validation_far": -1.194322118314374,
  "gof_diagnostic": 0.6666666666666666,
  "rmse": 38.8919700859945,
  "mae": 23.176396866897132,
  "theil_u": 1.0673668541190413,
  "directional_accuracy": 0.5714285714285714,
  "n_params": 9,
  "status": "ok",
  "diagnostics_passed": [
    "ljung_box",
    "cusum",
    "adf",
    "forecast_plausibility"
  ],
  "diagnostics_failed": [
    "jarque_bera",
    "arch_lm"
  ],
  "error_summary": "",
  "rmse_1yr": 38.8919700859945,
  "rmse_3yr": 251.69572361460726,
  "insample_rmse": 3.6208057907465507,
  "naive_insample_rmse": 6.6734637289322345
}