{
  "experiment_id": "20260329_nbeats_300",
  "trial_id": "20260329_nbeats_300_017",
  "model_class": "N-BEATS",
  "champion_eligible": true,
  "description": "N-BEATS lookback=4 stack_width=32 n_blocks=2 n_layers=2 epochs=75 learning_rate=0.01 with unemployment_rate",
  "gof_composite": -0.059145176104230444,
  "gof_insample": 0.35412553181086304,
  "gof_validation_near": 0.03347043918756987,
  "gof_validation_far": -1.6389558391837231,
  "gof_diagnostic": 0.3333333333333333,
  "rmse": 35.217731018424594,
  "mae": 21.930719228108725,
  "theil_u": 0.9665295608124301,
  "directional_accuracy": 0.7393483709273183,
  "n_params": 7,
  "status": "ok",
  "diagnostics_passed": [
    "adf",
    "forecast_plausibility"
  ],
  "diagnostics_failed": [
    "ljung_box",
    "jarque_bera",
    "arch_lm",
    "cusum"
  ],
  "error_summary": "",
  "rmse_1yr": 35.217731018424594,
  "rmse_3yr": 302.69662507005745,
  "insample_rmse": 4.3102198369036016,
  "naive_insample_rmse": 6.6734637289322345,
  "gof_volatility_near": NaN,
  "gof_volatility_far": NaN,
  "gof_volatility_weighted": NaN,
  "validation_coverage_90": NaN,
  "fit_attempts": [],
  "fit_strategy": "",
  "fit_scaled": false,
  "fit_recovered": false
}