{
  "experiment_id": "20260330_svr_full20_300",
  "trial_id": "20260330_svr_full20_300_027",
  "model_class": "Support Vector Regression",
  "champion_eligible": true,
  "description": "Support Vector Regression kernel=rbf C=50.0 epsilon=5.0 gamma=0.1 lags=[1, 2, 4] with no exogenous variables",
  "gof_composite": -0.08811699013590904,
  "gof_insample": -0.4926426040437102,
  "gof_validation_near": 0.1675398984672406,
  "gof_validation_far": 0.11311835789805014,
  "gof_diagnostic": 0.3333333333333333,
  "rmse": 30.332601430946433,
  "mae": 24.835030417115295,
  "theil_u": 0.8324601015327594,
  "directional_accuracy": 0.5288220551378446,
  "n_params": 5,
  "status": "ok",
  "diagnostics_passed": [
    "cusum",
    "forecast_plausibility"
  ],
  "diagnostics_failed": [
    "ljung_box",
    "jarque_bera",
    "arch_lm",
    "adf"
  ],
  "error_summary": "",
  "rmse_1yr": 30.332601430946433,
  "rmse_3yr": 101.72814410713637,
  "insample_rmse": 9.961096278344659,
  "naive_insample_rmse": 6.6734637289322345,
  "gof_volatility_near": NaN,
  "gof_volatility_far": NaN,
  "gof_volatility_weighted": NaN,
  "validation_coverage_90": NaN,
  "fit_attempts": [],
  "fit_strategy": "",
  "fit_scaled": false,
  "fit_recovered": false
}