{
  "experiment_id": "20260331_vecm_full20_300",
  "trial_id": "20260331_vecm_full20_300_015",
  "model_class": "VECM",
  "champion_eligible": true,
  "description": "VECM(k_ar_diff=4) deterministic=ci with housing_inventory",
  "gof_composite": 0.14701388919966696,
  "gof_insample": 0.5013481269606266,
  "gof_validation_near": 0.020003413990000274,
  "gof_validation_far": -0.847954820985003,
  "gof_diagnostic": 0.6666666666666666,
  "rmse": 35.70843310375729,
  "mae": 21.101637208637634,
  "theil_u": 0.9799965860099997,
  "directional_accuracy": 0.5839598997493735,
  "n_params": 21,
  "status": "ok",
  "diagnostics_passed": [
    "ljung_box",
    "cusum",
    "adf",
    "forecast_plausibility"
  ],
  "diagnostics_failed": [
    "jarque_bera",
    "arch_lm"
  ],
  "error_summary": "",
  "rmse_1yr": 35.70843310375729,
  "rmse_3yr": 211.96629336818526,
  "insample_rmse": 3.32773518809238,
  "naive_insample_rmse": 6.6734637289322345,
  "gof_volatility_near": NaN,
  "gof_volatility_far": NaN,
  "gof_volatility_weighted": NaN,
  "validation_coverage_90": NaN,
  "fit_attempts": [],
  "fit_strategy": "",
  "fit_scaled": false,
  "fit_recovered": false
}