{
  "experiment_id": "20260329_xgboost_300",
  "trial_id": "20260329_xgboost_300_056",
  "model_class": "XGBoost",
  "champion_eligible": true,
  "description": "XGBoost n_estimators=200 learning_rate=0.03 max_depth=3 subsample=0.8 colsample_bytree=0.8 lags=[1, 2, 4] with mortgage_rate",
  "gof_composite": 0.3531277899076313,
  "gof_insample": 0.596464846483506,
  "gof_validation_near": 0.24682974404321845,
  "gof_validation_far": -0.034545949561539446,
  "gof_diagnostic": 0.3333333333333333,
  "rmse": 27.443493257534737,
  "mae": 22.55433872477213,
  "theil_u": 0.7531702559567816,
  "directional_accuracy": 0.13032581453634084,
  "n_params": 11,
  "status": "ok",
  "diagnostics_passed": [
    "jarque_bera",
    "forecast_plausibility"
  ],
  "diagnostics_failed": [
    "ljung_box",
    "arch_lm",
    "cusum",
    "adf"
  ],
  "error_summary": "",
  "rmse_1yr": 27.443493257534737,
  "rmse_3yr": 118.66570965774098,
  "insample_rmse": 2.6929772103414242,
  "naive_insample_rmse": 6.6734637289322345,
  "gof_volatility_near": NaN,
  "gof_volatility_far": NaN,
  "gof_volatility_weighted": NaN,
  "validation_coverage_90": NaN,
  "fit_attempts": [],
  "fit_strategy": "",
  "fit_scaled": false,
  "fit_recovered": false
}