{
  "experiment_id": "20260331_var_full20_300",
  "trial_id": "20260331_var_full20_300_043",
  "model_class": "VAR",
  "champion_eligible": true,
  "description": "VAR(1) trend=c with consumer_confidence, new_home_sales",
  "gof_composite": -0.4437131537871931,
  "gof_insample": 0.18609004391071304,
  "gof_validation_near": -0.7195364904403052,
  "gof_validation_far": -1.9976315535380325,
  "gof_diagnostic": 0.3333333333333333,
  "rmse": 62.655273104931695,
  "mae": 46.845388530260706,
  "theil_u": 1.7195364904403052,
  "directional_accuracy": 0.3157894736842105,
  "n_params": 12,
  "status": "ok",
  "diagnostics_passed": [
    "adf",
    "forecast_plausibility"
  ],
  "diagnostics_failed": [
    "ljung_box",
    "jarque_bera",
    "arch_lm",
    "cusum"
  ],
  "error_summary": "",
  "rmse_1yr": 62.655273104931695,
  "rmse_3yr": 343.83786988271186,
  "insample_rmse": 5.431598570578684,
  "naive_insample_rmse": 6.6734637289322345,
  "gof_volatility_near": NaN,
  "gof_volatility_far": NaN,
  "gof_volatility_weighted": NaN,
  "validation_coverage_90": NaN,
  "fit_attempts": [],
  "fit_strategy": "",
  "fit_scaled": false,
  "fit_recovered": false
}