{
  "experiment_id": "20260331_bvar_full20_300",
  "trial_id": "20260331_bvar_full20_300_001",
  "model_class": "BVAR",
  "champion_eligible": true,
  "description": "BVAR(1) prior=minnesota lambda=0.1 trend=c with consumer_confidence",
  "gof_composite": -1.964759219076803,
  "gof_insample": 0.1443289082535708,
  "gof_validation_near": -3.654090185990788,
  "gof_validation_far": -5.179283670765261,
  "gof_diagnostic": 0.3333333333333333,
  "rmse": 169.58249695740224,
  "mae": 124.76030379277275,
  "theil_u": 4.654090185990788,
  "directional_accuracy": 0.18295739348370926,
  "n_params": 7,
  "status": "ok",
  "diagnostics_passed": [
    "cusum",
    "adf"
  ],
  "diagnostics_failed": [
    "ljung_box",
    "jarque_bera",
    "arch_lm",
    "forecast_plausibility"
  ],
  "error_summary": "",
  "rmse_1yr": 169.58249695740224,
  "rmse_3yr": 708.7834834969137,
  "insample_rmse": 5.710289994665642,
  "naive_insample_rmse": 6.6734637289322345,
  "gof_volatility_near": NaN,
  "gof_volatility_far": NaN,
  "gof_volatility_weighted": NaN,
  "validation_coverage_90": NaN,
  "fit_attempts": [],
  "fit_strategy": "",
  "fit_scaled": false,
  "fit_recovered": false
}