{
  "experiment_id": "20260330_arimax_garch_full20_300",
  "trial_id": "20260330_arimax_garch_full20_300_040",
  "model_class": "ARIMAX-GARCH",
  "champion_eligible": true,
  "description": "ARIMAX-GARCH(1, 1, 0) trend=t GARCH(1,1) dist=normal with mortgage_rate, m2_money_supply",
  "gof_composite": -0.5592436796656961,
  "gof_insample": -1.8414538868363581,
  "gof_validation_near": 0.17505372377802142,
  "gof_validation_far": -0.032199366772702964,
  "gof_diagnostic": 0.3333333333333333,
  "rmse": 30.058817897112167,
  "mae": 21.25582383300968,
  "theil_u": 0.8249462762219786,
  "directional_accuracy": 0.8320802005012531,
  "n_params": 8,
  "status": "ok",
  "diagnostics_passed": [
    "cusum",
    "forecast_plausibility",
    "std_resid_unit_variance"
  ],
  "diagnostics_failed": [
    "ljung_box",
    "jarque_bera",
    "arch_lm",
    "adf",
    "economic_sign",
    "volatility_coverage_90"
  ],
  "error_summary": "",
  "rmse_1yr": 30.058817897112167,
  "rmse_3yr": 118.39654915111879,
  "insample_rmse": 18.962339451235955,
  "naive_insample_rmse": 6.6734637289322345,
  "gof_volatility_near": -0.2790701937097857,
  "gof_volatility_far": -0.42462743088192867,
  "gof_volatility_weighted": -0.32273736486142857,
  "validation_coverage_90": 0.3275,
  "fit_attempts": [],
  "fit_strategy": "",
  "fit_scaled": false,
  "fit_recovered": false
}