{
  "experiment_id": "20260325_bvar_refine_20",
  "trial_id": "20260325_bvar_refine_20_018",
  "model_class": "BVAR",
  "champion_eligible": true,
  "description": "BVAR(3) prior=minnesota lambda=0.2 trend=c with per_capita_income",
  "gof_composite": -0.09390315358197204,
  "gof_insample": 0.2863892340409053,
  "gof_validation_near": -0.11230784524724213,
  "gof_validation_far": -1.2387851201897742,
  "gof_diagnostic": 0.16666666666666666,
  "rmse": 40.52949862254956,
  "mae": 24.057836427038872,
  "theil_u": 1.1123078452472421,
  "directional_accuracy": 0.7669172932330827,
  "n_params": 15,
  "status": "ok",
  "diagnostics_passed": [
    "cusum"
  ],
  "diagnostics_failed": [
    "ljung_box",
    "jarque_bera",
    "arch_lm",
    "adf",
    "forecast_plausibility"
  ],
  "error_summary": "",
  "rmse_1yr": 40.52949862254956,
  "rmse_3yr": 256.7957712957122,
  "insample_rmse": 4.762255563203568,
  "naive_insample_rmse": 6.6734637289322345,
  "gof_volatility_near": NaN,
  "gof_volatility_far": NaN,
  "gof_volatility_weighted": NaN,
  "validation_coverage_90": NaN,
  "fit_attempts": [],
  "fit_strategy": "",
  "fit_scaled": false,
  "fit_recovered": false
}