{
  "experiment_id": "20260330_arimax_garch_full20_300",
  "trial_id": "20260330_arimax_garch_full20_300_028",
  "model_class": "ARIMAX-GARCH",
  "champion_eligible": true,
  "description": "ARIMAX-GARCH(1, 1, 0) trend=t GARCH(1,1) dist=normal with treasury_10y, population",
  "gof_composite": -0.5121032198506685,
  "gof_insample": -1.7212412100661112,
  "gof_validation_near": 0.17750336388265953,
  "gof_validation_far": -0.020784958137256115,
  "gof_diagnostic": 0.5555555555555556,
  "rmse": 29.969559616977854,
  "mae": 21.01595581818811,
  "theil_u": 0.8224966361173405,
  "directional_accuracy": 0.8295739348370927,
  "n_params": 8,
  "status": "ok",
  "diagnostics_passed": [
    "arch_lm",
    "cusum",
    "economic_sign",
    "forecast_plausibility",
    "std_resid_unit_variance"
  ],
  "diagnostics_failed": [
    "ljung_box",
    "jarque_bera",
    "adf",
    "volatility_coverage_90"
  ],
  "error_summary": "",
  "rmse_1yr": 29.969559616977854,
  "rmse_3yr": 117.08728018957792,
  "insample_rmse": 18.160104513051856,
  "naive_insample_rmse": 6.6734637289322345,
  "gof_volatility_near": -0.3003781730643511,
  "gof_volatility_far": -0.5469010300942487,
  "gof_volatility_weighted": -0.37433503017332037,
  "validation_coverage_90": 0.325,
  "fit_attempts": [],
  "fit_strategy": "",
  "fit_scaled": false,
  "fit_recovered": false
}