{
  "experiment_id": "20260329_tcn_300",
  "trial_id": "20260329_tcn_300_059",
  "model_class": "TCN",
  "champion_eligible": true,
  "description": "TCN lookback=4 channels=32 num_blocks=2 kernel_size=2 epochs=75 learning_rate=0.01 with mortgage_rate, real_gdp",
  "gof_composite": 0.13698878792996144,
  "gof_insample": 0.4740226173802209,
  "gof_validation_near": -0.22485720441896495,
  "gof_validation_far": -0.3816904720588168,
  "gof_diagnostic": 0.8333333333333334,
  "rmse": 44.63049378949926,
  "mae": 35.16806909179687,
  "theil_u": 1.224857204418965,
  "directional_accuracy": 0.5263157894736842,
  "n_params": 7,
  "status": "ok",
  "diagnostics_passed": [
    "jarque_bera",
    "arch_lm",
    "cusum",
    "adf",
    "forecast_plausibility"
  ],
  "diagnostics_failed": [
    "ljung_box"
  ],
  "error_summary": "",
  "rmse_1yr": 44.63049378949926,
  "rmse_3yr": 158.48429010203725,
  "insample_rmse": 3.510090985151808,
  "naive_insample_rmse": 6.6734637289322345,
  "gof_volatility_near": NaN,
  "gof_volatility_far": NaN,
  "gof_volatility_weighted": NaN,
  "validation_coverage_90": NaN,
  "fit_attempts": [],
  "fit_strategy": "",
  "fit_scaled": false,
  "fit_recovered": false
}