{
  "experiment_id": "20260331_vecm_full20_300",
  "trial_id": "20260331_vecm_full20_300_012",
  "model_class": "VECM",
  "champion_eligible": true,
  "description": "VECM(k_ar_diff=4) deterministic=ci with mortgage_rate",
  "gof_composite": 0.20112047420536316,
  "gof_insample": 0.4468679320034462,
  "gof_validation_near": 0.13182949137593525,
  "gof_validation_far": -0.7140023594061735,
  "gof_diagnostic": 0.8333333333333334,
  "rmse": 31.63379237480428,
  "mae": 17.130780696745713,
  "theil_u": 0.8681705086240648,
  "directional_accuracy": 0.5939849624060151,
  "n_params": 21,
  "status": "ok",
  "diagnostics_passed": [
    "ljung_box",
    "arch_lm",
    "cusum",
    "adf",
    "forecast_plausibility"
  ],
  "diagnostics_failed": [
    "jarque_bera"
  ],
  "error_summary": "",
  "rmse_1yr": 31.63379237480428,
  "rmse_3yr": 196.60152013564792,
  "insample_rmse": 3.6913067930842804,
  "naive_insample_rmse": 6.6734637289322345,
  "gof_volatility_near": NaN,
  "gof_volatility_far": NaN,
  "gof_volatility_weighted": NaN,
  "validation_coverage_90": NaN,
  "fit_attempts": [],
  "fit_strategy": "",
  "fit_scaled": false,
  "fit_recovered": false
}