{
  "experiment_id": "20260325_state_space_60",
  "trial_id": "20260325_state_space_60_045",
  "model_class": "State-Space",
  "champion_eligible": true,
  "description": "State-Space(local level, cycle) with mortgage_rate, real_gdp, building_permits",
  "gof_composite": -0.5387203893436163,
  "gof_insample": -1.4317477983191869,
  "gof_validation_near": 0.11054886680961085,
  "gof_validation_far": -0.3171367750429879,
  "gof_diagnostic": 0.42857142857142855,
  "rmse": 32.40920095232458,
  "mae": 25.274855549614003,
  "theil_u": 0.8894511331903892,
  "directional_accuracy": 0.5588972431077694,
  "n_params": 7,
  "status": "ok",
  "diagnostics_passed": [
    "ljung_box",
    "adf",
    "forecast_plausibility"
  ],
  "diagnostics_failed": [
    "jarque_bera",
    "arch_lm",
    "cusum",
    "economic_sign"
  ],
  "error_summary": "",
  "rmse_1yr": 32.40920095232458,
  "rmse_3yr": 151.07977581182064,
  "insample_rmse": 16.228180729993912,
  "naive_insample_rmse": 6.6734637289322345
}