{
  "experiment_id": "20260325_arimax_60",
  "trial_id": "20260325_arimax_60_038",
  "model_class": "ARIMAX",
  "champion_eligible": true,
  "description": "ARIMAX(2, 1, 0) trend=t with mortgage_rate",
  "gof_composite": -0.6263922127736736,
  "gof_insample": -1.8300894472516545,
  "gof_validation_near": 0.1457601163996035,
  "gof_validation_far": -0.11200697360962919,
  "gof_diagnostic": 0.7142857142857143,
  "rmse": 31.1261979618722,
  "mae": 21.42545643149317,
  "theil_u": 0.8542398836003965,
  "directional_accuracy": 0.8170426065162907,
  "n_params": 5,
  "status": "ok",
  "diagnostics_passed": [
    "ljung_box",
    "cusum",
    "adf",
    "economic_sign",
    "forecast_plausibility"
  ],
  "diagnostics_failed": [
    "jarque_bera",
    "arch_lm"
  ],
  "error_summary": "",
  "rmse_1yr": 31.1261979618722,
  "rmse_3yr": 127.55073539620881,
  "insample_rmse": 18.88649927586779,
  "naive_insample_rmse": 6.6734637289322345
}