{
  "experiment_id": "20260330_arimax_garch_full20_300",
  "trial_id": "20260330_arimax_garch_full20_300_010",
  "model_class": "ARIMAX-GARCH",
  "champion_eligible": true,
  "description": "ARIMAX-GARCH(1, 1, 0) trend=t GARCH(1,1) dist=normal with m2_money_supply",
  "gof_composite": -0.5291323974588957,
  "gof_insample": -1.7010663902204533,
  "gof_validation_near": 0.17605858661709162,
  "gof_validation_far": 0.006054817948539792,
  "gof_diagnostic": 0.3333333333333333,
  "rmse": 30.02220340479696,
  "mae": 21.288928813360023,
  "theil_u": 0.8239414133829084,
  "directional_accuracy": 0.8195488721804511,
  "n_params": 7,
  "status": "ok",
  "diagnostics_passed": [
    "cusum",
    "forecast_plausibility",
    "std_resid_unit_variance"
  ],
  "diagnostics_failed": [
    "ljung_box",
    "jarque_bera",
    "arch_lm",
    "adf",
    "economic_sign",
    "volatility_coverage_90"
  ],
  "error_summary": "",
  "rmse_1yr": 30.02220340479696,
  "rmse_3yr": 114.00867253795482,
  "insample_rmse": 18.025468584574117,
  "naive_insample_rmse": 6.6734637289322345,
  "gof_volatility_near": -0.3615412772331754,
  "gof_volatility_far": -0.4466162487921903,
  "gof_volatility_weighted": -0.3870637687008799,
  "validation_coverage_90": 0.3,
  "fit_attempts": [],
  "fit_strategy": "",
  "fit_scaled": false,
  "fit_recovered": false
}