{
  "experiment_id": "20260329_random_forest_300",
  "trial_id": "20260329_random_forest_300_034",
  "model_class": "Random Forest",
  "champion_eligible": true,
  "description": "Random Forest n_estimators=500 max_depth=5 min_samples_leaf=4 lags=[1, 2, 4, 8] with no exogenous variables",
  "gof_composite": 0.11784222939003058,
  "gof_insample": 0.010386934762094402,
  "gof_validation_near": 0.2429494886779172,
  "gof_validation_far": -0.031187992569410072,
  "gof_diagnostic": 0.3333333333333333,
  "rmse": 27.584879300216254,
  "mae": 23.055153187333342,
  "theil_u": 0.7570505113220828,
  "directional_accuracy": 0.07268170426065163,
  "n_params": 7,
  "status": "ok",
  "diagnostics_passed": [
    "cusum",
    "forecast_plausibility"
  ],
  "diagnostics_failed": [
    "ljung_box",
    "jarque_bera",
    "arch_lm",
    "adf"
  ],
  "error_summary": "",
  "rmse_1yr": 27.584879300216254,
  "rmse_3yr": 118.28054131443048,
  "insample_rmse": 6.604146896542612,
  "naive_insample_rmse": 6.6734637289322345,
  "gof_volatility_near": NaN,
  "gof_volatility_far": NaN,
  "gof_volatility_weighted": NaN,
  "validation_coverage_90": NaN,
  "fit_attempts": [],
  "fit_strategy": "",
  "fit_scaled": false,
  "fit_recovered": false
}