{
  "experiment_id": "20260330_ardl_300",
  "trial_id": "20260330_ardl_300_013",
  "model_class": "ARDL",
  "champion_eligible": true,
  "description": "ARDL(ar_lags=4, distributed_lags=1) trend=c with no exogenous variables",
  "gof_composite": -0.08789413442066553,
  "gof_insample": 0.4292503076066919,
  "gof_validation_near": -0.2314691973737435,
  "gof_validation_far": -1.634978033661325,
  "gof_diagnostic": 0.6666666666666666,
  "rmse": 44.87141698400702,
  "mae": 30.089211690112894,
  "theil_u": 1.2314691973737435,
  "directional_accuracy": 0.40350877192982454,
  "n_params": 5,
  "status": "ok",
  "diagnostics_passed": [
    "ljung_box",
    "cusum",
    "adf",
    "forecast_plausibility"
  ],
  "diagnostics_failed": [
    "jarque_bera",
    "arch_lm"
  ],
  "error_summary": "",
  "rmse_1yr": 44.87141698400702,
  "rmse_3yr": 302.24035812957413,
  "insample_rmse": 3.8088773704859715,
  "naive_insample_rmse": 6.6734637289322345,
  "gof_volatility_near": NaN,
  "gof_volatility_far": NaN,
  "gof_volatility_weighted": NaN,
  "validation_coverage_90": NaN,
  "fit_attempts": [],
  "fit_strategy": "",
  "fit_scaled": false,
  "fit_recovered": false
}