{
  "experiment_id": "20260331_var_full20_300",
  "trial_id": "20260331_var_full20_300_027",
  "model_class": "VAR",
  "champion_eligible": true,
  "description": "VAR(4) trend=c with m2_money_supply",
  "gof_composite": -0.050953877382186166,
  "gof_insample": 0.48575629272571075,
  "gof_validation_near": -0.20319446724787538,
  "gof_validation_far": -1.6053666506825386,
  "gof_diagnostic": 0.6666666666666666,
  "rmse": 43.841162059000524,
  "mae": 29.637459214402202,
  "theil_u": 1.2031944672478754,
  "directional_accuracy": 0.38095238095238093,
  "n_params": 18,
  "status": "ok",
  "diagnostics_passed": [
    "ljung_box",
    "cusum",
    "adf",
    "forecast_plausibility"
  ],
  "diagnostics_failed": [
    "jarque_bera",
    "arch_lm"
  ],
  "error_summary": "",
  "rmse_1yr": 43.841162059000524,
  "rmse_3yr": 298.8438383552576,
  "insample_rmse": 3.431786728326615,
  "naive_insample_rmse": 6.6734637289322345,
  "gof_volatility_near": NaN,
  "gof_volatility_far": NaN,
  "gof_volatility_weighted": NaN,
  "validation_coverage_90": NaN,
  "fit_attempts": [],
  "fit_strategy": "",
  "fit_scaled": false,
  "fit_recovered": false
}