{
  "experiment_id": "20260325_vecm_60",
  "trial_id": "20260325_vecm_60_058",
  "model_class": "VECM",
  "champion_eligible": true,
  "description": "VECM(k_ar_diff=1) deterministic=ci with mortgage_rate, per_capita_income, real_gdp",
  "gof_composite": -0.034066387778104,
  "gof_insample": 0.32389373673400557,
  "gof_validation_near": -0.06460711109805217,
  "gof_validation_far": -1.2734092905825865,
  "gof_diagnostic": 0.5,
  "rmse": 38.791412491758614,
  "mae": 24.791389119920726,
  "theil_u": 1.0646071110980522,
  "directional_accuracy": 0.49624060150375937,
  "n_params": 34,
  "status": "ok",
  "diagnostics_passed": [
    "cusum",
    "adf",
    "forecast_plausibility"
  ],
  "diagnostics_failed": [
    "ljung_box",
    "jarque_bera",
    "arch_lm"
  ],
  "error_summary": "",
  "rmse_1yr": 38.791412491758614,
  "rmse_3yr": 260.7672737241108,
  "insample_rmse": 4.511970624809522,
  "naive_insample_rmse": 6.6734637289322345
}