{
  "experiment_id": "20260325_vecm_60",
  "trial_id": "20260325_vecm_60_018",
  "model_class": "VECM",
  "champion_eligible": true,
  "description": "VECM(k_ar_diff=4) deterministic=ci with building_permits",
  "gof_composite": -0.020414066983213228,
  "gof_insample": 0.4636154488108699,
  "gof_validation_near": -0.20518882500001956,
  "gof_validation_far": -1.3380721628281402,
  "gof_diagnostic": 0.6666666666666666,
  "rmse": 43.91383107784614,
  "mae": 24.51645983120831,
  "theil_u": 1.2051888250000196,
  "directional_accuracy": 0.5538847117794486,
  "n_params": 21,
  "status": "ok",
  "diagnostics_passed": [
    "ljung_box",
    "cusum",
    "adf",
    "forecast_plausibility"
  ],
  "diagnostics_failed": [
    "jarque_bera",
    "arch_lm"
  ],
  "error_summary": "",
  "rmse_1yr": 43.91383107784614,
  "rmse_3yr": 268.1843107602894,
  "insample_rmse": 3.5795428471202553,
  "naive_insample_rmse": 6.6734637289322345
}