{
  "experiment_id": "20260325_var_60",
  "trial_id": "20260325_var_60_035",
  "model_class": "VAR",
  "champion_eligible": true,
  "description": "VAR(2) trend=c with mortgage_rate, housing_starts",
  "gof_composite": -0.052235306883834,
  "gof_insample": 0.3066618467640567,
  "gof_validation_near": -0.14266946804447245,
  "gof_validation_far": -1.1664382118259424,
  "gof_diagnostic": 0.5,
  "rmse": 41.63579428934421,
  "mae": 27.018515980433865,
  "theil_u": 1.1426694680444724,
  "directional_accuracy": 0.8195488721804511,
  "n_params": 7,
  "status": "ok",
  "diagnostics_passed": [
    "cusum",
    "adf",
    "forecast_plausibility"
  ],
  "diagnostics_failed": [
    "ljung_box",
    "jarque_bera",
    "arch_lm"
  ],
  "error_summary": "",
  "rmse_1yr": 41.63579428934421,
  "rmse_3yr": 248.4973508860859,
  "insample_rmse": 4.626967017504927,
  "naive_insample_rmse": 6.6734637289322345
}