{
  "experiment_id": "20260325_bvar_60",
  "trial_id": "20260325_bvar_60_007",
  "model_class": "BVAR",
  "champion_eligible": true,
  "description": "BVAR(2) prior=minnesota lambda=0.1 trend=c with unemployment_rate",
  "gof_composite": -0.12717871169638933,
  "gof_insample": 0.28014516412267076,
  "gof_validation_near": -0.22612983395766162,
  "gof_validation_far": -1.289497791957396,
  "gof_diagnostic": 0.3333333333333333,
  "rmse": 44.67686497833517,
  "mae": 26.582558236503623,
  "theil_u": 1.2261298339576616,
  "directional_accuracy": 0.6466165413533834,
  "n_params": 11,
  "status": "ok",
  "diagnostics_passed": [
    "cusum",
    "adf"
  ],
  "diagnostics_failed": [
    "ljung_box",
    "jarque_bera",
    "arch_lm",
    "forecast_plausibility"
  ],
  "error_summary": "",
  "rmse_1yr": 44.67686497833517,
  "rmse_3yr": 262.61267598370154,
  "insample_rmse": 4.803925137323823,
  "naive_insample_rmse": 6.6734637289322345,
  "gof_volatility_near": NaN,
  "gof_volatility_far": NaN,
  "gof_volatility_weighted": NaN,
  "validation_coverage_90": NaN,
  "fit_attempts": [],
  "fit_strategy": "",
  "fit_scaled": false,
  "fit_recovered": false
}