{
  "experiment_id": "20260330_arimax_full20_300",
  "trial_id": "20260330_arimax_full20_300_080",
  "model_class": "ARIMAX",
  "champion_eligible": true,
  "description": "ARIMAX(1, 1, 1) trend=t with fed_funds",
  "gof_composite": -0.5677190555688638,
  "gof_insample": -1.5327899700289578,
  "gof_validation_near": 0.08488906500287108,
  "gof_validation_far": -0.27638064967428444,
  "gof_diagnostic": 0.5714285714285714,
  "rmse": 33.344174940348545,
  "mae": 22.33971509498783,
  "theil_u": 0.9151109349971289,
  "directional_accuracy": 0.8446115288220551,
  "n_params": 5,
  "status": "ok",
  "diagnostics_passed": [
    "ljung_box",
    "cusum",
    "adf",
    "forecast_plausibility"
  ],
  "diagnostics_failed": [
    "jarque_bera",
    "arch_lm",
    "economic_sign"
  ],
  "error_summary": "",
  "rmse_1yr": 33.344174940348545,
  "rmse_3yr": 146.40491865170438,
  "insample_rmse": 16.90248199799161,
  "naive_insample_rmse": 6.6734637289322345,
  "gof_volatility_near": NaN,
  "gof_volatility_far": NaN,
  "gof_volatility_weighted": NaN,
  "validation_coverage_90": NaN,
  "fit_attempts": [],
  "fit_strategy": "",
  "fit_scaled": false,
  "fit_recovered": false
}