{
  "experiment_id": "20260325_arimax_60",
  "trial_id": "20260325_arimax_60_054",
  "model_class": "ARIMAX",
  "champion_eligible": true,
  "description": "ARIMAX(2, 1, 0) trend=t with mortgage_rate, per_capita_income, real_gdp",
  "gof_composite": -0.6667640775460282,
  "gof_insample": -1.8500663183547208,
  "gof_validation_near": 0.15874855903778884,
  "gof_validation_far": -0.26294935340148706,
  "gof_diagnostic": 0.5714285714285714,
  "rmse": 30.652934134539954,
  "mae": 20.906565064457315,
  "theil_u": 0.8412514409622112,
  "directional_accuracy": 0.7518796992481203,
  "n_params": 7,
  "status": "ok",
  "diagnostics_passed": [
    "ljung_box",
    "cusum",
    "adf",
    "forecast_plausibility"
  ],
  "diagnostics_failed": [
    "jarque_bera",
    "arch_lm",
    "economic_sign"
  ],
  "error_summary": "",
  "rmse_1yr": 30.652934134539954,
  "rmse_3yr": 144.86430626565195,
  "insample_rmse": 19.01981420059166,
  "naive_insample_rmse": 6.6734637289322345
}