{
  "experiment_id": "20260329_lightgbm_300",
  "trial_id": "20260329_lightgbm_300_041",
  "model_class": "LightGBM",
  "champion_eligible": true,
  "description": "LightGBM n_estimators=200 learning_rate=0.05 max_depth=3 num_leaves=15 lags=[1, 2, 4, 8] with no exogenous variables",
  "gof_composite": -0.10430862129977467,
  "gof_insample": -0.48631180970062604,
  "gof_validation_near": 0.15671455482671226,
  "gof_validation_far": 0.013551167051954471,
  "gof_diagnostic": 0.3333333333333333,
  "rmse": 30.727047763445235,
  "mae": 25.859471961104955,
  "theil_u": 0.8432854451732877,
  "directional_accuracy": 0.09774436090225563,
  "n_params": 12,
  "status": "ok",
  "diagnostics_passed": [
    "cusum",
    "adf"
  ],
  "diagnostics_failed": [
    "ljung_box",
    "jarque_bera",
    "arch_lm",
    "forecast_plausibility"
  ],
  "error_summary": "",
  "rmse_1yr": 30.727047763445235,
  "rmse_3yr": 113.14881746184545,
  "insample_rmse": 9.918847951920757,
  "naive_insample_rmse": 6.6734637289322345,
  "gof_volatility_near": NaN,
  "gof_volatility_far": NaN,
  "gof_volatility_weighted": NaN,
  "validation_coverage_90": NaN,
  "fit_attempts": [],
  "fit_strategy": "",
  "fit_scaled": false,
  "fit_recovered": false
}