{
  "experiment_id": "20260330_lightgbm_full20_300",
  "trial_id": "20260330_lightgbm_full20_300_044",
  "model_class": "LightGBM",
  "champion_eligible": true,
  "description": "LightGBM n_estimators=200 learning_rate=0.1 max_depth=3 num_leaves=15 lags=[1, 2, 4, 8] with no exogenous variables",
  "gof_composite": -0.1021298587779049,
  "gof_insample": -0.47526008276027243,
  "gof_validation_near": 0.15163192766819555,
  "gof_validation_far": 0.0104644420600154,
  "gof_diagnostic": 0.3333333333333333,
  "rmse": 30.912244992162297,
  "mae": 26.124507014901837,
  "theil_u": 0.8483680723318044,
  "directional_accuracy": 0.09774436090225563,
  "n_params": 12,
  "status": "ok",
  "diagnostics_passed": [
    "cusum",
    "adf"
  ],
  "diagnostics_failed": [
    "ljung_box",
    "jarque_bera",
    "arch_lm",
    "forecast_plausibility"
  ],
  "error_summary": "",
  "rmse_1yr": 30.912244992162297,
  "rmse_3yr": 113.5028746323771,
  "insample_rmse": 9.845094653042244,
  "naive_insample_rmse": 6.6734637289322345,
  "gof_volatility_near": NaN,
  "gof_volatility_far": NaN,
  "gof_volatility_weighted": NaN,
  "validation_coverage_90": NaN,
  "fit_attempts": [],
  "fit_strategy": "",
  "fit_scaled": false,
  "fit_recovered": false
}