{
  "experiment_id": "20260330_arimax_garch_full20_300",
  "trial_id": "20260330_arimax_garch_full20_300_041",
  "model_class": "ARIMAX-GARCH",
  "champion_eligible": true,
  "description": "ARIMAX-GARCH(1, 1, 0) trend=t GARCH(1,1) dist=normal with mortgage_rate, population",
  "gof_composite": -0.5148069019022964,
  "gof_insample": -1.747278503381016,
  "gof_validation_near": 0.16668463579072956,
  "gof_validation_far": -0.03906803802834413,
  "gof_diagnostic": 0.5555555555555556,
  "rmse": 30.36376489672408,
  "mae": 21.530016055614684,
  "theil_u": 0.8333153642092704,
  "directional_accuracy": 0.8220551378446115,
  "n_params": 8,
  "status": "ok",
  "diagnostics_passed": [
    "cusum",
    "adf",
    "economic_sign",
    "forecast_plausibility",
    "std_resid_unit_variance"
  ],
  "diagnostics_failed": [
    "ljung_box",
    "jarque_bera",
    "arch_lm",
    "volatility_coverage_90"
  ],
  "error_summary": "",
  "rmse_1yr": 30.36376489672408,
  "rmse_3yr": 119.18440758244495,
  "insample_rmse": 18.333863445588445,
  "naive_insample_rmse": 6.6734637289322345,
  "gof_volatility_near": -0.29456751481475796,
  "gof_volatility_far": -0.43191928661083256,
  "gof_volatility_weighted": -0.3357730463535803,
  "validation_coverage_90": 0.3225,
  "fit_attempts": [],
  "fit_strategy": "",
  "fit_scaled": false,
  "fit_recovered": false
}