{
  "experiment_id": "20260331_vecm_full20_300",
  "trial_id": "20260331_vecm_full20_300_023",
  "model_class": "VECM",
  "champion_eligible": true,
  "description": "VECM(k_ar_diff=2) deterministic=ci with per_capita_income",
  "gof_composite": -0.06883938722875663,
  "gof_insample": 0.2965059536116734,
  "gof_validation_near": -0.061872392445356805,
  "gof_validation_far": -1.327465097672563,
  "gof_diagnostic": 0.3333333333333333,
  "rmse": 38.69176671802693,
  "mae": 23.16536763323027,
  "theil_u": 1.0618723924453568,
  "directional_accuracy": 0.5839598997493735,
  "n_params": 13,
  "status": "ok",
  "diagnostics_passed": [
    "adf",
    "forecast_plausibility"
  ],
  "diagnostics_failed": [
    "ljung_box",
    "jarque_bera",
    "arch_lm",
    "cusum"
  ],
  "error_summary": "",
  "rmse_1yr": 38.69176671802693,
  "rmse_3yr": 266.9676466627634,
  "insample_rmse": 4.694742002092268,
  "naive_insample_rmse": 6.6734637289322345,
  "gof_volatility_near": NaN,
  "gof_volatility_far": NaN,
  "gof_volatility_weighted": NaN,
  "validation_coverage_90": NaN,
  "fit_attempts": [],
  "fit_strategy": "",
  "fit_scaled": false,
  "fit_recovered": false
}