{
  "experiment_id": "20260330_arimax_full20_300",
  "trial_id": "20260330_arimax_full20_300_032",
  "model_class": "ARIMAX",
  "champion_eligible": true,
  "description": "ARIMAX(1, 1, 0) trend=t with fed_funds, personal_consumption",
  "gof_composite": -0.5614878003638084,
  "gof_insample": -1.7676722567666623,
  "gof_validation_near": 0.21302181952778754,
  "gof_validation_far": -0.002700706136269604,
  "gof_diagnostic": 0.7142857142857143,
  "rmse": 28.675362866235414,
  "mae": 19.52680586186853,
  "theil_u": 0.7869781804722125,
  "directional_accuracy": 0.8345864661654135,
  "n_params": 5,
  "status": "ok",
  "diagnostics_passed": [
    "ljung_box",
    "cusum",
    "adf",
    "economic_sign",
    "forecast_plausibility"
  ],
  "diagnostics_failed": [
    "jarque_bera",
    "arch_lm"
  ],
  "error_summary": "",
  "rmse_1yr": 28.675362866235414,
  "rmse_3yr": 115.0129589878604,
  "insample_rmse": 18.469960419104343,
  "naive_insample_rmse": 6.6734637289322345,
  "gof_volatility_near": NaN,
  "gof_volatility_far": NaN,
  "gof_volatility_weighted": NaN,
  "validation_coverage_90": NaN,
  "fit_attempts": [],
  "fit_strategy": "",
  "fit_scaled": false,
  "fit_recovered": false
}