{
  "experiment_id": "20260331_vecm_full20_300",
  "trial_id": "20260331_vecm_full20_300_047",
  "model_class": "VECM",
  "champion_eligible": true,
  "description": "VECM(k_ar_diff=2) deterministic=ci with treasury_10y, fed_funds",
  "gof_composite": -0.174370999416742,
  "gof_insample": 0.2904284354424683,
  "gof_validation_near": -0.17900926882339774,
  "gof_validation_far": -1.7414830855924897,
  "gof_diagnostic": 0.3333333333333333,
  "rmse": 42.959918642064025,
  "mae": 28.808686040000758,
  "theil_u": 1.1790092688233977,
  "directional_accuracy": 0.6090225563909775,
  "n_params": 25,
  "status": "ok",
  "diagnostics_passed": [
    "adf",
    "forecast_plausibility"
  ],
  "diagnostics_failed": [
    "ljung_box",
    "jarque_bera",
    "arch_lm",
    "cusum"
  ],
  "error_summary": "",
  "rmse_1yr": 42.959918642064025,
  "rmse_3yr": 314.4568262090274,
  "insample_rmse": 4.735300099156385,
  "naive_insample_rmse": 6.6734637289322345,
  "gof_volatility_near": NaN,
  "gof_volatility_far": NaN,
  "gof_volatility_weighted": NaN,
  "validation_coverage_90": NaN,
  "fit_attempts": [],
  "fit_strategy": "",
  "fit_scaled": false,
  "fit_recovered": false
}