{
  "experiment_id": "20260329_tcn_300",
  "trial_id": "20260329_tcn_300_005",
  "model_class": "TCN",
  "champion_eligible": true,
  "description": "TCN lookback=8 channels=16 num_blocks=2 kernel_size=2 epochs=75 learning_rate=0.01 with no exogenous variables",
  "gof_composite": 0.052039813376245685,
  "gof_insample": 0.2827384591026605,
  "gof_validation_near": -0.08655882616843291,
  "gof_validation_far": -0.4272887629280022,
  "gof_diagnostic": 0.3333333333333333,
  "rmse": 39.59127379769936,
  "mae": 28.541448699951168,
  "theil_u": 1.086558826168433,
  "directional_accuracy": 0.6090225563909775,
  "n_params": 7,
  "status": "ok",
  "diagnostics_passed": [
    "arch_lm",
    "forecast_plausibility"
  ],
  "diagnostics_failed": [
    "ljung_box",
    "jarque_bera",
    "cusum",
    "adf"
  ],
  "error_summary": "",
  "rmse_1yr": 39.59127379769936,
  "rmse_3yr": 163.71455904027556,
  "insample_rmse": 4.78661887733644,
  "naive_insample_rmse": 6.6734637289322345,
  "gof_volatility_near": NaN,
  "gof_volatility_far": NaN,
  "gof_volatility_weighted": NaN,
  "validation_coverage_90": NaN,
  "fit_attempts": [],
  "fit_strategy": "",
  "fit_scaled": false,
  "fit_recovered": false
}