{
  "experiment_id": "20260330_nbeats_full20_300",
  "trial_id": "20260330_nbeats_full20_300_005",
  "model_class": "N-BEATS",
  "champion_eligible": true,
  "description": "N-BEATS lookback=8 stack_width=32 n_blocks=2 n_layers=2 epochs=75 learning_rate=0.01 with no exogenous variables",
  "gof_composite": -0.4453395744474867,
  "gof_insample": 0.10635186679230324,
  "gof_validation_near": -0.36058779167299515,
  "gof_validation_far": -2.6333861827479534,
  "gof_diagnostic": 0.3333333333333333,
  "rmse": 49.576150401250736,
  "mae": 30.245089131673176,
  "theil_u": 1.3605877916729952,
  "directional_accuracy": 0.5288220551378446,
  "n_params": 7,
  "status": "ok",
  "diagnostics_passed": [
    "adf",
    "forecast_plausibility"
  ],
  "diagnostics_failed": [
    "ljung_box",
    "jarque_bera",
    "arch_lm",
    "cusum"
  ],
  "error_summary": "",
  "rmse_1yr": 49.576150401250736,
  "rmse_3yr": 416.7609471760531,
  "insample_rmse": 5.963728403389566,
  "naive_insample_rmse": 6.6734637289322345,
  "gof_volatility_near": NaN,
  "gof_volatility_far": NaN,
  "gof_volatility_weighted": NaN,
  "validation_coverage_90": NaN,
  "fit_attempts": [],
  "fit_strategy": "",
  "fit_scaled": false,
  "fit_recovered": false
}