{
  "experiment_id": "20260330_arimax_garch_full20_300",
  "trial_id": "20260330_arimax_garch_full20_300_059",
  "model_class": "ARIMAX-GARCH",
  "champion_eligible": true,
  "description": "ARIMAX-GARCH(1, 1, 0) trend=t GARCH(1,1) dist=normal with consumer_confidence, treasury_10y, housing_inventory",
  "gof_composite": -0.5369520335345667,
  "gof_insample": -1.7185544403325665,
  "gof_validation_near": 0.1759559182994619,
  "gof_validation_far": -0.0006182210038234714,
  "gof_diagnostic": 0.4444444444444444,
  "rmse": 30.02594436145364,
  "mae": 20.28960458189132,
  "theil_u": 0.8240440817005381,
  "directional_accuracy": 0.849624060150376,
  "n_params": 9,
  "status": "ok",
  "diagnostics_passed": [
    "cusum",
    "adf",
    "forecast_plausibility",
    "std_resid_unit_variance"
  ],
  "diagnostics_failed": [
    "ljung_box",
    "jarque_bera",
    "arch_lm",
    "economic_sign",
    "volatility_coverage_90"
  ],
  "error_summary": "",
  "rmse_1yr": 30.02594436145364,
  "rmse_3yr": 114.77409132210022,
  "insample_rmse": 18.142174452687055,
  "naive_insample_rmse": 6.6734637289322345,
  "gof_volatility_near": -0.30328503800815354,
  "gof_volatility_far": -0.7557656226972982,
  "gof_volatility_weighted": -0.4390292134148969,
  "validation_coverage_90": 0.335,
  "fit_attempts": [],
  "fit_strategy": "",
  "fit_scaled": false,
  "fit_recovered": false
}