{
  "experiment_id": "20260330_arimax_garch_full20_300",
  "trial_id": "20260330_arimax_garch_full20_300_002",
  "model_class": "ARIMAX-GARCH",
  "champion_eligible": true,
  "description": "ARIMAX-GARCH(1, 1, 0) trend=t GARCH(1,1) dist=normal with consumer_confidence",
  "gof_composite": -0.5555069339926407,
  "gof_insample": -1.8352769646698657,
  "gof_validation_near": 0.17357024235528062,
  "gof_validation_far": 0.009544576412953254,
  "gof_diagnostic": 0.4444444444444444,
  "rmse": 30.112871960055674,
  "mae": 21.150425214826626,
  "theil_u": 0.8264297576447194,
  "directional_accuracy": 0.8395989974937343,
  "n_params": 7,
  "status": "ok",
  "diagnostics_passed": [
    "cusum",
    "adf",
    "forecast_plausibility",
    "std_resid_unit_variance"
  ],
  "diagnostics_failed": [
    "ljung_box",
    "jarque_bera",
    "arch_lm",
    "economic_sign",
    "volatility_coverage_90"
  ],
  "error_summary": "",
  "rmse_1yr": 30.112871960055674,
  "rmse_3yr": 113.60838614672276,
  "insample_rmse": 18.92111798520143,
  "naive_insample_rmse": 6.6734637289322345,
  "gof_volatility_near": -0.34490635399982894,
  "gof_volatility_far": -0.44475593755027854,
  "gof_volatility_weighted": -0.3748612290649638,
  "validation_coverage_90": 0.3075,
  "fit_attempts": [],
  "fit_strategy": "",
  "fit_scaled": false,
  "fit_recovered": false
}