{
  "experiment_id": "20260330_arimax_garch_full20_300",
  "trial_id": "20260330_arimax_garch_full20_300_046",
  "model_class": "ARIMAX-GARCH",
  "champion_eligible": true,
  "description": "ARIMAX-GARCH(1, 1, 0) trend=t GARCH(1,1) dist=normal with housing_inventory, population",
  "gof_composite": -0.4278528378595695,
  "gof_insample": -1.332734475263008,
  "gof_validation_near": 0.16489125289436135,
  "gof_validation_far": 0.012709177872285982,
  "gof_diagnostic": 0.3333333333333333,
  "rmse": 30.429110933739494,
  "mae": 21.10956665070624,
  "theil_u": 0.8351087471056386,
  "directional_accuracy": 0.8270676691729323,
  "n_params": 8,
  "status": "ok",
  "diagnostics_passed": [
    "cusum",
    "forecast_plausibility",
    "std_resid_unit_variance"
  ],
  "diagnostics_failed": [
    "ljung_box",
    "jarque_bera",
    "arch_lm",
    "adf",
    "economic_sign",
    "volatility_coverage_90"
  ],
  "error_summary": "",
  "rmse_1yr": 30.429110933739494,
  "rmse_3yr": 113.24539629778005,
  "insample_rmse": 15.567418909897452,
  "naive_insample_rmse": 6.6734637289322345,
  "gof_volatility_near": -0.3964726746721776,
  "gof_volatility_far": -0.459691220762511,
  "gof_volatility_weighted": -0.41543823849927763,
  "validation_coverage_90": 0.285,
  "fit_attempts": [],
  "fit_strategy": "",
  "fit_scaled": false,
  "fit_recovered": false
}