{
  "experiment_id": "20260330_arimax_full20_300",
  "trial_id": "20260330_arimax_full20_300_103",
  "model_class": "ARIMAX",
  "champion_eligible": true,
  "description": "ARIMAX(1, 1, 1) trend=t with treasury_10y, m2_money_supply",
  "gof_composite": -0.9143760464185489,
  "gof_insample": -1.5756508060503336,
  "gof_validation_near": -0.12201468787273617,
  "gof_validation_far": -1.9903562692387657,
  "gof_diagnostic": 0.5714285714285714,
  "rmse": 40.88318979401821,
  "mae": 24.113094219075016,
  "theil_u": 1.1220146878727362,
  "directional_accuracy": 0.7243107769423559,
  "n_params": 6,
  "status": "ok",
  "diagnostics_passed": [
    "ljung_box",
    "cusum",
    "adf",
    "forecast_plausibility"
  ],
  "diagnostics_failed": [
    "jarque_bera",
    "arch_lm",
    "economic_sign"
  ],
  "error_summary": "",
  "rmse_1yr": 40.88318979401821,
  "rmse_3yr": 343.00337164249333,
  "insample_rmse": 17.188512232571973,
  "naive_insample_rmse": 6.6734637289322345,
  "gof_volatility_near": NaN,
  "gof_volatility_far": NaN,
  "gof_volatility_weighted": NaN,
  "validation_coverage_90": NaN,
  "fit_attempts": [],
  "fit_strategy": "",
  "fit_scaled": false,
  "fit_recovered": false
}