{
  "experiment_id": "20260330_arimax_garch_full20_300",
  "trial_id": "20260330_arimax_garch_full20_300_064",
  "model_class": "ARIMAX-GARCH",
  "champion_eligible": true,
  "description": "ARIMAX-GARCH(1, 1, 0) trend=t GARCH(1,1) dist=normal with consumer_confidence, mortgage_rate, housing_inventory",
  "gof_composite": -0.5436646785841981,
  "gof_insample": -1.7739759523579388,
  "gof_validation_near": 0.16907986620137982,
  "gof_validation_far": -0.01356206436478602,
  "gof_diagnostic": 0.4444444444444444,
  "rmse": 30.276489159126854,
  "mae": 20.54419752528081,
  "theil_u": 0.8309201337986202,
  "directional_accuracy": 0.8421052631578947,
  "n_params": 9,
  "status": "ok",
  "diagnostics_passed": [
    "cusum",
    "adf",
    "forecast_plausibility",
    "std_resid_unit_variance"
  ],
  "diagnostics_failed": [
    "ljung_box",
    "jarque_bera",
    "arch_lm",
    "economic_sign",
    "volatility_coverage_90"
  ],
  "error_summary": "",
  "rmse_1yr": 30.276489159126854,
  "rmse_3yr": 116.25879130935378,
  "insample_rmse": 18.51202790299096,
  "naive_insample_rmse": 6.6734637289322345,
  "gof_volatility_near": -0.29170607148820915,
  "gof_volatility_far": -0.6104204656625425,
  "gof_volatility_weighted": -0.38732038974050914,
  "validation_coverage_90": 0.3325,
  "fit_attempts": [],
  "fit_strategy": "",
  "fit_scaled": false,
  "fit_recovered": false
}