{
  "experiment_id": "20260330_xgboost_full20_300",
  "trial_id": "20260330_xgboost_full20_300_069",
  "model_class": "XGBoost",
  "champion_eligible": true,
  "description": "XGBoost n_estimators=500 learning_rate=0.05 max_depth=4 subsample=0.8 colsample_bytree=0.8 lags=[1, 2, 4] with consumer_confidence",
  "gof_composite": 0.5993019225105826,
  "gof_insample": 0.97848495672639,
  "gof_validation_near": 0.35785290472008824,
  "gof_validation_far": -0.004492734435584733,
  "gof_diagnostic": 0.8333333333333334,
  "rmse": 23.39810864845279,
  "mae": 18.968595774332677,
  "theil_u": 0.6421470952799118,
  "directional_accuracy": 0.3609022556390977,
  "n_params": 11,
  "status": "ok",
  "diagnostics_passed": [
    "jarque_bera",
    "arch_lm",
    "cusum",
    "adf",
    "forecast_plausibility"
  ],
  "diagnostics_failed": [
    "ljung_box"
  ],
  "error_summary": "",
  "rmse_1yr": 23.39810864845279,
  "rmse_3yr": 115.21851033137985,
  "insample_rmse": 0.14357986091284397,
  "naive_insample_rmse": 6.6734637289322345,
  "gof_volatility_near": NaN,
  "gof_volatility_far": NaN,
  "gof_volatility_weighted": NaN,
  "validation_coverage_90": NaN,
  "fit_attempts": [],
  "fit_strategy": "",
  "fit_scaled": false,
  "fit_recovered": false
}