{
  "experiment_id": "20260325_arimax",
  "trial_id": "20260325_arimax_008",
  "model_class": "ARIMAX",
  "champion_eligible": true,
  "description": "ARIMAX(2, 1, 0) trend=t with mortgage_rate, unemployment_rate",
  "gof_composite": -0.6223697559200092,
  "gof_insample": -1.8459270572360684,
  "gof_validation_near": 0.17754945923760457,
  "gof_validation_far": -0.11713210124876494,
  "gof_diagnostic": 0.7142857142857143,
  "rmse": 29.967880026536474,
  "mae": 21.022809079918947,
  "theil_u": 0.8224505407623954,
  "directional_accuracy": 0.8220551378446115,
  "n_params": 6,
  "status": "ok",
  "diagnostics_passed": [
    "ljung_box",
    "cusum",
    "adf",
    "economic_sign",
    "forecast_plausibility"
  ],
  "diagnostics_failed": [
    "jarque_bera",
    "arch_lm"
  ],
  "error_summary": "",
  "rmse_1yr": 29.967880026536474,
  "rmse_3yr": 128.13860383128633,
  "insample_rmse": 18.992190991651754,
  "naive_insample_rmse": 6.6734637289322345
}