{
  "experiment_id": "20260329_xgboost_300",
  "trial_id": "20260329_xgboost_300_061",
  "model_class": "XGBoost",
  "champion_eligible": true,
  "description": "XGBoost n_estimators=200 learning_rate=0.1 max_depth=2 subsample=0.8 colsample_bytree=0.8 lags=[1, 2, 4] with mortgage_rate",
  "gof_composite": 0.4546279194066419,
  "gof_insample": 0.7634367076555839,
  "gof_validation_near": 0.2517958619009151,
  "gof_validation_far": -0.036946546583857875,
  "gof_diagnostic": 0.6666666666666666,
  "rmse": 27.26254131358059,
  "mae": 22.237389343261714,
  "theil_u": 0.7482041380990849,
  "directional_accuracy": 0.19548872180451127,
  "n_params": 11,
  "status": "ok",
  "diagnostics_passed": [
    "jarque_bera",
    "cusum",
    "adf",
    "forecast_plausibility"
  ],
  "diagnostics_failed": [
    "ljung_box",
    "arch_lm"
  ],
  "error_summary": "",
  "rmse_1yr": 27.26254131358059,
  "rmse_3yr": 118.94106576867681,
  "insample_rmse": 1.578696551057253,
  "naive_insample_rmse": 6.6734637289322345,
  "gof_volatility_near": NaN,
  "gof_volatility_far": NaN,
  "gof_volatility_weighted": NaN,
  "validation_coverage_90": NaN,
  "fit_attempts": [],
  "fit_strategy": "",
  "fit_scaled": false,
  "fit_recovered": false
}