{
  "experiment_id": "20260325_arimax_garch_60_volaware",
  "trial_id": "20260325_arimax_garch_60_volaware_001",
  "model_class": "ARIMAX-GARCH",
  "champion_eligible": true,
  "description": "ARIMAX-GARCH(1, 1, 0) trend=t GARCH(1,1) dist=normal with no exogenous variables",
  "gof_composite": -0.5155490862678251,
  "gof_insample": -1.7020455895991913,
  "gof_validation_near": 0.17103627103059604,
  "gof_validation_far": 0.0028730649117439944,
  "gof_diagnostic": 0.5,
  "rmse": 30.2052030424554,
  "mae": 21.366412467631367,
  "theil_u": 0.828963728969404,
  "directional_accuracy": 0.8320802005012531,
  "n_params": 6,
  "status": "ok",
  "diagnostics_passed": [
    "cusum",
    "adf",
    "forecast_plausibility",
    "std_resid_unit_variance"
  ],
  "diagnostics_failed": [
    "ljung_box",
    "jarque_bera",
    "arch_lm",
    "volatility_coverage_90"
  ],
  "error_summary": "",
  "rmse_1yr": 30.2052030424554,
  "rmse_3yr": 114.3736297273644,
  "insample_rmse": 18.032003236111517,
  "naive_insample_rmse": 6.6734637289322345,
  "gof_volatility_near": -0.36701093873829116,
  "gof_volatility_far": -0.4500649247692041,
  "gof_volatility_weighted": -0.391927134547565,
  "validation_coverage_90": 0.3,
  "fit_attempts": [],
  "fit_strategy": "",
  "fit_scaled": false,
  "fit_recovered": false
}