{
  "experiment_id": "20260330_arimax_full20_300",
  "trial_id": "20260330_arimax_full20_300_011",
  "model_class": "ARIMAX",
  "champion_eligible": true,
  "description": "ARIMAX(1, 1, 0) trend=t with population",
  "gof_composite": -0.472526126141728,
  "gof_insample": -1.5096744630528507,
  "gof_validation_near": 0.17038591988848584,
  "gof_validation_far": 0.001866771265805589,
  "gof_diagnostic": 0.7142857142857143,
  "rmse": 30.228900084448725,
  "mae": 21.40669354872588,
  "theil_u": 0.8296140801115142,
  "directional_accuracy": 0.8320802005012531,
  "n_params": 4,
  "status": "ok",
  "diagnostics_passed": [
    "ljung_box",
    "cusum",
    "adf",
    "economic_sign",
    "forecast_plausibility"
  ],
  "diagnostics_failed": [
    "jarque_bera",
    "arch_lm"
  ],
  "error_summary": "",
  "rmse_1yr": 30.228900084448725,
  "rmse_3yr": 114.48905480797099,
  "insample_rmse": 16.74822150061068,
  "naive_insample_rmse": 6.6734637289322345,
  "gof_volatility_near": NaN,
  "gof_volatility_far": NaN,
  "gof_volatility_weighted": NaN,
  "validation_coverage_90": NaN,
  "fit_attempts": [],
  "fit_strategy": "",
  "fit_scaled": false,
  "fit_recovered": false
}