{
  "experiment_id": "20260325_arimax_garch_60_volaware",
  "trial_id": "20260325_arimax_garch_60_volaware_014",
  "model_class": "ARIMAX-GARCH",
  "champion_eligible": true,
  "description": "ARIMAX-GARCH(1, 1, 0) trend=t GARCH(1,1) dist=normal with mortgage_rate, housing_starts, term_spread",
  "gof_composite": -0.5449994115342831,
  "gof_insample": -1.7767538185387566,
  "gof_validation_near": 0.16096987175171085,
  "gof_validation_far": -0.040531041617078545,
  "gof_diagnostic": 0.3333333333333333,
  "rmse": 30.571995488854917,
  "mae": 22.012532507264584,
  "theil_u": 0.8390301282482892,
  "directional_accuracy": 0.8145363408521303,
  "n_params": 9,
  "status": "ok",
  "diagnostics_passed": [
    "cusum",
    "forecast_plausibility",
    "std_resid_unit_variance"
  ],
  "diagnostics_failed": [
    "ljung_box",
    "jarque_bera",
    "arch_lm",
    "adf",
    "economic_sign",
    "volatility_coverage_90"
  ],
  "error_summary": "",
  "rmse_1yr": 30.571995488854917,
  "rmse_3yr": 119.35221874555718,
  "insample_rmse": 18.53056589219247,
  "naive_insample_rmse": 6.6734637289322345,
  "gof_volatility_near": -0.2847485541067447,
  "gof_volatility_far": -0.4221995481803875,
  "gof_volatility_weighted": -0.32598385232883753,
  "validation_coverage_90": 0.3225,
  "fit_attempts": [],
  "fit_strategy": "",
  "fit_scaled": false,
  "fit_recovered": false
}