{
  "experiment_id": "20260330_arimax_full20_300",
  "trial_id": "20260330_arimax_full20_300_055",
  "model_class": "ARIMAX",
  "champion_eligible": true,
  "description": "ARIMAX(1, 1, 0) trend=t with per_capita_income, population",
  "gof_composite": -0.4834387577114213,
  "gof_insample": -1.5173751263578743,
  "gof_validation_near": 0.18637788860989457,
  "gof_validation_far": 0.007574497836054239,
  "gof_diagnostic": 0.5714285714285714,
  "rmse": 29.646195865436294,
  "mae": 20.98402769236577,
  "theil_u": 0.8136221113901054,
  "directional_accuracy": 0.8295739348370927,
  "n_params": 5,
  "status": "ok",
  "diagnostics_passed": [
    "ljung_box",
    "cusum",
    "adf",
    "forecast_plausibility"
  ],
  "diagnostics_failed": [
    "jarque_bera",
    "arch_lm",
    "economic_sign"
  ],
  "error_summary": "",
  "rmse_1yr": 29.646195865436294,
  "rmse_3yr": 113.83436042317545,
  "insample_rmse": 16.799611597865475,
  "naive_insample_rmse": 6.6734637289322345,
  "gof_volatility_near": NaN,
  "gof_volatility_far": NaN,
  "gof_volatility_weighted": NaN,
  "validation_coverage_90": NaN,
  "fit_attempts": [],
  "fit_strategy": "",
  "fit_scaled": false,
  "fit_recovered": false
}