{
  "experiment_id": "20260325_vecm_refine_20",
  "trial_id": "20260325_vecm_refine_20_011",
  "model_class": "VECM",
  "champion_eligible": true,
  "description": "VECM(k_ar_diff=4) deterministic=co with building_permits",
  "gof_composite": 0.024312776012115025,
  "gof_insample": 0.4663881358750557,
  "gof_validation_near": -0.2153063611086643,
  "gof_validation_far": -1.0236794574436097,
  "gof_diagnostic": 0.6666666666666666,
  "rmse": 44.28248681243531,
  "mae": 27.416881822751193,
  "theil_u": 1.2153063611086643,
  "directional_accuracy": 0.7944862155388471,
  "n_params": 22,
  "status": "ok",
  "diagnostics_passed": [
    "ljung_box",
    "cusum",
    "adf",
    "forecast_plausibility"
  ],
  "diagnostics_failed": [
    "jarque_bera",
    "arch_lm"
  ],
  "error_summary": "",
  "rmse_1yr": 44.28248681243531,
  "rmse_3yr": 232.12246787019438,
  "insample_rmse": 3.561039420565732,
  "naive_insample_rmse": 6.6734637289322345,
  "gof_volatility_near": NaN,
  "gof_volatility_far": NaN,
  "gof_volatility_weighted": NaN,
  "validation_coverage_90": NaN,
  "fit_attempts": [],
  "fit_strategy": "",
  "fit_scaled": false,
  "fit_recovered": false
}