{
  "experiment_id": "20260330_arimax_full20_300",
  "trial_id": "20260330_arimax_full20_300_015",
  "model_class": "ARIMAX",
  "champion_eligible": true,
  "description": "ARIMAX(1, 1, 0) trend=t with consumer_confidence, housing_inventory",
  "gof_composite": -0.49359061182410413,
  "gof_insample": -1.529971082081497,
  "gof_validation_near": 0.16660201645369865,
  "gof_validation_far": 0.01962838737895345,
  "gof_diagnostic": 0.5714285714285714,
  "rmse": 30.366775322588378,
  "mae": 20.9112935228761,
  "theil_u": 0.8333979835463013,
  "directional_accuracy": 0.8270676691729323,
  "n_params": 5,
  "status": "ok",
  "diagnostics_passed": [
    "ljung_box",
    "cusum",
    "adf",
    "forecast_plausibility"
  ],
  "diagnostics_failed": [
    "jarque_bera",
    "arch_lm",
    "economic_sign"
  ],
  "error_summary": "",
  "rmse_1yr": 30.366775322588378,
  "rmse_3yr": 112.45174096837948,
  "insample_rmse": 16.883670251518307,
  "naive_insample_rmse": 6.6734637289322345,
  "gof_volatility_near": NaN,
  "gof_volatility_far": NaN,
  "gof_volatility_weighted": NaN,
  "validation_coverage_90": NaN,
  "fit_attempts": [],
  "fit_strategy": "",
  "fit_scaled": false,
  "fit_recovered": false
}