{
  "experiment_id": "20260325_var_60",
  "trial_id": "20260325_var_60_044",
  "model_class": "VAR",
  "champion_eligible": true,
  "description": "VAR(2) trend=c with mortgage_rate, housing_inventory",
  "gof_composite": -0.08764187703553523,
  "gof_insample": 0.3666193802518021,
  "gof_validation_near": -0.11127676407939169,
  "gof_validation_far": -1.6356184113897934,
  "gof_diagnostic": 0.5,
  "rmse": 40.491928805029445,
  "mae": 24.606023822176173,
  "theil_u": 1.1112767640793917,
  "directional_accuracy": 0.48120300751879697,
  "n_params": 7,
  "status": "ok",
  "diagnostics_passed": [
    "cusum",
    "adf",
    "forecast_plausibility"
  ],
  "diagnostics_failed": [
    "ljung_box",
    "jarque_bera",
    "arch_lm"
  ],
  "error_summary": "",
  "rmse_1yr": 40.491928805029445,
  "rmse_3yr": 302.3138114910511,
  "insample_rmse": 4.226842592498219,
  "naive_insample_rmse": 6.6734637289322345
}