{
  "experiment_id": "20260329_tcn_300",
  "trial_id": "20260329_tcn_300_012",
  "model_class": "TCN",
  "champion_eligible": true,
  "description": "TCN lookback=4 channels=32 num_blocks=3 kernel_size=2 epochs=75 learning_rate=0.01 with mortgage_rate",
  "gof_composite": -0.034682424247028894,
  "gof_insample": 0.4835299631784282,
  "gof_validation_near": -0.2806477778074561,
  "gof_validation_far": -1.0880068041274926,
  "gof_diagnostic": 0.3333333333333333,
  "rmse": 46.66335184849955,
  "mae": 35.79966375732422,
  "theil_u": 1.280647777807456,
  "directional_accuracy": 0.5162907268170426,
  "n_params": 7,
  "status": "ok",
  "diagnostics_passed": [
    "jarque_bera",
    "adf"
  ],
  "diagnostics_failed": [
    "ljung_box",
    "arch_lm",
    "cusum",
    "forecast_plausibility"
  ],
  "error_summary": "",
  "rmse_1yr": 46.66335184849955,
  "rmse_3yr": 239.50101905767687,
  "insample_rmse": 3.446644057809055,
  "naive_insample_rmse": 6.6734637289322345,
  "gof_volatility_near": NaN,
  "gof_volatility_far": NaN,
  "gof_volatility_weighted": NaN,
  "validation_coverage_90": NaN,
  "fit_attempts": [],
  "fit_strategy": "",
  "fit_scaled": false,
  "fit_recovered": false
}