{
  "experiment_id": "20260330_xgboost_full20_300",
  "trial_id": "20260330_xgboost_full20_300_104",
  "model_class": "XGBoost",
  "champion_eligible": true,
  "description": "XGBoost n_estimators=500 learning_rate=0.05 max_depth=3 subsample=0.8 colsample_bytree=0.8 lags=[1, 2, 4, 8] with consumer_confidence",
  "gof_composite": 0.564053899540215,
  "gof_insample": 0.9487992856420324,
  "gof_validation_near": 0.2904506414429081,
  "gof_validation_far": -0.0030458170329943357,
  "gof_diagnostic": 0.8333333333333334,
  "rmse": 25.854065376908643,
  "mae": 20.871052775065102,
  "theil_u": 0.7095493585570919,
  "directional_accuracy": 0.3508771929824561,
  "n_params": 12,
  "status": "ok",
  "diagnostics_passed": [
    "jarque_bera",
    "arch_lm",
    "cusum",
    "adf",
    "forecast_plausibility"
  ],
  "diagnostics_failed": [
    "ljung_box"
  ],
  "error_summary": "",
  "rmse_1yr": 25.854065376908643,
  "rmse_3yr": 115.05254430496286,
  "insample_rmse": 0.3416861101633165,
  "naive_insample_rmse": 6.6734637289322345,
  "gof_volatility_near": NaN,
  "gof_volatility_far": NaN,
  "gof_volatility_weighted": NaN,
  "validation_coverage_90": NaN,
  "fit_attempts": [],
  "fit_strategy": "",
  "fit_scaled": false,
  "fit_recovered": false
}