{
  "experiment_id": "20260329_lstm_gru_300",
  "trial_id": "20260329_lstm_gru_300_067",
  "model_class": "LSTM / GRU",
  "champion_eligible": true,
  "description": "LSTM lookback=4 hidden_size=32 num_layers=1 epochs=75 learning_rate=0.01 with per_capita_income",
  "gof_composite": 0.03683962069018645,
  "gof_insample": -0.24880812770299077,
  "gof_validation_near": 0.2985083756798875,
  "gof_validation_far": 0.10145515744503641,
  "gof_diagnostic": 0.16666666666666666,
  "rmse": 25.560463268415077,
  "mae": 20.05237509155273,
  "theil_u": 0.7014916243201125,
  "directional_accuracy": 0.6040100250626567,
  "n_params": 8,
  "status": "ok",
  "diagnostics_passed": [
    "forecast_plausibility"
  ],
  "diagnostics_failed": [
    "ljung_box",
    "jarque_bera",
    "arch_lm",
    "cusum",
    "adf"
  ],
  "error_summary": "",
  "rmse_1yr": 25.560463268415077,
  "rmse_3yr": 103.06595028116271,
  "insample_rmse": 8.333875744621682,
  "naive_insample_rmse": 6.6734637289322345,
  "gof_volatility_near": NaN,
  "gof_volatility_far": NaN,
  "gof_volatility_weighted": NaN,
  "validation_coverage_90": NaN,
  "fit_attempts": [],
  "fit_strategy": "",
  "fit_scaled": false,
  "fit_recovered": false
}