{
  "experiment_id": "20260331_bvar_full20_300",
  "trial_id": "20260331_bvar_full20_300_026",
  "model_class": "BVAR",
  "champion_eligible": true,
  "description": "BVAR(1) prior=minnesota lambda=0.2 trend=c with personal_consumption",
  "gof_composite": -0.2800883733193935,
  "gof_insample": 0.07998366548099256,
  "gof_validation_near": -0.3992278902496402,
  "gof_validation_far": -1.2601249639405543,
  "gof_diagnostic": 0.16666666666666666,
  "rmse": 50.98409140313157,
  "mae": 36.09840130768589,
  "theil_u": 1.3992278902496402,
  "directional_accuracy": 0.8220551378446115,
  "n_params": 7,
  "status": "ok",
  "diagnostics_passed": [
    "adf"
  ],
  "diagnostics_failed": [
    "ljung_box",
    "jarque_bera",
    "arch_lm",
    "cusum",
    "forecast_plausibility"
  ],
  "error_summary": "",
  "rmse_1yr": 50.98409140313157,
  "rmse_3yr": 259.2435192219835,
  "insample_rmse": 6.139695638437781,
  "naive_insample_rmse": 6.6734637289322345,
  "gof_volatility_near": NaN,
  "gof_volatility_far": NaN,
  "gof_volatility_weighted": NaN,
  "validation_coverage_90": NaN,
  "fit_attempts": [],
  "fit_strategy": "",
  "fit_scaled": false,
  "fit_recovered": false
}