{
  "experiment_id": "20260330_svr_full20_300",
  "trial_id": "20260330_svr_full20_300_052",
  "model_class": "Support Vector Regression",
  "champion_eligible": true,
  "description": "Support Vector Regression kernel=rbf C=50.0 epsilon=0.1 gamma=0.1 lags=[1, 4, 8] with no exogenous variables",
  "gof_composite": -0.0007266002087781311,
  "gof_insample": -0.2615749887390746,
  "gof_validation_near": 0.22597379035114618,
  "gof_validation_far": 0.054306013315226,
  "gof_diagnostic": 0.16666666666666666,
  "rmse": 28.20342797349182,
  "mae": 22.009681616496835,
  "theil_u": 0.7740262096488538,
  "directional_accuracy": 0.5238095238095238,
  "n_params": 5,
  "status": "ok",
  "diagnostics_passed": [
    "forecast_plausibility"
  ],
  "diagnostics_failed": [
    "ljung_box",
    "jarque_bera",
    "arch_lm",
    "cusum",
    "adf"
  ],
  "error_summary": "",
  "rmse_1yr": 28.20342797349182,
  "rmse_3yr": 108.47410701918902,
  "insample_rmse": 8.419074928678306,
  "naive_insample_rmse": 6.6734637289322345,
  "gof_volatility_near": NaN,
  "gof_volatility_far": NaN,
  "gof_volatility_weighted": NaN,
  "validation_coverage_90": NaN,
  "fit_attempts": [],
  "fit_strategy": "",
  "fit_scaled": false,
  "fit_recovered": false
}