{
  "experiment_id": "20260330_xgboost_full20_300",
  "trial_id": "20260330_xgboost_full20_300_053",
  "model_class": "XGBoost",
  "champion_eligible": true,
  "description": "XGBoost n_estimators=500 learning_rate=0.1 max_depth=3 subsample=0.8 colsample_bytree=0.8 lags=[1, 2, 4, 8] with no exogenous variables",
  "gof_composite": 0.5392615736022651,
  "gof_insample": 0.9757346723649118,
  "gof_validation_near": 0.2034828146015666,
  "gof_validation_far": -0.037230758583875145,
  "gof_diagnostic": 0.8333333333333334,
  "rmse": 29.022938484504863,
  "mae": 24.05899547322591,
  "theil_u": 0.7965171853984334,
  "directional_accuracy": 0.20802005012531327,
  "n_params": 11,
  "status": "ok",
  "diagnostics_passed": [
    "jarque_bera",
    "arch_lm",
    "cusum",
    "adf",
    "forecast_plausibility"
  ],
  "diagnostics_failed": [
    "ljung_box"
  ],
  "error_summary": "",
  "rmse_1yr": 29.022938484504863,
  "rmse_3yr": 118.97366578870452,
  "insample_rmse": 0.16193378384341742,
  "naive_insample_rmse": 6.6734637289322345,
  "gof_volatility_near": NaN,
  "gof_volatility_far": NaN,
  "gof_volatility_weighted": NaN,
  "validation_coverage_90": NaN,
  "fit_attempts": [],
  "fit_strategy": "",
  "fit_scaled": false,
  "fit_recovered": false
}