{
  "experiment_id": "20260331_var_full20_300",
  "trial_id": "20260331_var_full20_300_003",
  "model_class": "VAR",
  "champion_eligible": true,
  "description": "VAR(4) trend=c with consumer_confidence",
  "gof_composite": -0.08356118293098384,
  "gof_insample": 0.4434234759183322,
  "gof_validation_near": -0.2487611215870804,
  "gof_validation_far": -1.603538982730035,
  "gof_diagnostic": 0.6666666666666666,
  "rmse": 45.50148807590864,
  "mae": 30.82723517727217,
  "theil_u": 1.2487611215870804,
  "directional_accuracy": 0.39097744360902253,
  "n_params": 18,
  "status": "ok",
  "diagnostics_passed": [
    "ljung_box",
    "cusum",
    "adf",
    "forecast_plausibility"
  ],
  "diagnostics_failed": [
    "jarque_bera",
    "arch_lm"
  ],
  "error_summary": "",
  "rmse_1yr": 45.50148807590864,
  "rmse_3yr": 298.63419903020446,
  "insample_rmse": 3.714293245834188,
  "naive_insample_rmse": 6.6734637289322345,
  "gof_volatility_near": NaN,
  "gof_volatility_far": NaN,
  "gof_volatility_weighted": NaN,
  "validation_coverage_90": NaN,
  "fit_attempts": [],
  "fit_strategy": "",
  "fit_scaled": false,
  "fit_recovered": false
}