{
  "experiment_id": "20260330_tcn_full20_300",
  "trial_id": "20260330_tcn_full20_300_032",
  "model_class": "TCN",
  "champion_eligible": true,
  "description": "TCN lookback=8 channels=32 num_blocks=3 kernel_size=2 epochs=75 learning_rate=0.01 with fed_funds",
  "gof_composite": 0.04420985495319025,
  "gof_insample": 0.37301332106554164,
  "gof_validation_near": -0.20831994916298524,
  "gof_validation_far": -0.43611216399543284,
  "gof_diagnostic": 0.3333333333333333,
  "rmse": 44.02792079949307,
  "mae": 29.871376027425125,
  "theil_u": 1.2083199491629852,
  "directional_accuracy": 0.6115288220551378,
  "n_params": 7,
  "status": "ok",
  "diagnostics_passed": [
    "cusum",
    "adf"
  ],
  "diagnostics_failed": [
    "ljung_box",
    "jarque_bera",
    "arch_lm",
    "forecast_plausibility"
  ],
  "error_summary": "",
  "rmse_1yr": 44.02792079949307,
  "rmse_3yr": 164.72663119589637,
  "insample_rmse": 4.184172860392788,
  "naive_insample_rmse": 6.6734637289322345,
  "gof_volatility_near": NaN,
  "gof_volatility_far": NaN,
  "gof_volatility_weighted": NaN,
  "validation_coverage_90": NaN,
  "fit_attempts": [],
  "fit_strategy": "",
  "fit_scaled": false,
  "fit_recovered": false
}