{
  "experiment_id": "20260329_xgboost_300",
  "trial_id": "20260329_xgboost_300_069",
  "model_class": "XGBoost",
  "champion_eligible": true,
  "description": "XGBoost n_estimators=500 learning_rate=0.05 max_depth=4 subsample=0.8 colsample_bytree=0.8 lags=[1, 2, 4] with mortgage_rate",
  "gof_composite": 0.5374169191117861,
  "gof_insample": 0.969401236361268,
  "gof_validation_near": 0.20581523816679603,
  "gof_validation_far": -0.03808161416288747,
  "gof_diagnostic": 0.8333333333333334,
  "rmse": 28.937951259000616,
  "mae": 23.681734690348303,
  "theil_u": 0.794184761833204,
  "directional_accuracy": 0.21553884711779447,
  "n_params": 11,
  "status": "ok",
  "diagnostics_passed": [
    "jarque_bera",
    "arch_lm",
    "cusum",
    "adf",
    "forecast_plausibility"
  ],
  "diagnostics_failed": [
    "ljung_box"
  ],
  "error_summary": "",
  "rmse_1yr": 28.937951259000616,
  "rmse_3yr": 119.07126162883374,
  "insample_rmse": 0.2041997392932491,
  "naive_insample_rmse": 6.6734637289322345,
  "gof_volatility_near": NaN,
  "gof_volatility_far": NaN,
  "gof_volatility_weighted": NaN,
  "validation_coverage_90": NaN,
  "fit_attempts": [],
  "fit_strategy": "",
  "fit_scaled": false,
  "fit_recovered": false
}