{
  "experiment_id": "20260325_state_space_60",
  "trial_id": "20260325_state_space_60_013",
  "model_class": "State-Space",
  "champion_eligible": true,
  "description": "State-Space(local level, no_cycle) with mortgage_rate, housing_starts, term_spread",
  "gof_composite": -0.4637734901896744,
  "gof_insample": -1.50222733107183,
  "gof_validation_near": 0.30851097996140453,
  "gof_validation_far": 0.003781137874250051,
  "gof_diagnostic": 0.2857142857142857,
  "rmse": 25.195995339701025,
  "mae": 21.001647923781313,
  "theil_u": 0.6914890200385955,
  "directional_accuracy": 0.6190476190476191,
  "n_params": 5,
  "status": "ok",
  "diagnostics_passed": [
    "ljung_box",
    "forecast_plausibility"
  ],
  "diagnostics_failed": [
    "jarque_bera",
    "arch_lm",
    "cusum",
    "adf",
    "economic_sign"
  ],
  "error_summary": "",
  "rmse_1yr": 25.195995339701025,
  "rmse_3yr": 114.26947087143107,
  "insample_rmse": 16.698523335450766,
  "naive_insample_rmse": 6.6734637289322345
}