{
  "experiment_id": "20260331_vecm_full20_300",
  "trial_id": "20260331_vecm_full20_300_009",
  "model_class": "VECM",
  "champion_eligible": true,
  "description": "VECM(k_ar_diff=4) deterministic=ci with fed_funds",
  "gof_composite": 0.013567648308336275,
  "gof_insample": 0.4438339318724773,
  "gof_validation_near": 0.03770567178622919,
  "gof_validation_far": -1.625530508216677,
  "gof_diagnostic": 0.6666666666666666,
  "rmse": 35.06341056253013,
  "mae": 16.066608995269153,
  "theil_u": 0.9622943282137708,
  "directional_accuracy": 0.5037593984962406,
  "n_params": 21,
  "status": "ok",
  "diagnostics_passed": [
    "ljung_box",
    "arch_lm",
    "adf",
    "forecast_plausibility"
  ],
  "diagnostics_failed": [
    "jarque_bera",
    "cusum"
  ],
  "error_summary": "",
  "rmse_1yr": 35.06341056253013,
  "rmse_3yr": 301.15669692354084,
  "insample_rmse": 3.711554082911877,
  "naive_insample_rmse": 6.6734637289322345,
  "gof_volatility_near": NaN,
  "gof_volatility_far": NaN,
  "gof_volatility_weighted": NaN,
  "validation_coverage_90": NaN,
  "fit_attempts": [],
  "fit_strategy": "",
  "fit_scaled": false,
  "fit_recovered": false
}