{
  "experiment_id": "20260330_nbeats_full20_300",
  "trial_id": "20260330_nbeats_full20_300_035",
  "model_class": "N-BEATS",
  "champion_eligible": true,
  "description": "N-BEATS lookback=4 stack_width=64 n_blocks=2 n_layers=2 epochs=75 learning_rate=0.01 with mortgage_rate",
  "gof_composite": -0.20381121520622208,
  "gof_insample": 0.3309904008297485,
  "gof_validation_near": -0.40723293397825766,
  "gof_validation_far": -1.4022834354159865,
  "gof_diagnostic": 0.16666666666666666,
  "rmse": 51.275773611576604,
  "mae": 41.23576678466796,
  "theil_u": 1.4072329339782577,
  "directional_accuracy": 0.45112781954887216,
  "n_params": 7,
  "status": "ok",
  "diagnostics_passed": [
    "adf"
  ],
  "diagnostics_failed": [
    "ljung_box",
    "jarque_bera",
    "arch_lm",
    "cusum",
    "forecast_plausibility"
  ],
  "error_summary": "",
  "rmse_1yr": 51.275773611576604,
  "rmse_3yr": 275.54954787990965,
  "insample_rmse": 4.464611294370166,
  "naive_insample_rmse": 6.6734637289322345,
  "gof_volatility_near": NaN,
  "gof_volatility_far": NaN,
  "gof_volatility_weighted": NaN,
  "validation_coverage_90": NaN,
  "fit_attempts": [],
  "fit_strategy": "",
  "fit_scaled": false,
  "fit_recovered": false
}