{
  "experiment_id": "20260330_xgboost_full20_300",
  "trial_id": "20260330_xgboost_full20_300_060",
  "model_class": "XGBoost",
  "champion_eligible": true,
  "description": "XGBoost n_estimators=200 learning_rate=0.05 max_depth=4 subsample=0.8 colsample_bytree=0.8 lags=[1, 2, 4] with consumer_confidence",
  "gof_composite": 0.5401854078709781,
  "gof_insample": 0.8719567699116882,
  "gof_validation_near": 0.3599279458859217,
  "gof_validation_far": -0.008258318802909503,
  "gof_diagnostic": 0.6666666666666666,
  "rmse": 23.322499743569374,
  "mae": 18.957286224365234,
  "theil_u": 0.6400720541140783,
  "directional_accuracy": 0.3182957393483709,
  "n_params": 11,
  "status": "ok",
  "diagnostics_passed": [
    "arch_lm",
    "cusum",
    "adf",
    "forecast_plausibility"
  ],
  "diagnostics_failed": [
    "ljung_box",
    "jarque_bera"
  ],
  "error_summary": "",
  "rmse_1yr": 23.322499743569374,
  "rmse_3yr": 115.65043483063874,
  "insample_rmse": 0.8544918517296732,
  "naive_insample_rmse": 6.6734637289322345,
  "gof_volatility_near": NaN,
  "gof_volatility_far": NaN,
  "gof_volatility_weighted": NaN,
  "validation_coverage_90": NaN,
  "fit_attempts": [],
  "fit_strategy": "",
  "fit_scaled": false,
  "fit_recovered": false
}