{
  "experiment_id": "20260330_arimax_garch_full20_300",
  "trial_id": "20260330_arimax_garch_full20_300_054",
  "model_class": "ARIMAX-GARCH",
  "champion_eligible": true,
  "description": "ARIMAX-GARCH(1, 1, 0) trend=t GARCH(1,1) dist=normal with per_capita_income, m2_money_supply",
  "gof_composite": -0.5096545449373572,
  "gof_insample": -1.704232454368713,
  "gof_validation_near": 0.19392030601576005,
  "gof_validation_far": 0.01419528952426996,
  "gof_diagnostic": 0.4444444444444444,
  "rmse": 29.371370512753675,
  "mae": 20.84468163253937,
  "theil_u": 0.80607969398424,
  "directional_accuracy": 0.8170426065162907,
  "n_params": 8,
  "status": "ok",
  "diagnostics_passed": [
    "cusum",
    "adf",
    "forecast_plausibility",
    "std_resid_unit_variance"
  ],
  "diagnostics_failed": [
    "ljung_box",
    "jarque_bera",
    "arch_lm",
    "economic_sign",
    "volatility_coverage_90"
  ],
  "error_summary": "",
  "rmse_1yr": 29.371370512753675,
  "rmse_3yr": 113.07493456634312,
  "insample_rmse": 18.046597198831,
  "naive_insample_rmse": 6.6734637289322345,
  "gof_volatility_near": -0.3400033355462313,
  "gof_volatility_far": -0.44304366409285634,
  "gof_volatility_weighted": -0.37091543411021877,
  "validation_coverage_90": 0.295,
  "fit_attempts": [],
  "fit_strategy": "",
  "fit_scaled": false,
  "fit_recovered": false
}