{
  "experiment_id": "20260330_arimax_garch_full20_300",
  "trial_id": "20260330_arimax_garch_full20_300_012",
  "model_class": "ARIMAX-GARCH",
  "champion_eligible": true,
  "description": "ARIMAX-GARCH(1, 1, 0) trend=t GARCH(1,1) dist=normal with consumer_confidence, treasury_10y",
  "gof_composite": -0.5959495403418679,
  "gof_insample": -1.9858022819135495,
  "gof_validation_near": 0.18254882203746992,
  "gof_validation_far": -0.013423101901867796,
  "gof_diagnostic": 0.4444444444444444,
  "rmse": 29.7857167265323,
  "mae": 20.61239108505157,
  "theil_u": 0.8174511779625301,
  "directional_accuracy": 0.8295739348370927,
  "n_params": 8,
  "status": "ok",
  "diagnostics_passed": [
    "cusum",
    "adf",
    "forecast_plausibility",
    "std_resid_unit_variance"
  ],
  "diagnostics_failed": [
    "ljung_box",
    "jarque_bera",
    "arch_lm",
    "economic_sign",
    "volatility_coverage_90"
  ],
  "error_summary": "",
  "rmse_1yr": 29.7857167265323,
  "rmse_3yr": 116.2428518730388,
  "insample_rmse": 19.92564323011317,
  "naive_insample_rmse": 6.6734637289322345,
  "gof_volatility_near": -0.2756486869127517,
  "gof_volatility_far": -0.5427956709559534,
  "gof_volatility_weighted": -0.3557927821257122,
  "validation_coverage_90": 0.3375,
  "fit_attempts": [],
  "fit_strategy": "",
  "fit_scaled": false,
  "fit_recovered": false
}