{
  "experiment_id": "20260330_uecm_full20_300",
  "trial_id": "20260330_uecm_full20_300_028",
  "model_class": "UECM / ECM",
  "champion_eligible": true,
  "description": "UECM(ar_lags=2, distributed_lags=2) trend=ct with treasury_10y",
  "gof_composite": -22.421420700650984,
  "gof_insample": -55.034859558847266,
  "gof_validation_near": -0.37187565139036893,
  "gof_validation_far": -2.0392788513125097,
  "gof_diagnostic": 0.2857142857142857,
  "rmse": 49.987449572448384,
  "mae": 34.82890559598375,
  "theil_u": 1.371875651390369,
  "directional_accuracy": 0.45363408521303256,
  "n_params": 7,
  "status": "ok",
  "diagnostics_passed": [
    "economic_sign",
    "forecast_plausibility"
  ],
  "diagnostics_failed": [
    "ljung_box",
    "jarque_bera",
    "arch_lm",
    "cusum",
    "adf"
  ],
  "error_summary": "",
  "rmse_1yr": 49.987449572448384,
  "rmse_3yr": 348.61494735117054,
  "insample_rmse": 373.9466028217789,
  "naive_insample_rmse": 6.6734637289322345,
  "gof_volatility_near": NaN,
  "gof_volatility_far": NaN,
  "gof_volatility_weighted": NaN,
  "validation_coverage_90": NaN,
  "fit_attempts": [],
  "fit_strategy": "",
  "fit_scaled": false,
  "fit_recovered": false
}