{
  "experiment_id": "20260331_vecm_full20_300",
  "trial_id": "20260331_vecm_full20_300_057",
  "model_class": "VECM",
  "champion_eligible": true,
  "description": "VECM(k_ar_diff=4) deterministic=ci with treasury_10y, new_home_sales",
  "gof_composite": 0.006788620815098748,
  "gof_insample": 0.48601586820776577,
  "gof_validation_near": -0.16122697275005482,
  "gof_validation_far": -1.319033017814367,
  "gof_diagnostic": 0.6666666666666666,
  "rmse": 42.31197972183631,
  "mae": 23.520833245755785,
  "theil_u": 1.1612269727500548,
  "directional_accuracy": 0.606516290726817,
  "n_params": 43,
  "status": "ok",
  "diagnostics_passed": [
    "ljung_box",
    "cusum",
    "adf",
    "forecast_plausibility"
  ],
  "diagnostics_failed": [
    "jarque_bera",
    "arch_lm"
  ],
  "error_summary": "",
  "rmse_1yr": 42.31197972183631,
  "rmse_3yr": 266.00046029401136,
  "insample_rmse": 3.4300544607622006,
  "naive_insample_rmse": 6.6734637289322345,
  "gof_volatility_near": NaN,
  "gof_volatility_far": NaN,
  "gof_volatility_weighted": NaN,
  "validation_coverage_90": NaN,
  "fit_attempts": [],
  "fit_strategy": "",
  "fit_scaled": false,
  "fit_recovered": false
}