{
  "experiment_id": "20260329_tcn_300",
  "trial_id": "20260329_tcn_300_060",
  "model_class": "TCN",
  "champion_eligible": true,
  "description": "TCN lookback=4 channels=32 num_blocks=3 kernel_size=2 epochs=75 learning_rate=0.01 with mortgage_rate, real_gdp",
  "gof_composite": 0.256590918702411,
  "gof_insample": 0.5491204999885337,
  "gof_validation_near": -0.06755974161612244,
  "gof_validation_far": -0.15163136707128633,
  "gof_diagnostic": 0.8333333333333334,
  "rmse": 38.89899838628085,
  "mae": 31.676135325113925,
  "theil_u": 1.0675597416161224,
  "directional_accuracy": 0.518796992481203,
  "n_params": 7,
  "status": "ok",
  "diagnostics_passed": [
    "jarque_bera",
    "arch_lm",
    "cusum",
    "adf",
    "forecast_plausibility"
  ],
  "diagnostics_failed": [
    "ljung_box"
  ],
  "error_summary": "",
  "rmse_1yr": 38.89899838628085,
  "rmse_3yr": 132.09577930835007,
  "insample_rmse": 3.008927989445621,
  "naive_insample_rmse": 6.6734637289322345,
  "gof_volatility_near": NaN,
  "gof_volatility_far": NaN,
  "gof_volatility_weighted": NaN,
  "validation_coverage_90": NaN,
  "fit_attempts": [],
  "fit_strategy": "",
  "fit_scaled": false,
  "fit_recovered": false
}