{
  "experiment_id": "20260325_arimax_60",
  "trial_id": "20260325_arimax_60_025",
  "model_class": "ARIMAX",
  "champion_eligible": true,
  "description": "ARIMAX(1, 1, 1) trend=t with mortgage_rate, building_permits",
  "gof_composite": -0.859436924969017,
  "gof_insample": -1.4664936934847534,
  "gof_validation_near": -0.11784594593233533,
  "gof_validation_far": -1.9249081576110356,
  "gof_diagnostic": 0.5714285714285714,
  "rmse": 40.7312920784234,
  "mae": 24.79054907904718,
  "theil_u": 1.1178459459323353,
  "directional_accuracy": 0.7243107769423559,
  "n_params": 6,
  "status": "ok",
  "diagnostics_passed": [
    "ljung_box",
    "cusum",
    "adf",
    "forecast_plausibility"
  ],
  "diagnostics_failed": [
    "jarque_bera",
    "arch_lm",
    "economic_sign"
  ],
  "error_summary": "",
  "rmse_1yr": 40.7312920784234,
  "rmse_3yr": 335.49626515258325,
  "insample_rmse": 16.460056201110604,
  "naive_insample_rmse": 6.6734637289322345
}