{
  "experiment_id": "20260330_arimax_garch_full20_300",
  "trial_id": "20260330_arimax_garch_full20_300_024",
  "model_class": "ARIMAX-GARCH",
  "champion_eligible": true,
  "description": "ARIMAX-GARCH(1, 1, 0) trend=t GARCH(1,1) dist=normal with treasury_10y, new_home_sales",
  "gof_composite": -0.9675275874089521,
  "gof_insample": -3.2370105172269845,
  "gof_validation_near": 0.1608783759238408,
  "gof_validation_far": -0.04507664738638484,
  "gof_diagnostic": 0.3333333333333333,
  "rmse": 30.575329350110568,
  "mae": 20.814481580003182,
  "theil_u": 0.8391216240761592,
  "directional_accuracy": 0.8345864661654135,
  "n_params": 8,
  "status": "ok",
  "diagnostics_passed": [
    "cusum",
    "economic_sign",
    "forecast_plausibility"
  ],
  "diagnostics_failed": [
    "ljung_box",
    "jarque_bera",
    "arch_lm",
    "adf",
    "volatility_coverage_90",
    "std_resid_unit_variance"
  ],
  "error_summary": "",
  "rmse_1yr": 30.575329350110568,
  "rmse_3yr": 119.87361417962917,
  "insample_rmse": 28.27553600581869,
  "naive_insample_rmse": 6.6734637289322345,
  "gof_volatility_near": -0.20449177536760632,
  "gof_volatility_far": -0.39578178836240774,
  "gof_volatility_weighted": -0.26187877926604675,
  "validation_coverage_90": 0.3575,
  "fit_attempts": [],
  "fit_strategy": "",
  "fit_scaled": false,
  "fit_recovered": false
}