{
  "experiment_id": "20260325_vecm_60",
  "trial_id": "20260325_vecm_60_031",
  "model_class": "VECM",
  "champion_eligible": true,
  "description": "VECM(k_ar_diff=1) deterministic=ci with mortgage_rate, real_gdp",
  "gof_composite": -0.026673736015317993,
  "gof_insample": 0.27013252344330607,
  "gof_validation_near": -0.010473469532223723,
  "gof_validation_far": -1.0959624292646364,
  "gof_diagnostic": 0.3333333333333333,
  "rmse": 36.818928560578435,
  "mae": 23.96077790762526,
  "theil_u": 1.0104734695322237,
  "directional_accuracy": 0.48370927318295737,
  "n_params": 16,
  "status": "ok",
  "diagnostics_passed": [
    "adf",
    "forecast_plausibility"
  ],
  "diagnostics_failed": [
    "ljung_box",
    "jarque_bera",
    "arch_lm",
    "cusum"
  ],
  "error_summary": "",
  "rmse_1yr": 36.818928560578435,
  "rmse_3yr": 240.41355455508057,
  "insample_rmse": 4.870744131728395,
  "naive_insample_rmse": 6.6734637289322345
}