{
  "experiment_id": "20260331_bvar_full20_300",
  "trial_id": "20260331_bvar_full20_300_030",
  "model_class": "BVAR",
  "champion_eligible": true,
  "description": "BVAR(1) prior=minnesota lambda=0.2 trend=c with per_capita_income",
  "gof_composite": -0.2800982758628637,
  "gof_insample": 0.07996349630036237,
  "gof_validation_near": -0.3992331461991472,
  "gof_validation_far": -1.2601249325331585,
  "gof_diagnostic": 0.16666666666666666,
  "rmse": 50.984282915759316,
  "mae": 36.09840911257608,
  "theil_u": 1.3992331461991472,
  "directional_accuracy": 0.8220551378446115,
  "n_params": 7,
  "status": "ok",
  "diagnostics_passed": [
    "adf"
  ],
  "diagnostics_failed": [
    "ljung_box",
    "jarque_bera",
    "arch_lm",
    "cusum",
    "forecast_plausibility"
  ],
  "error_summary": "",
  "rmse_1yr": 50.984282915759316,
  "rmse_3yr": 259.2435156194553,
  "insample_rmse": 6.139830236733159,
  "naive_insample_rmse": 6.6734637289322345,
  "gof_volatility_near": NaN,
  "gof_volatility_far": NaN,
  "gof_volatility_weighted": NaN,
  "validation_coverage_90": NaN,
  "fit_attempts": [],
  "fit_strategy": "",
  "fit_scaled": false,
  "fit_recovered": false
}