{
  "experiment_id": "20260330_arimax_full20_300",
  "trial_id": "20260330_arimax_full20_300_049",
  "model_class": "ARIMAX",
  "champion_eligible": true,
  "description": "ARIMAX(1, 1, 0) trend=t with new_home_sales, m2_money_supply",
  "gof_composite": -1.060714884679395,
  "gof_insample": -2.9444637022201876,
  "gof_validation_near": 0.1782816969587323,
  "gof_validation_far": -0.016472365798223088,
  "gof_diagnostic": 0.5714285714285714,
  "rmse": 29.941199258405028,
  "mae": 20.788127633806003,
  "theil_u": 0.8217183030412677,
  "directional_accuracy": 0.8220551378446115,
  "n_params": 5,
  "status": "ok",
  "diagnostics_passed": [
    "ljung_box",
    "cusum",
    "adf",
    "forecast_plausibility"
  ],
  "diagnostics_failed": [
    "jarque_bera",
    "arch_lm",
    "economic_sign"
  ],
  "error_summary": "",
  "rmse_1yr": 29.941199258405028,
  "rmse_3yr": 116.5926121368029,
  "insample_rmse": 26.32323544685618,
  "naive_insample_rmse": 6.6734637289322345,
  "gof_volatility_near": NaN,
  "gof_volatility_far": NaN,
  "gof_volatility_weighted": NaN,
  "validation_coverage_90": NaN,
  "fit_attempts": [],
  "fit_strategy": "",
  "fit_scaled": false,
  "fit_recovered": false
}