{
  "experiment_id": "20260330_random_forest_full20_300",
  "trial_id": "20260330_random_forest_full20_300_064",
  "model_class": "Random Forest",
  "champion_eligible": true,
  "description": "Random Forest n_estimators=200 max_depth=5 min_samples_leaf=4 lags=[1, 2, 4, 8] with consumer_confidence",
  "gof_composite": 0.12484833038907941,
  "gof_insample": 0.03848836797274979,
  "gof_validation_near": 0.23265556644031327,
  "gof_validation_far": -0.035398655916423216,
  "gof_diagnostic": 0.3333333333333333,
  "rmse": 27.959962069732157,
  "mae": 23.429634355602087,
  "theil_u": 0.7673444335596867,
  "directional_accuracy": 0.3634085213032581,
  "n_params": 8,
  "status": "ok",
  "diagnostics_passed": [
    "cusum",
    "forecast_plausibility"
  ],
  "diagnostics_failed": [
    "ljung_box",
    "jarque_bera",
    "arch_lm",
    "adf"
  ],
  "error_summary": "",
  "rmse_1yr": 27.959962069732157,
  "rmse_3yr": 118.76351778774703,
  "insample_rmse": 6.416613001280291,
  "naive_insample_rmse": 6.6734637289322345,
  "gof_volatility_near": NaN,
  "gof_volatility_far": NaN,
  "gof_volatility_weighted": NaN,
  "validation_coverage_90": NaN,
  "fit_attempts": [],
  "fit_strategy": "",
  "fit_scaled": false,
  "fit_recovered": false
}