{
  "experiment_id": "20260330_xgboost_full20_300",
  "trial_id": "20260330_xgboost_full20_300_009",
  "model_class": "XGBoost",
  "champion_eligible": true,
  "description": "XGBoost n_estimators=200 learning_rate=0.1 max_depth=4 subsample=0.8 colsample_bytree=0.8 lags=[1, 2, 4] with no exogenous variables",
  "gof_composite": 0.5154938574755135,
  "gof_insample": 0.9427183993605126,
  "gof_validation_near": 0.2214691747169778,
  "gof_validation_far": -0.03849586724200327,
  "gof_diagnostic": 0.6666666666666666,
  "rmse": 28.367564020828212,
  "mae": 23.69220011393229,
  "theil_u": 0.7785308252830222,
  "directional_accuracy": 0.23057644110275688,
  "n_params": 10,
  "status": "ok",
  "diagnostics_passed": [
    "jarque_bera",
    "arch_lm",
    "cusum",
    "adf"
  ],
  "diagnostics_failed": [
    "ljung_box",
    "forecast_plausibility"
  ],
  "error_summary": "",
  "rmse_1yr": 28.367564020828212,
  "rmse_3yr": 119.11877777408762,
  "insample_rmse": 0.38226668420280047,
  "naive_insample_rmse": 6.6734637289322345,
  "gof_volatility_near": NaN,
  "gof_volatility_far": NaN,
  "gof_volatility_weighted": NaN,
  "validation_coverage_90": NaN,
  "fit_attempts": [],
  "fit_strategy": "",
  "fit_scaled": false,
  "fit_recovered": false
}