{
  "experiment_id": "20260330_lightgbm_full20_300",
  "trial_id": "20260330_lightgbm_full20_300_005",
  "model_class": "LightGBM",
  "champion_eligible": true,
  "description": "LightGBM n_estimators=200 learning_rate=0.05 max_depth=3 num_leaves=15 lags=[1, 2, 4] with no exogenous variables",
  "gof_composite": -0.09966234266291535,
  "gof_insample": -0.45875173956684834,
  "gof_validation_near": 0.15460624131949385,
  "gof_validation_far": -0.024047764208881217,
  "gof_diagnostic": 0.3333333333333333,
  "rmse": 30.803869022732243,
  "mae": 26.45554252562909,
  "theil_u": 0.8453937586805061,
  "directional_accuracy": 0.10025062656641603,
  "n_params": 11,
  "status": "ok",
  "diagnostics_passed": [
    "cusum",
    "adf"
  ],
  "diagnostics_failed": [
    "ljung_box",
    "jarque_bera",
    "arch_lm",
    "forecast_plausibility"
  ],
  "error_summary": "",
  "rmse_1yr": 30.803869022732243,
  "rmse_3yr": 117.46153441978304,
  "insample_rmse": 9.734926823516163,
  "naive_insample_rmse": 6.6734637289322345,
  "gof_volatility_near": NaN,
  "gof_volatility_far": NaN,
  "gof_volatility_weighted": NaN,
  "validation_coverage_90": NaN,
  "fit_attempts": [],
  "fit_strategy": "",
  "fit_scaled": false,
  "fit_recovered": false
}