{
  "experiment_id": "20260325_arimax_garch_60_volaware",
  "trial_id": "20260325_arimax_garch_60_volaware_051",
  "model_class": "ARIMAX-GARCH",
  "champion_eligible": true,
  "description": "ARIMAX-GARCH(1, 1, 1) trend=t GARCH(1,2) dist=normal with mortgage_rate, housing_starts",
  "gof_composite": -0.7574415004191365,
  "gof_insample": -1.452771823587935,
  "gof_validation_near": -0.15103573621983046,
  "gof_validation_far": -1.924905087234983,
  "gof_diagnostic": 0.4444444444444444,
  "rmse": 41.940638542612675,
  "mae": 27.164431683854705,
  "theil_u": 1.1510357362198305,
  "directional_accuracy": 0.7343358395989975,
  "n_params": 10,
  "status": "ok",
  "diagnostics_passed": [
    "arch_lm",
    "cusum",
    "forecast_plausibility",
    "std_resid_unit_variance"
  ],
  "diagnostics_failed": [
    "ljung_box",
    "jarque_bera",
    "adf",
    "economic_sign",
    "volatility_coverage_90"
  ],
  "error_summary": "",
  "rmse_1yr": 41.940638542612675,
  "rmse_3yr": 335.49591297068804,
  "insample_rmse": 16.368483800061057,
  "naive_insample_rmse": 6.6734637289322345,
  "gof_volatility_near": -0.5677322392825765,
  "gof_volatility_far": -0.4860241751239145,
  "gof_volatility_weighted": -0.5432198200349779,
  "validation_coverage_90": 0.1775,
  "fit_attempts": [],
  "fit_strategy": "",
  "fit_scaled": false,
  "fit_recovered": false
}