{
  "experiment_id": "20260330_lstm_gru_full20_300",
  "trial_id": "20260330_lstm_gru_full20_300_009",
  "model_class": "LSTM / GRU",
  "champion_eligible": true,
  "description": "GRU lookback=4 hidden_size=16 num_layers=1 epochs=75 learning_rate=0.01 with no exogenous variables",
  "gof_composite": -0.022598942108419236,
  "gof_insample": -0.3190685733886782,
  "gof_validation_near": 0.17308040588323703,
  "gof_validation_far": 0.07411341236390523,
  "gof_diagnostic": 0.3333333333333333,
  "rmse": 30.130720280288056,
  "mae": 24.947952209472653,
  "theil_u": 0.826919594116763,
  "directional_accuracy": 0.7593984962406015,
  "n_params": 8,
  "status": "ok",
  "diagnostics_passed": [
    "jarque_bera",
    "forecast_plausibility"
  ],
  "diagnostics_failed": [
    "ljung_box",
    "arch_lm",
    "cusum",
    "adf"
  ],
  "error_summary": "",
  "rmse_1yr": 30.130720280288056,
  "rmse_3yr": 106.20213537251469,
  "insample_rmse": 8.802756280483731,
  "naive_insample_rmse": 6.6734637289322345,
  "gof_volatility_near": NaN,
  "gof_volatility_far": NaN,
  "gof_volatility_weighted": NaN,
  "validation_coverage_90": NaN,
  "fit_attempts": [],
  "fit_strategy": "",
  "fit_scaled": false,
  "fit_recovered": false
}