{
  "experiment_id": "20260330_arimax_garch_full20_300",
  "trial_id": "20260330_arimax_garch_full20_300_082",
  "model_class": "ARIMAX-GARCH",
  "champion_eligible": true,
  "description": "ARIMAX-GARCH(1, 1, 1) trend=t GARCH(1,1) dist=normal with housing_inventory",
  "gof_composite": -0.5249129730682083,
  "gof_insample": -1.4386279914705709,
  "gof_validation_near": 0.09190556003522865,
  "gof_validation_far": -0.28083930499302334,
  "gof_diagnostic": 0.4444444444444444,
  "rmse": 33.088512780844624,
  "mae": 19.743574889106238,
  "theil_u": 0.9080944399647713,
  "directional_accuracy": 0.8120300751879699,
  "n_params": 8,
  "status": "ok",
  "diagnostics_passed": [
    "arch_lm",
    "cusum",
    "forecast_plausibility",
    "std_resid_unit_variance"
  ],
  "diagnostics_failed": [
    "ljung_box",
    "jarque_bera",
    "adf",
    "economic_sign",
    "volatility_coverage_90"
  ],
  "error_summary": "",
  "rmse_1yr": 33.088512780844624,
  "rmse_3yr": 146.91634059264538,
  "insample_rmse": 16.27409544943772,
  "naive_insample_rmse": 6.6734637289322345,
  "gof_volatility_near": -0.5301746502276499,
  "gof_volatility_far": -0.5317455438819676,
  "gof_volatility_weighted": -0.5306459183239451,
  "validation_coverage_90": 0.275,
  "fit_attempts": [],
  "fit_strategy": "",
  "fit_scaled": false,
  "fit_recovered": false
}