{
  "experiment_id": "20260331_vecm_full20_300",
  "trial_id": "20260331_vecm_full20_300_085",
  "model_class": "VECM",
  "champion_eligible": true,
  "description": "VECM(k_ar_diff=1) deterministic=ci with mortgage_rate, personal_consumption",
  "gof_composite": -0.027526879303349454,
  "gof_insample": 0.26467669503739,
  "gof_validation_near": 0.008609906462409778,
  "gof_validation_far": -1.1316290527565482,
  "gof_diagnostic": 0.3333333333333333,
  "rmse": 36.123581796287496,
  "mae": 22.407545147438586,
  "theil_u": 0.9913900935375902,
  "directional_accuracy": 0.48370927318295737,
  "n_params": 16,
  "status": "ok",
  "diagnostics_passed": [
    "adf",
    "forecast_plausibility"
  ],
  "diagnostics_failed": [
    "ljung_box",
    "jarque_bera",
    "arch_lm",
    "cusum"
  ],
  "error_summary": "",
  "rmse_1yr": 36.123581796287496,
  "rmse_3yr": 244.50462966832902,
  "insample_rmse": 4.907153404706554,
  "naive_insample_rmse": 6.6734637289322345,
  "gof_volatility_near": NaN,
  "gof_volatility_far": NaN,
  "gof_volatility_weighted": NaN,
  "validation_coverage_90": NaN,
  "fit_attempts": [],
  "fit_strategy": "",
  "fit_scaled": false,
  "fit_recovered": false
}