{
  "experiment_id": "20260330_ardl_300",
  "trial_id": "20260330_ardl_300_036",
  "model_class": "ARDL",
  "champion_eligible": true,
  "description": "ARDL(ar_lags=4, distributed_lags=4) trend=ct with mortgage_rate",
  "gof_composite": -0.045738408581587134,
  "gof_insample": 0.45840629462890004,
  "gof_validation_near": -0.14779691333943967,
  "gof_validation_far": -1.6586705212860982,
  "gof_diagnostic": 0.7142857142857143,
  "rmse": 41.822624570104644,
  "mae": 25.07771165794369,
  "theil_u": 1.1477969133394397,
  "directional_accuracy": 0.506265664160401,
  "n_params": 11,
  "status": "ok",
  "diagnostics_passed": [
    "ljung_box",
    "cusum",
    "adf",
    "economic_sign",
    "forecast_plausibility"
  ],
  "diagnostics_failed": [
    "jarque_bera",
    "arch_lm"
  ],
  "error_summary": "",
  "rmse_1yr": 41.822624570104644,
  "rmse_3yr": 304.95796178820575,
  "insample_rmse": 3.6143059486120466,
  "naive_insample_rmse": 6.6734637289322345,
  "gof_volatility_near": NaN,
  "gof_volatility_far": NaN,
  "gof_volatility_weighted": NaN,
  "validation_coverage_90": NaN,
  "fit_attempts": [],
  "fit_strategy": "",
  "fit_scaled": false,
  "fit_recovered": false
}