{
  "experiment_id": "20260331_bvar_full20_300",
  "trial_id": "20260331_bvar_full20_300_002",
  "model_class": "BVAR",
  "champion_eligible": true,
  "description": "BVAR(1) prior=minnesota lambda=0.2 trend=c with consumer_confidence",
  "gof_composite": -1.9941299982882341,
  "gof_insample": 0.144337504669665,
  "gof_validation_near": -3.71171287981229,
  "gof_validation_far": -5.240658837034214,
  "gof_diagnostic": 0.3333333333333333,
  "rmse": 171.68211254480022,
  "mae": 126.01890654035968,
  "theil_u": 4.71171287981229,
  "directional_accuracy": 0.18546365914786966,
  "n_params": 7,
  "status": "ok",
  "diagnostics_passed": [
    "cusum",
    "adf"
  ],
  "diagnostics_failed": [
    "ljung_box",
    "jarque_bera",
    "arch_lm",
    "forecast_plausibility"
  ],
  "error_summary": "",
  "rmse_1yr": 171.68211254480022,
  "rmse_3yr": 715.8234102046196,
  "insample_rmse": 5.710232626794638,
  "naive_insample_rmse": 6.6734637289322345,
  "gof_volatility_near": NaN,
  "gof_volatility_far": NaN,
  "gof_volatility_weighted": NaN,
  "validation_coverage_90": NaN,
  "fit_attempts": [],
  "fit_strategy": "",
  "fit_scaled": false,
  "fit_recovered": false
}