{
  "experiment_id": "20260325_var_refine2_20",
  "trial_id": "20260325_var_refine2_20_018",
  "model_class": "VAR",
  "champion_eligible": true,
  "description": "VAR(6) trend=ctt with mortgage_rate, real_gdp",
  "gof_composite": -0.4064468528635151,
  "gof_insample": 0.5284092905767914,
  "gof_validation_near": -1.1955309516016537,
  "gof_validation_far": -1.7736093513354643,
  "gof_diagnostic": 0.6666666666666666,
  "rmse": 79.999227784755,
  "mae": 50.89511525362343,
  "theil_u": 2.1955309516016537,
  "directional_accuracy": 0.3383458646616541,
  "n_params": 63,
  "status": "ok",
  "diagnostics_passed": [
    "ljung_box",
    "cusum",
    "adf",
    "forecast_plausibility"
  ],
  "diagnostics_failed": [
    "jarque_bera",
    "arch_lm"
  ],
  "error_summary": "",
  "rmse_1yr": 79.999227784755,
  "rmse_3yr": 318.14181103223314,
  "insample_rmse": 3.147143494237203,
  "naive_insample_rmse": 6.6734637289322345,
  "gof_volatility_near": NaN,
  "gof_volatility_far": NaN,
  "gof_volatility_weighted": NaN,
  "validation_coverage_90": NaN,
  "fit_attempts": [],
  "fit_strategy": "",
  "fit_scaled": false,
  "fit_recovered": false
}