{
  "experiment_id": "20260331_var_full20_300",
  "trial_id": "20260331_var_full20_300_009",
  "model_class": "VAR",
  "champion_eligible": true,
  "description": "VAR(4) trend=c with fed_funds",
  "gof_composite": 0.134629286407228,
  "gof_insample": 0.4500356756963876,
  "gof_validation_near": 0.10916195551101393,
  "gof_validation_far": -1.1128333442234353,
  "gof_diagnostic": 0.8333333333333334,
  "rmse": 32.459736260338694,
  "mae": 16.64719199378197,
  "theil_u": 0.8908380444889861,
  "directional_accuracy": 0.5964912280701754,
  "n_params": 18,
  "status": "ok",
  "diagnostics_passed": [
    "ljung_box",
    "arch_lm",
    "cusum",
    "adf",
    "forecast_plausibility"
  ],
  "diagnostics_failed": [
    "jarque_bera"
  ],
  "error_summary": "",
  "rmse_1yr": 32.459736260338694,
  "rmse_3yr": 242.3487021403664,
  "insample_rmse": 3.670166970446882,
  "naive_insample_rmse": 6.6734637289322345,
  "gof_volatility_near": NaN,
  "gof_volatility_far": NaN,
  "gof_volatility_weighted": NaN,
  "validation_coverage_90": NaN,
  "fit_attempts": [],
  "fit_strategy": "",
  "fit_scaled": false,
  "fit_recovered": false
}