{
  "experiment_id": "20260329_lstm_gru_300",
  "trial_id": "20260329_lstm_gru_300_056",
  "model_class": "LSTM / GRU",
  "champion_eligible": true,
  "description": "LSTM lookback=8 hidden_size=32 num_layers=2 epochs=75 learning_rate=0.01 with mortgage_rate, unemployment_rate",
  "gof_composite": 0.3152616791036146,
  "gof_insample": 0.008269368124859788,
  "gof_validation_near": 0.6206415464331027,
  "gof_validation_far": 0.18708482623612044,
  "gof_diagnostic": 0.6666666666666666,
  "rmse": 13.822799135139176,
  "mae": 10.420007802327472,
  "theil_u": 0.37935845356689735,
  "directional_accuracy": 0.7869674185463659,
  "n_params": 8,
  "status": "ok",
  "diagnostics_passed": [
    "jarque_bera",
    "cusum",
    "adf",
    "forecast_plausibility"
  ],
  "diagnostics_failed": [
    "ljung_box",
    "arch_lm"
  ],
  "error_summary": "",
  "rmse_1yr": 13.822799135139176,
  "rmse_3yr": 93.24395501922402,
  "insample_rmse": 6.618278400689794,
  "naive_insample_rmse": 6.6734637289322345,
  "gof_volatility_near": NaN,
  "gof_volatility_far": NaN,
  "gof_volatility_weighted": NaN,
  "validation_coverage_90": NaN,
  "fit_attempts": [],
  "fit_strategy": "",
  "fit_scaled": false,
  "fit_recovered": false
}