{
  "experiment_id": "20260325_state_space_60",
  "trial_id": "20260325_state_space_60_032",
  "model_class": "State-Space",
  "champion_eligible": true,
  "description": "State-Space(local level, cycle) with mortgage_rate",
  "gof_composite": -0.5305857512581669,
  "gof_insample": -1.4102928533588748,
  "gof_validation_near": 0.11328678002076975,
  "gof_validation_far": -0.3265075051935271,
  "gof_diagnostic": 0.42857142857142855,
  "rmse": 32.30943877749639,
  "mae": 25.14937892028728,
  "theil_u": 0.8867132199792302,
  "directional_accuracy": 0.531328320802005,
  "n_params": 5,
  "status": "ok",
  "diagnostics_passed": [
    "ljung_box",
    "adf",
    "forecast_plausibility"
  ],
  "diagnostics_failed": [
    "jarque_bera",
    "arch_lm",
    "cusum",
    "economic_sign"
  ],
  "error_summary": "",
  "rmse_1yr": 32.30943877749639,
  "rmse_3yr": 152.15462835345613,
  "insample_rmse": 16.08500193299503,
  "naive_insample_rmse": 6.6734637289322345
}