{
  "experiment_id": "20260330_arimax_garch_full20_300",
  "trial_id": "20260330_arimax_garch_full20_300_055",
  "model_class": "ARIMAX-GARCH",
  "champion_eligible": true,
  "description": "ARIMAX-GARCH(1, 1, 0) trend=t GARCH(1,1) dist=normal with per_capita_income, population",
  "gof_composite": -0.4497369175195244,
  "gof_insample": -1.5173751263578743,
  "gof_validation_near": 0.18637788860989457,
  "gof_validation_far": 0.007574497836054239,
  "gof_diagnostic": 0.5555555555555556,
  "rmse": 29.646195865436294,
  "mae": 20.98402769236577,
  "theil_u": 0.8136221113901054,
  "directional_accuracy": 0.8295739348370927,
  "n_params": 8,
  "status": "ok",
  "diagnostics_passed": [
    "arch_lm",
    "cusum",
    "adf",
    "forecast_plausibility",
    "std_resid_unit_variance"
  ],
  "diagnostics_failed": [
    "ljung_box",
    "jarque_bera",
    "economic_sign",
    "volatility_coverage_90"
  ],
  "error_summary": "",
  "rmse_1yr": 29.646195865436294,
  "rmse_3yr": 113.83436042317545,
  "insample_rmse": 16.799611597865475,
  "naive_insample_rmse": 6.6734637289322345,
  "gof_volatility_near": -0.3624780836675974,
  "gof_volatility_far": -0.4533092328262298,
  "gof_volatility_weighted": -0.38972742841518704,
  "validation_coverage_90": 0.2975,
  "fit_attempts": [],
  "fit_strategy": "",
  "fit_scaled": false,
  "fit_recovered": false
}