{
  "experiment_id": "20260330_arimax_garch_full20_300",
  "trial_id": "20260330_arimax_garch_full20_300_063",
  "model_class": "ARIMAX-GARCH",
  "champion_eligible": true,
  "description": "ARIMAX-GARCH(1, 1, 0) trend=t GARCH(1,1) dist=normal with consumer_confidence, fed_funds, new_home_sales",
  "gof_composite": -0.8919045953401507,
  "gof_insample": -2.956226602838307,
  "gof_validation_near": 0.19554140441902856,
  "gof_validation_far": -0.013957772594223261,
  "gof_diagnostic": 0.2222222222222222,
  "rmse": 29.312302058114046,
  "mae": 19.446423752723174,
  "theil_u": 0.8044585955809714,
  "directional_accuracy": 0.8320802005012531,
  "n_params": 9,
  "status": "ok",
  "diagnostics_passed": [
    "cusum",
    "forecast_plausibility"
  ],
  "diagnostics_failed": [
    "ljung_box",
    "jarque_bera",
    "arch_lm",
    "adf",
    "economic_sign",
    "volatility_coverage_90",
    "std_resid_unit_variance"
  ],
  "error_summary": "",
  "rmse_1yr": 29.312302058114046,
  "rmse_3yr": 116.3041803013879,
  "insample_rmse": 26.401734737478233,
  "naive_insample_rmse": 6.6734637289322345,
  "gof_volatility_near": -0.2486159838105404,
  "gof_volatility_far": -0.4165415118582825,
  "gof_volatility_weighted": -0.298993642224863,
  "validation_coverage_90": 0.3325,
  "fit_attempts": [],
  "fit_strategy": "",
  "fit_scaled": false,
  "fit_recovered": false
}