{
  "experiment_id": "20260325_vecm_60",
  "trial_id": "20260325_vecm_60_011",
  "model_class": "VECM",
  "champion_eligible": true,
  "description": "VECM(k_ar_diff=2) deterministic=ci with real_gdp",
  "gof_composite": 0.009792073370150901,
  "gof_insample": 0.3079415266018344,
  "gof_validation_near": 0.0238206361938742,
  "gof_validation_far": -1.0337006218118145,
  "gof_diagnostic": 0.3333333333333333,
  "rmse": 35.56934381951378,
  "mae": 22.38835697016134,
  "theil_u": 0.9761793638061258,
  "directional_accuracy": 0.5839598997493735,
  "n_params": 13,
  "status": "ok",
  "diagnostics_passed": [
    "adf",
    "forecast_plausibility"
  ],
  "diagnostics_failed": [
    "ljung_box",
    "jarque_bera",
    "arch_lm",
    "cusum"
  ],
  "error_summary": "",
  "rmse_1yr": 35.56934381951378,
  "rmse_3yr": 233.2719272845915,
  "insample_rmse": 4.618427120522872,
  "naive_insample_rmse": 6.6734637289322345
}