{
  "experiment_id": "20260325_state_space_60",
  "trial_id": "20260325_state_space_60_035",
  "model_class": "State-Space",
  "champion_eligible": true,
  "description": "State-Space(local level, cycle) with mortgage_rate, real_gdp",
  "gof_composite": -0.6371974129848503,
  "gof_insample": -1.4102261317135967,
  "gof_validation_near": -0.11248252225066935,
  "gof_validation_far": -0.510634802458801,
  "gof_diagnostic": 0.42857142857142855,
  "rmse": 40.53586338155045,
  "mae": 29.997377858693365,
  "theil_u": 1.1124825222506693,
  "directional_accuracy": 0.531328320802005,
  "n_params": 6,
  "status": "ok",
  "diagnostics_passed": [
    "ljung_box",
    "adf",
    "forecast_plausibility"
  ],
  "diagnostics_failed": [
    "jarque_bera",
    "arch_lm",
    "cusum",
    "economic_sign"
  ],
  "error_summary": "",
  "rmse_1yr": 40.53586338155045,
  "rmse_3yr": 173.2746147654718,
  "insample_rmse": 16.084556668515333,
  "naive_insample_rmse": 6.6734637289322345
}