{
  "experiment_id": "20260330_arimax_garch_full20_300",
  "trial_id": "20260330_arimax_garch_full20_300_004",
  "model_class": "ARIMAX-GARCH",
  "champion_eligible": true,
  "description": "ARIMAX-GARCH(1, 1, 0) trend=t GARCH(1,1) dist=normal with fed_funds",
  "gof_composite": -0.5113564765144241,
  "gof_insample": -1.7573417244268823,
  "gof_validation_near": 0.20990337250574853,
  "gof_validation_far": -0.000997531267843188,
  "gof_diagnostic": 0.5555555555555556,
  "rmse": 28.788990667049973,
  "mae": 19.737188934600276,
  "theil_u": 0.7900966274942515,
  "directional_accuracy": 0.8345864661654135,
  "n_params": 7,
  "status": "ok",
  "diagnostics_passed": [
    "cusum",
    "adf",
    "economic_sign",
    "forecast_plausibility",
    "std_resid_unit_variance"
  ],
  "diagnostics_failed": [
    "ljung_box",
    "jarque_bera",
    "arch_lm",
    "volatility_coverage_90"
  ],
  "error_summary": "",
  "rmse_1yr": 28.788990667049973,
  "rmse_3yr": 114.81759941536512,
  "insample_rmse": 18.40101998623426,
  "naive_insample_rmse": 6.6734637289322345,
  "gof_volatility_near": -0.3345669890880527,
  "gof_volatility_far": -0.4471517553487807,
  "gof_volatility_weighted": -0.36834241896627107,
  "validation_coverage_90": 0.31,
  "fit_attempts": [],
  "fit_strategy": "",
  "fit_scaled": false,
  "fit_recovered": false
}