{
  "experiment_id": "20260330_nbeats_full20_300",
  "trial_id": "20260330_nbeats_full20_300_037",
  "model_class": "N-BEATS",
  "champion_eligible": true,
  "description": "N-BEATS lookback=8 stack_width=32 n_blocks=2 n_layers=2 epochs=75 learning_rate=0.01 with mortgage_rate",
  "gof_composite": -0.0019028195002691664,
  "gof_insample": 0.4464791274089409,
  "gof_validation_near": -0.3183395733508003,
  "gof_validation_far": -0.6827263541626585,
  "gof_diagnostic": 0.3333333333333333,
  "rmse": 48.036739244877964,
  "mae": 38.66621583048502,
  "theil_u": 1.3183395733508003,
  "directional_accuracy": 0.49624060150375937,
  "n_params": 7,
  "status": "ok",
  "diagnostics_passed": [
    "cusum",
    "adf"
  ],
  "diagnostics_failed": [
    "ljung_box",
    "jarque_bera",
    "arch_lm",
    "forecast_plausibility"
  ],
  "error_summary": "",
  "rmse_1yr": 48.036739244877964,
  "rmse_3yr": 193.01406289505468,
  "insample_rmse": 3.693901466443353,
  "naive_insample_rmse": 6.6734637289322345,
  "gof_volatility_near": NaN,
  "gof_volatility_far": NaN,
  "gof_volatility_weighted": NaN,
  "validation_coverage_90": NaN,
  "fit_attempts": [],
  "fit_strategy": "",
  "fit_scaled": false,
  "fit_recovered": false
}