{
  "experiment_id": "20260330_arimax_full20_300",
  "trial_id": "20260330_arimax_full20_300_013",
  "model_class": "ARIMAX",
  "champion_eligible": true,
  "description": "ARIMAX(1, 1, 0) trend=t with consumer_confidence, fed_funds",
  "gof_composite": -0.5978790328299391,
  "gof_insample": -1.8288219802631858,
  "gof_validation_near": 0.2102776981353408,
  "gof_validation_far": 0.019398051900724855,
  "gof_diagnostic": 0.5714285714285714,
  "rmse": 28.77535125044982,
  "mae": 19.762283517239286,
  "theil_u": 0.7897223018646592,
  "directional_accuracy": 0.8471177944862155,
  "n_params": 5,
  "status": "ok",
  "diagnostics_passed": [
    "ljung_box",
    "cusum",
    "adf",
    "forecast_plausibility"
  ],
  "diagnostics_failed": [
    "jarque_bera",
    "arch_lm",
    "economic_sign"
  ],
  "error_summary": "",
  "rmse_1yr": 28.77535125044982,
  "rmse_3yr": 112.47816118006263,
  "insample_rmse": 18.878040880892627,
  "naive_insample_rmse": 6.6734637289322345,
  "gof_volatility_near": NaN,
  "gof_volatility_far": NaN,
  "gof_volatility_weighted": NaN,
  "validation_coverage_90": NaN,
  "fit_attempts": [],
  "fit_strategy": "",
  "fit_scaled": false,
  "fit_recovered": false
}