{
  "experiment_id": "20260329_tcn_300",
  "trial_id": "20260329_tcn_300_010",
  "model_class": "TCN",
  "champion_eligible": true,
  "description": "TCN lookback=4 channels=16 num_blocks=3 kernel_size=2 epochs=75 learning_rate=0.01 with mortgage_rate",
  "gof_composite": -0.1466059830075123,
  "gof_insample": 0.21353288382603675,
  "gof_validation_near": -0.13105201933459187,
  "gof_validation_far": -1.4632284206943544,
  "gof_diagnostic": 0.3333333333333333,
  "rmse": 41.212485783972674,
  "mae": 32.94434392293294,
  "theil_u": 1.1310520193345919,
  "directional_accuracy": 0.44862155388471175,
  "n_params": 7,
  "status": "ok",
  "diagnostics_passed": [
    "jarque_bera",
    "adf"
  ],
  "diagnostics_failed": [
    "ljung_box",
    "arch_lm",
    "cusum",
    "forecast_plausibility"
  ],
  "error_summary": "",
  "rmse_1yr": 41.212485783972674,
  "rmse_3yr": 282.5401314602747,
  "insample_rmse": 5.2484597737848775,
  "naive_insample_rmse": 6.6734637289322345,
  "gof_volatility_near": NaN,
  "gof_volatility_far": NaN,
  "gof_volatility_weighted": NaN,
  "validation_coverage_90": NaN,
  "fit_attempts": [],
  "fit_strategy": "",
  "fit_scaled": false,
  "fit_recovered": false
}