{
  "experiment_id": "20260330_nbeats_full20_300",
  "trial_id": "20260330_nbeats_full20_300_034",
  "model_class": "N-BEATS",
  "champion_eligible": true,
  "description": "N-BEATS lookback=4 stack_width=32 n_blocks=3 n_layers=2 epochs=75 learning_rate=0.01 with mortgage_rate",
  "gof_composite": -0.21765468948342798,
  "gof_insample": 0.31141600175796946,
  "gof_validation_near": -0.40574451649025245,
  "gof_validation_far": -1.7791811738779608,
  "gof_diagnostic": 0.6666666666666666,
  "rmse": 51.22153969172461,
  "mae": 38.27678274027506,
  "theil_u": 1.4057445164902524,
  "directional_accuracy": 0.5238095238095238,
  "n_params": 7,
  "status": "ok",
  "diagnostics_passed": [
    "jarque_bera",
    "cusum",
    "adf",
    "forecast_plausibility"
  ],
  "diagnostics_failed": [
    "ljung_box",
    "arch_lm"
  ],
  "error_summary": "",
  "rmse_1yr": 51.22153969172461,
  "rmse_3yr": 318.78091679295125,
  "insample_rmse": 4.595240336591329,
  "naive_insample_rmse": 6.6734637289322345,
  "gof_volatility_near": NaN,
  "gof_volatility_far": NaN,
  "gof_volatility_weighted": NaN,
  "validation_coverage_90": NaN,
  "fit_attempts": [],
  "fit_strategy": "",
  "fit_scaled": false,
  "fit_recovered": false
}