{
  "experiment_id": "20260325_arimax_60",
  "trial_id": "20260325_arimax_60_044",
  "model_class": "ARIMAX",
  "champion_eligible": true,
  "description": "ARIMAX(2, 1, 0) trend=t with mortgage_rate, term_spread",
  "gof_composite": -0.6155636707090555,
  "gof_insample": -1.7735877150585573,
  "gof_validation_near": 0.15240915660536136,
  "gof_validation_far": -0.1107643109357741,
  "gof_diagnostic": 0.5714285714285714,
  "rmse": 30.88392486543401,
  "mae": 20.88928730366111,
  "theil_u": 0.8475908433946386,
  "directional_accuracy": 0.7644110275689223,
  "n_params": 6,
  "status": "ok",
  "diagnostics_passed": [
    "ljung_box",
    "cusum",
    "adf",
    "forecast_plausibility"
  ],
  "diagnostics_failed": [
    "jarque_bera",
    "arch_lm",
    "economic_sign"
  ],
  "error_summary": "",
  "rmse_1yr": 30.88392486543401,
  "rmse_3yr": 127.40819803658673,
  "insample_rmse": 18.509437015455315,
  "naive_insample_rmse": 6.6734637289322345
}