{
  "experiment_id": "20260330_xgboost_full20_300",
  "trial_id": "20260330_xgboost_full20_300_090",
  "model_class": "XGBoost",
  "champion_eligible": true,
  "description": "XGBoost n_estimators=500 learning_rate=0.1 max_depth=4 subsample=0.8 colsample_bytree=0.8 lags=[1, 4, 8] with consumer_confidence",
  "gof_composite": 0.5668716952523837,
  "gof_insample": 0.9961641334235268,
  "gof_validation_near": 0.2494276054276099,
  "gof_validation_far": -0.014846355666825684,
  "gof_diagnostic": 0.8333333333333334,
  "rmse": 27.348834193634254,
  "mae": 22.273944875081376,
  "theil_u": 0.7505723945723901,
  "directional_accuracy": 0.3433583959899749,
  "n_params": 11,
  "status": "ok",
  "diagnostics_passed": [
    "jarque_bera",
    "arch_lm",
    "cusum",
    "adf",
    "forecast_plausibility"
  ],
  "diagnostics_failed": [
    "ljung_box"
  ],
  "error_summary": "",
  "rmse_1yr": 27.348834193634254,
  "rmse_3yr": 116.406103604983,
  "insample_rmse": 0.025598516467117458,
  "naive_insample_rmse": 6.6734637289322345,
  "gof_volatility_near": NaN,
  "gof_volatility_far": NaN,
  "gof_volatility_weighted": NaN,
  "validation_coverage_90": NaN,
  "fit_attempts": [],
  "fit_strategy": "",
  "fit_scaled": false,
  "fit_recovered": false
}