{
  "experiment_id": "20260325_arimax_60",
  "trial_id": "20260325_arimax_60_049",
  "model_class": "ARIMAX",
  "champion_eligible": true,
  "description": "ARIMAX(2, 1, 0) trend=t with mortgage_rate, housing_starts, term_spread",
  "gof_composite": -0.6197202568011184,
  "gof_insample": -1.7716638441096988,
  "gof_validation_near": 0.13647044724720914,
  "gof_validation_far": -0.1064148855774616,
  "gof_diagnostic": 0.5714285714285714,
  "rmse": 31.464688456859424,
  "mae": 22.263727731917704,
  "theil_u": 0.8635295527527909,
  "directional_accuracy": 0.7994987468671679,
  "n_params": 7,
  "status": "ok",
  "diagnostics_passed": [
    "ljung_box",
    "cusum",
    "adf",
    "forecast_plausibility"
  ],
  "diagnostics_failed": [
    "jarque_bera",
    "arch_lm",
    "economic_sign"
  ],
  "error_summary": "",
  "rmse_1yr": 31.464688456859424,
  "rmse_3yr": 126.9093051193932,
  "insample_rmse": 18.496598132458963,
  "naive_insample_rmse": 6.6734637289322345
}