{
  "experiment_id": "20260330_arimax_full20_300",
  "trial_id": "20260330_arimax_full20_300_038",
  "model_class": "ARIMAX",
  "champion_eligible": true,
  "description": "ARIMAX(1, 1, 0) trend=t with mortgage_rate, personal_consumption",
  "gof_composite": -0.6029764785945482,
  "gof_insample": -1.8282116149261034,
  "gof_validation_near": 0.17754566788033022,
  "gof_validation_far": -0.035075918738625145,
  "gof_diagnostic": 0.7142857142857143,
  "rmse": 29.96801817337243,
  "mae": 21.024488231916234,
  "theil_u": 0.8224543321196698,
  "directional_accuracy": 0.8145363408521303,
  "n_params": 5,
  "status": "ok",
  "diagnostics_passed": [
    "ljung_box",
    "cusum",
    "adf",
    "economic_sign",
    "forecast_plausibility"
  ],
  "diagnostics_failed": [
    "jarque_bera",
    "arch_lm"
  ],
  "error_summary": "",
  "rmse_1yr": 29.96801817337243,
  "rmse_3yr": 118.72649880734063,
  "insample_rmse": 18.873967629954212,
  "naive_insample_rmse": 6.6734637289322345,
  "gof_volatility_near": NaN,
  "gof_volatility_far": NaN,
  "gof_volatility_weighted": NaN,
  "validation_coverage_90": NaN,
  "fit_attempts": [],
  "fit_strategy": "",
  "fit_scaled": false,
  "fit_recovered": false
}