{
  "experiment_id": "20260330_arimax_garch_full20_300",
  "trial_id": "20260330_arimax_garch_full20_300_032",
  "model_class": "ARIMAX-GARCH",
  "champion_eligible": true,
  "description": "ARIMAX-GARCH(1, 1, 0) trend=t GARCH(1,1) dist=normal with fed_funds, personal_consumption",
  "gof_composite": -0.5133493083105831,
  "gof_insample": -1.7676722567666623,
  "gof_validation_near": 0.21302181952778754,
  "gof_validation_far": -0.002700706136269604,
  "gof_diagnostic": 0.5555555555555556,
  "rmse": 28.675362866235414,
  "mae": 19.52680586186853,
  "theil_u": 0.7869781804722125,
  "directional_accuracy": 0.8345864661654135,
  "n_params": 8,
  "status": "ok",
  "diagnostics_passed": [
    "cusum",
    "adf",
    "economic_sign",
    "forecast_plausibility",
    "std_resid_unit_variance"
  ],
  "diagnostics_failed": [
    "ljung_box",
    "jarque_bera",
    "arch_lm",
    "volatility_coverage_90"
  ],
  "error_summary": "",
  "rmse_1yr": 28.675362866235414,
  "rmse_3yr": 115.0129589878604,
  "insample_rmse": 18.469960419104343,
  "naive_insample_rmse": 6.6734637289322345,
  "gof_volatility_near": -0.3317921748471506,
  "gof_volatility_far": -0.44699920674944815,
  "gof_volatility_weighted": -0.3663542844178399,
  "validation_coverage_90": 0.3075,
  "fit_attempts": [],
  "fit_strategy": "",
  "fit_scaled": false,
  "fit_recovered": false
}