{
  "experiment_id": "20260325_var_refine2_20",
  "trial_id": "20260325_var_refine2_20_016",
  "model_class": "VAR",
  "champion_eligible": true,
  "description": "VAR(5) trend=ctt with mortgage_rate, real_gdp",
  "gof_composite": -0.23295567523428135,
  "gof_insample": 0.5144765921183754,
  "gof_validation_near": -0.7842451314678589,
  "gof_validation_far": -1.5395145515636504,
  "gof_diagnostic": 0.6666666666666666,
  "rmse": 65.0130815017702,
  "mae": 45.29194389716329,
  "theil_u": 1.784245131467859,
  "directional_accuracy": 0.3383458646616541,
  "n_params": 54,
  "status": "ok",
  "diagnostics_passed": [
    "ljung_box",
    "cusum",
    "adf",
    "forecast_plausibility"
  ],
  "diagnostics_failed": [
    "jarque_bera",
    "arch_lm"
  ],
  "error_summary": "",
  "rmse_1yr": 65.0130815017702,
  "rmse_3yr": 291.29039321567086,
  "insample_rmse": 3.2401228520455927,
  "naive_insample_rmse": 6.6734637289322345,
  "gof_volatility_near": NaN,
  "gof_volatility_far": NaN,
  "gof_volatility_weighted": NaN,
  "validation_coverage_90": NaN,
  "fit_attempts": [],
  "fit_strategy": "",
  "fit_scaled": false,
  "fit_recovered": false
}