{
  "experiment_id": "20260330_arimax_garch_full20_300",
  "trial_id": "20260330_arimax_garch_full20_300_084",
  "model_class": "ARIMAX-GARCH",
  "champion_eligible": true,
  "description": "ARIMAX-GARCH(1, 1, 1) trend=t GARCH(1,1) dist=normal with personal_consumption",
  "gof_composite": -1.321877321169733,
  "gof_insample": -1.5959569209722915,
  "gof_validation_near": 0.060598041856933293,
  "gof_validation_far": -0.28830483868213963,
  "gof_diagnostic": 0.4444444444444444,
  "rmse": 34.22927432478629,
  "mae": 23.064917032685184,
  "theil_u": 0.9394019581430667,
  "directional_accuracy": 0.8370927318295739,
  "n_params": 8,
  "status": "ok",
  "diagnostics_passed": [
    "arch_lm",
    "cusum",
    "forecast_plausibility",
    "std_resid_unit_variance"
  ],
  "diagnostics_failed": [
    "ljung_box",
    "jarque_bera",
    "adf",
    "economic_sign",
    "volatility_coverage_90"
  ],
  "error_summary": "",
  "rmse_1yr": 34.22927432478629,
  "rmse_3yr": 147.77266104275995,
  "insample_rmse": 17.32402435397919,
  "naive_insample_rmse": 6.6734637289322345,
  "gof_volatility_near": -0.999489945340708,
  "gof_volatility_far": -9.319239673118473,
  "gof_volatility_weighted": -3.4954148636740374,
  "validation_coverage_90": 0.2175,
  "fit_attempts": [],
  "fit_strategy": "",
  "fit_scaled": false,
  "fit_recovered": false
}