{
  "experiment_id": "20260331_vecm_full20_300",
  "trial_id": "20260331_vecm_full20_300_024",
  "model_class": "VECM",
  "champion_eligible": true,
  "description": "VECM(k_ar_diff=4) deterministic=ci with per_capita_income",
  "gof_composite": 0.059337151318219275,
  "gof_insample": 0.5141313451015493,
  "gof_validation_near": -0.08066535371318695,
  "gof_validation_far": -1.2316611972630116,
  "gof_diagnostic": 0.6666666666666666,
  "rmse": 39.37653155275562,
  "mae": 24.45417250080693,
  "theil_u": 1.080665353713187,
  "directional_accuracy": 0.531328320802005,
  "n_params": 21,
  "status": "ok",
  "diagnostics_passed": [
    "ljung_box",
    "cusum",
    "adf",
    "forecast_plausibility"
  ],
  "diagnostics_failed": [
    "jarque_bera",
    "arch_lm"
  ],
  "error_summary": "",
  "rmse_1yr": 39.37653155275562,
  "rmse_3yr": 255.97863468615935,
  "insample_rmse": 3.2424268454899035,
  "naive_insample_rmse": 6.6734637289322345,
  "gof_volatility_near": NaN,
  "gof_volatility_far": NaN,
  "gof_volatility_weighted": NaN,
  "validation_coverage_90": NaN,
  "fit_attempts": [],
  "fit_strategy": "",
  "fit_scaled": false,
  "fit_recovered": false
}