{
  "experiment_id": "20260325_var_60",
  "trial_id": "20260325_var_60_056",
  "model_class": "VAR",
  "champion_eligible": true,
  "description": "VAR(2) trend=c with mortgage_rate, unemployment_rate, housing_inventory",
  "gof_composite": -0.16659304984699674,
  "gof_insample": 0.3670062255916712,
  "gof_validation_near": -0.20464146535484828,
  "gof_validation_far": -1.9451401813964555,
  "gof_diagnostic": 0.5,
  "rmse": 43.89388676829209,
  "mae": 27.02505468109937,
  "theil_u": 1.2046414653548483,
  "directional_accuracy": 0.48872180451127817,
  "n_params": 9,
  "status": "ok",
  "diagnostics_passed": [
    "cusum",
    "adf",
    "forecast_plausibility"
  ],
  "diagnostics_failed": [
    "ljung_box",
    "jarque_bera",
    "arch_lm"
  ],
  "error_summary": "",
  "rmse_1yr": 43.89388676829209,
  "rmse_3yr": 337.81694260661675,
  "insample_rmse": 4.224260994153895,
  "naive_insample_rmse": 6.6734637289322345
}