{
  "experiment_id": "20260330_arimax_full20_300",
  "trial_id": "20260330_arimax_full20_300_060",
  "model_class": "ARIMAX",
  "champion_eligible": true,
  "description": "ARIMAX(1, 1, 0) trend=t with consumer_confidence, treasury_10y, new_home_sales",
  "gof_composite": -1.2003542507738514,
  "gof_insample": -3.273767262911088,
  "gof_validation_near": 0.16515203985293792,
  "gof_validation_far": -0.038622778005344305,
  "gof_diagnostic": 0.5714285714285714,
  "rmse": 30.419608560162278,
  "mae": 20.359773081490218,
  "theil_u": 0.8348479601470621,
  "directional_accuracy": 0.8320802005012531,
  "n_params": 6,
  "status": "ok",
  "diagnostics_passed": [
    "ljung_box",
    "cusum",
    "adf",
    "forecast_plausibility"
  ],
  "diagnostics_failed": [
    "jarque_bera",
    "arch_lm",
    "economic_sign"
  ],
  "error_summary": "",
  "rmse_1yr": 30.419608560162278,
  "rmse_3yr": 119.13333484214387,
  "insample_rmse": 28.520830814935138,
  "naive_insample_rmse": 6.6734637289322345,
  "gof_volatility_near": NaN,
  "gof_volatility_far": NaN,
  "gof_volatility_weighted": NaN,
  "validation_coverage_90": NaN,
  "fit_attempts": [],
  "fit_strategy": "",
  "fit_scaled": false,
  "fit_recovered": false
}