{
  "experiment_id": "20260330_tcn_full20_300",
  "trial_id": "20260330_tcn_full20_300_027",
  "model_class": "TCN",
  "champion_eligible": true,
  "description": "TCN lookback=4 channels=32 num_blocks=2 kernel_size=2 epochs=75 learning_rate=0.01 with fed_funds",
  "gof_composite": -0.07693469414733592,
  "gof_insample": 0.4175114948645715,
  "gof_validation_near": -0.3327936661768647,
  "gof_validation_far": -1.0719656150973016,
  "gof_diagnostic": 0.3333333333333333,
  "rmse": 48.563407413035996,
  "mae": 34.4180029703776,
  "theil_u": 1.3327936661768647,
  "directional_accuracy": 0.6090225563909775,
  "n_params": 7,
  "status": "ok",
  "diagnostics_passed": [
    "cusum",
    "adf"
  ],
  "diagnostics_failed": [
    "ljung_box",
    "jarque_bera",
    "arch_lm",
    "forecast_plausibility"
  ],
  "error_summary": "",
  "rmse_1yr": 48.563407413035996,
  "rmse_3yr": 237.66104367443907,
  "insample_rmse": 3.8872159115412397,
  "naive_insample_rmse": 6.6734637289322345,
  "gof_volatility_near": NaN,
  "gof_volatility_far": NaN,
  "gof_volatility_weighted": NaN,
  "validation_coverage_90": NaN,
  "fit_attempts": [],
  "fit_strategy": "",
  "fit_scaled": false,
  "fit_recovered": false
}