{
  "experiment_id": "20260330_svr_full20_300",
  "trial_id": "20260330_svr_full20_300_108",
  "model_class": "Support Vector Regression",
  "champion_eligible": true,
  "description": "Support Vector Regression kernel=rbf C=50.0 epsilon=5.0 gamma=0.1 lags=[1, 2, 4] with consumer_confidence",
  "gof_composite": 0.0002298931820073416,
  "gof_insample": -0.3893238343796117,
  "gof_validation_near": 0.3108385806038394,
  "gof_validation_far": 0.09221726926116613,
  "gof_diagnostic": 0.3333333333333333,
  "rmse": 25.111183848498747,
  "mae": 19.660038169864176,
  "theil_u": 0.6891614193961606,
  "directional_accuracy": 0.5639097744360902,
  "n_params": 5,
  "status": "ok",
  "diagnostics_passed": [
    "cusum",
    "forecast_plausibility"
  ],
  "diagnostics_failed": [
    "ljung_box",
    "jarque_bera",
    "arch_lm",
    "adf"
  ],
  "error_summary": "",
  "rmse_1yr": 25.111183848498747,
  "rmse_3yr": 104.12556542686255,
  "insample_rmse": 9.271602216473394,
  "naive_insample_rmse": 6.6734637289322345,
  "gof_volatility_near": NaN,
  "gof_volatility_far": NaN,
  "gof_volatility_weighted": NaN,
  "validation_coverage_90": NaN,
  "fit_attempts": [],
  "fit_strategy": "",
  "fit_scaled": false,
  "fit_recovered": false
}