{
  "experiment_id": "20260330_nbeats_full20_300",
  "trial_id": "20260330_nbeats_full20_300_038",
  "model_class": "N-BEATS",
  "champion_eligible": true,
  "description": "N-BEATS lookback=8 stack_width=32 n_blocks=3 n_layers=2 epochs=75 learning_rate=0.01 with mortgage_rate",
  "gof_composite": -0.11867065357121595,
  "gof_insample": 0.5263775104549877,
  "gof_validation_near": -0.49837359167624706,
  "gof_validation_far": -1.2541615599990528,
  "gof_diagnostic": 0.3333333333333333,
  "rmse": 54.596693423850205,
  "mae": 42.53679341634113,
  "theil_u": 1.498373591676247,
  "directional_accuracy": 0.5513784461152882,
  "n_params": 7,
  "status": "ok",
  "diagnostics_passed": [
    "cusum",
    "adf"
  ],
  "diagnostics_failed": [
    "ljung_box",
    "jarque_bera",
    "arch_lm",
    "forecast_plausibility"
  ],
  "error_summary": "",
  "rmse_1yr": 54.596693423850205,
  "rmse_3yr": 258.55949782980275,
  "insample_rmse": 3.1607025051852258,
  "naive_insample_rmse": 6.6734637289322345,
  "gof_volatility_near": NaN,
  "gof_volatility_far": NaN,
  "gof_volatility_weighted": NaN,
  "validation_coverage_90": NaN,
  "fit_attempts": [],
  "fit_strategy": "",
  "fit_scaled": false,
  "fit_recovered": false
}