{
  "experiment_id": "20260330_arimax_full20_300",
  "trial_id": "20260330_arimax_full20_300_006",
  "model_class": "ARIMAX",
  "champion_eligible": true,
  "description": "ARIMAX(1, 1, 0) trend=t with housing_inventory",
  "gof_composite": -0.4535195116531716,
  "gof_insample": -1.4258020553668738,
  "gof_validation_near": 0.1641963557234154,
  "gof_validation_far": 0.014598192316835346,
  "gof_diagnostic": 0.5714285714285714,
  "rmse": 30.454431112908424,
  "mae": 21.097718748538032,
  "theil_u": 0.8358036442765846,
  "directional_accuracy": 0.8295739348370927,
  "n_params": 4,
  "status": "ok",
  "diagnostics_passed": [
    "ljung_box",
    "cusum",
    "adf",
    "forecast_plausibility"
  ],
  "diagnostics_failed": [
    "jarque_bera",
    "arch_lm",
    "economic_sign"
  ],
  "error_summary": "",
  "rmse_1yr": 30.454431112908424,
  "rmse_3yr": 113.02872033504376,
  "insample_rmse": 16.188502030060096,
  "naive_insample_rmse": 6.6734637289322345,
  "gof_volatility_near": NaN,
  "gof_volatility_far": NaN,
  "gof_volatility_weighted": NaN,
  "validation_coverage_90": NaN,
  "fit_attempts": [],
  "fit_strategy": "",
  "fit_scaled": false,
  "fit_recovered": false
}