{
  "experiment_id": "20260330_arimax_full20_300",
  "trial_id": "20260330_arimax_full20_300_087",
  "model_class": "ARIMAX",
  "champion_eligible": true,
  "description": "ARIMAX(1, 1, 1) trend=t with population",
  "gof_composite": -0.5166398650423235,
  "gof_insample": -1.404387531461711,
  "gof_validation_near": 0.05849730084100624,
  "gof_validation_far": -0.3119165278704181,
  "gof_diagnostic": 0.7142857142857143,
  "rmse": 34.305819662909315,
  "mae": 23.05207015239424,
  "theil_u": 0.9415026991589938,
  "directional_accuracy": 0.8421052631578947,
  "n_params": 5,
  "status": "ok",
  "diagnostics_passed": [
    "ljung_box",
    "cusum",
    "adf",
    "economic_sign",
    "forecast_plausibility"
  ],
  "diagnostics_failed": [
    "jarque_bera",
    "arch_lm"
  ],
  "error_summary": "",
  "rmse_1yr": 34.305819662909315,
  "rmse_3yr": 150.4809968638345,
  "insample_rmse": 16.04559298150664,
  "naive_insample_rmse": 6.6734637289322345,
  "gof_volatility_near": NaN,
  "gof_volatility_far": NaN,
  "gof_volatility_weighted": NaN,
  "validation_coverage_90": NaN,
  "fit_attempts": [],
  "fit_strategy": "",
  "fit_scaled": false,
  "fit_recovered": false
}