{
  "experiment_id": "20260325_var_60",
  "trial_id": "20260325_var_60_039",
  "model_class": "VAR",
  "champion_eligible": true,
  "description": "VAR(4) trend=c with mortgage_rate, building_permits",
  "gof_composite": -0.0323103736916351,
  "gof_insample": 0.48521749318757523,
  "gof_validation_near": -0.2582295634087224,
  "gof_validation_far": -1.3512246029351935,
  "gof_diagnostic": 0.6666666666666666,
  "rmse": 45.84649256491557,
  "mae": 27.20964813137444,
  "theil_u": 1.2582295634087224,
  "directional_accuracy": 0.5588972431077694,
  "n_params": 13,
  "status": "ok",
  "diagnostics_passed": [
    "ljung_box",
    "cusum",
    "adf",
    "forecast_plausibility"
  ],
  "diagnostics_failed": [
    "jarque_bera",
    "arch_lm"
  ],
  "error_summary": "",
  "rmse_1yr": 45.84649256491557,
  "rmse_3yr": 269.6929374575336,
  "insample_rmse": 3.4353823875015275,
  "naive_insample_rmse": 6.6734637289322345
}