{
  "experiment_id": "20260331_var_full20_300",
  "trial_id": "20260331_var_full20_300_011",
  "model_class": "VAR",
  "champion_eligible": true,
  "description": "VAR(2) trend=c with mortgage_rate",
  "gof_composite": -0.05980866594284716,
  "gof_insample": 0.2846366690767217,
  "gof_validation_near": -0.13308258201906797,
  "gof_validation_far": -1.1805628657790805,
  "gof_diagnostic": 0.5,
  "rmse": 41.286474012928466,
  "mae": 26.667797928165093,
  "theil_u": 1.133082582019068,
  "directional_accuracy": 0.8446115288220551,
  "n_params": 10,
  "status": "ok",
  "diagnostics_passed": [
    "cusum",
    "adf",
    "forecast_plausibility"
  ],
  "diagnostics_failed": [
    "ljung_box",
    "jarque_bera",
    "arch_lm"
  ],
  "error_summary": "",
  "rmse_1yr": 41.286474012928466,
  "rmse_3yr": 250.11749360253998,
  "insample_rmse": 4.773951241924645,
  "naive_insample_rmse": 6.6734637289322345,
  "gof_volatility_near": NaN,
  "gof_volatility_far": NaN,
  "gof_volatility_weighted": NaN,
  "validation_coverage_90": NaN,
  "fit_attempts": [],
  "fit_strategy": "",
  "fit_scaled": false,
  "fit_recovered": false
}