{
  "experiment_id": "20260325_var_refine2_20",
  "trial_id": "20260325_var_refine2_20_010",
  "model_class": "VAR",
  "champion_eligible": true,
  "description": "VAR(5) trend=ctt with mortgage_rate, term_spread",
  "gof_composite": -0.18677055077084656,
  "gof_insample": 0.48778414180988816,
  "gof_validation_near": -0.588809947261905,
  "gof_validation_far": -1.727560395243123,
  "gof_diagnostic": 0.8333333333333334,
  "rmse": 57.89195036625053,
  "mae": 40.977222515738134,
  "theil_u": 1.588809947261905,
  "directional_accuracy": 0.2531328320802005,
  "n_params": 54,
  "status": "ok",
  "diagnostics_passed": [
    "ljung_box",
    "arch_lm",
    "cusum",
    "adf",
    "forecast_plausibility"
  ],
  "diagnostics_failed": [
    "jarque_bera"
  ],
  "error_summary": "",
  "rmse_1yr": 57.89195036625053,
  "rmse_3yr": 312.85984936005053,
  "insample_rmse": 3.418253951015608,
  "naive_insample_rmse": 6.6734637289322345,
  "gof_volatility_near": NaN,
  "gof_volatility_far": NaN,
  "gof_volatility_weighted": NaN,
  "validation_coverage_90": NaN,
  "fit_attempts": [],
  "fit_strategy": "",
  "fit_scaled": false,
  "fit_recovered": false
}