{
  "experiment_id": "20260325_state_space_60",
  "trial_id": "20260325_state_space_60_059",
  "model_class": "State-Space",
  "champion_eligible": true,
  "description": "State-Space(local linear trend, cycle) with mortgage_rate, consumer_confidence, housing_inventory",
  "gof_composite": -0.6362993452946967,
  "gof_insample": -1.7212473100448675,
  "gof_validation_near": 0.12167535117273987,
  "gof_validation_far": -0.3168643422004378,
  "gof_diagnostic": 0.5714285714285714,
  "rmse": 32.00378186389855,
  "mae": 19.97078838841458,
  "theil_u": 0.8783246488272601,
  "directional_accuracy": 0.5839598997493735,
  "n_params": 8,
  "status": "ok",
  "diagnostics_passed": [
    "ljung_box",
    "cusum",
    "adf",
    "forecast_plausibility"
  ],
  "diagnostics_failed": [
    "jarque_bera",
    "arch_lm",
    "economic_sign"
  ],
  "error_summary": "",
  "rmse_1yr": 32.00378186389855,
  "rmse_3yr": 151.04852689860516,
  "insample_rmse": 18.160145221038835,
  "naive_insample_rmse": 6.6734637289322345
}