{
  "experiment_id": "20260331_vecm_full20_300",
  "trial_id": "20260331_vecm_full20_300_041",
  "model_class": "VECM",
  "champion_eligible": true,
  "description": "VECM(k_ar_diff=2) deterministic=ci with consumer_confidence, personal_consumption",
  "gof_composite": 0.008285819889403682,
  "gof_insample": 0.30344879387706813,
  "gof_validation_near": 0.0006358894128570824,
  "gof_validation_far": -0.977663948595046,
  "gof_diagnostic": 0.3333333333333333,
  "rmse": 36.41413347620862,
  "mae": 22.931679841934184,
  "theil_u": 0.9993641105871429,
  "directional_accuracy": 0.45363408521303256,
  "n_params": 25,
  "status": "ok",
  "diagnostics_passed": [
    "adf",
    "forecast_plausibility"
  ],
  "diagnostics_failed": [
    "ljung_box",
    "jarque_bera",
    "arch_lm",
    "cusum"
  ],
  "error_summary": "",
  "rmse_1yr": 36.41413347620862,
  "rmse_3yr": 226.84434270321546,
  "insample_rmse": 4.648409209405386,
  "naive_insample_rmse": 6.6734637289322345,
  "gof_volatility_near": NaN,
  "gof_volatility_far": NaN,
  "gof_volatility_weighted": NaN,
  "validation_coverage_90": NaN,
  "fit_attempts": [],
  "fit_strategy": "",
  "fit_scaled": false,
  "fit_recovered": false
}