{
  "experiment_id": "20260325_arimax_60",
  "trial_id": "20260325_arimax_60_028",
  "model_class": "ARIMAX",
  "champion_eligible": true,
  "description": "ARIMAX(1, 1, 1) trend=t with mortgage_rate, consumer_confidence",
  "gof_composite": -0.8567762534167924,
  "gof_insample": -1.4756379183043582,
  "gof_validation_near": -0.11276993824235526,
  "gof_validation_far": -1.894629765687212,
  "gof_diagnostic": 0.5714285714285714,
  "rmse": 40.54633604529089,
  "mae": 24.042886479223647,
  "theil_u": 1.1127699382423553,
  "directional_accuracy": 0.6992481203007519,
  "n_params": 6,
  "status": "ok",
  "diagnostics_passed": [
    "ljung_box",
    "cusum",
    "adf",
    "forecast_plausibility"
  ],
  "diagnostics_failed": [
    "jarque_bera",
    "arch_lm",
    "economic_sign"
  ],
  "error_summary": "",
  "rmse_1yr": 40.54633604529089,
  "rmse_3yr": 332.0232373315778,
  "insample_rmse": 16.521079853773436,
  "naive_insample_rmse": 6.6734637289322345
}