{
  "experiment_id": "20260325_var_refine_20",
  "trial_id": "20260325_var_refine_20_020",
  "model_class": "VAR",
  "champion_eligible": true,
  "description": "VAR(4) trend=ct with mortgage_rate, unemployment_rate",
  "gof_composite": -0.2058905744757754,
  "gof_insample": 0.4774812143108539,
  "gof_validation_near": -0.6019397561452329,
  "gof_validation_far": -1.6858054147730144,
  "gof_diagnostic": 0.6666666666666666,
  "rmse": 58.37036519837184,
  "mae": 37.32884610990296,
  "theil_u": 1.6019397561452329,
  "directional_accuracy": 0.6265664160401002,
  "n_params": 42,
  "status": "ok",
  "diagnostics_passed": [
    "ljung_box",
    "cusum",
    "adf",
    "forecast_plausibility"
  ],
  "diagnostics_failed": [
    "jarque_bera",
    "arch_lm"
  ],
  "error_summary": "",
  "rmse_1yr": 58.37036519837184,
  "rmse_3yr": 308.07042034403577,
  "insample_rmse": 3.4870101639822324,
  "naive_insample_rmse": 6.6734637289322345,
  "gof_volatility_near": NaN,
  "gof_volatility_far": NaN,
  "gof_volatility_weighted": NaN,
  "validation_coverage_90": NaN,
  "fit_attempts": [],
  "fit_strategy": "",
  "fit_scaled": false,
  "fit_recovered": false
}