{
  "experiment_id": "20260325_arimax_60",
  "trial_id": "20260325_arimax_60_035",
  "model_class": "ARIMAX",
  "champion_eligible": true,
  "description": "ARIMAX(1, 1, 1) trend=t with mortgage_rate, unemployment_rate, consumer_confidence",
  "gof_composite": -0.7291253201263099,
  "gof_insample": -1.5008477246046765,
  "gof_validation_near": 0.010698243622442205,
  "gof_validation_far": -1.2644898179676747,
  "gof_diagnostic": 0.5714285714285714,
  "rmse": 36.04748842122716,
  "mae": 21.363882716137855,
  "theil_u": 0.9893017563775578,
  "directional_accuracy": 0.7568922305764411,
  "n_params": 7,
  "status": "ok",
  "diagnostics_passed": [
    "ljung_box",
    "cusum",
    "adf",
    "forecast_plausibility"
  ],
  "diagnostics_failed": [
    "jarque_bera",
    "arch_lm",
    "economic_sign"
  ],
  "error_summary": "",
  "rmse_1yr": 36.04748842122716,
  "rmse_3yr": 259.7441818565433,
  "insample_rmse": 16.68931658173202,
  "naive_insample_rmse": 6.6734637289322345
}