{
  "experiment_id": "20260329_nbeats_300",
  "trial_id": "20260329_nbeats_300_012",
  "model_class": "N-BEATS",
  "champion_eligible": true,
  "description": "N-BEATS lookback=4 stack_width=64 n_blocks=3 n_layers=2 epochs=75 learning_rate=0.01 with mortgage_rate",
  "gof_composite": -0.0012233376534624765,
  "gof_insample": 0.4911357062863917,
  "gof_validation_near": -0.325811640169688,
  "gof_validation_far": -0.7798458629464113,
  "gof_diagnostic": 0.3333333333333333,
  "rmse": 48.309001211866416,
  "mae": 38.56304583740234,
  "theil_u": 1.325811640169688,
  "directional_accuracy": 0.49122807017543857,
  "n_params": 7,
  "status": "ok",
  "diagnostics_passed": [
    "jarque_bera",
    "adf"
  ],
  "diagnostics_failed": [
    "ljung_box",
    "arch_lm",
    "cusum",
    "forecast_plausibility"
  ],
  "error_summary": "",
  "rmse_1yr": 48.309001211866416,
  "rmse_3yr": 204.15397933503462,
  "insample_rmse": 3.395887407046484,
  "naive_insample_rmse": 6.6734637289322345,
  "gof_volatility_near": NaN,
  "gof_volatility_far": NaN,
  "gof_volatility_weighted": NaN,
  "validation_coverage_90": NaN,
  "fit_attempts": [],
  "fit_strategy": "",
  "fit_scaled": false,
  "fit_recovered": false
}