{
  "experiment_id": "20260329_nbeats_300",
  "trial_id": "20260329_nbeats_300_063",
  "model_class": "N-BEATS",
  "champion_eligible": true,
  "description": "N-BEATS lookback=8 stack_width=64 n_blocks=2 n_layers=2 epochs=75 learning_rate=0.01 with mortgage_rate, real_gdp",
  "gof_composite": 0.07736376979332812,
  "gof_insample": 0.6313785043865667,
  "gof_validation_near": -0.43592312965604973,
  "gof_validation_far": -0.37298579943343024,
  "gof_diagnostic": 0.3333333333333333,
  "rmse": 52.321166981022174,
  "mae": 41.03736301676432,
  "theil_u": 1.4359231296560497,
  "directional_accuracy": 0.6215538847117794,
  "n_params": 7,
  "status": "ok",
  "diagnostics_passed": [
    "arch_lm",
    "adf"
  ],
  "diagnostics_failed": [
    "ljung_box",
    "jarque_bera",
    "cusum",
    "forecast_plausibility"
  ],
  "error_summary": "",
  "rmse_1yr": 52.321166981022174,
  "rmse_3yr": 157.48583647620498,
  "insample_rmse": 2.4599821806809996,
  "naive_insample_rmse": 6.6734637289322345,
  "gof_volatility_near": NaN,
  "gof_volatility_far": NaN,
  "gof_volatility_weighted": NaN,
  "validation_coverage_90": NaN,
  "fit_attempts": [],
  "fit_strategy": "",
  "fit_scaled": false,
  "fit_recovered": false
}