{
  "experiment_id": "20260330_arimax_full20_300",
  "trial_id": "20260330_arimax_full20_300_004",
  "model_class": "ARIMAX",
  "champion_eligible": true,
  "description": "ARIMAX(1, 1, 0) trend=t with fed_funds",
  "gof_composite": -0.558191567655346,
  "gof_insample": -1.7573417244268823,
  "gof_validation_near": 0.20990337250574853,
  "gof_validation_far": -0.000997531267843188,
  "gof_diagnostic": 0.7142857142857143,
  "rmse": 28.788990667049973,
  "mae": 19.737188934600276,
  "theil_u": 0.7900966274942515,
  "directional_accuracy": 0.8345864661654135,
  "n_params": 4,
  "status": "ok",
  "diagnostics_passed": [
    "ljung_box",
    "cusum",
    "adf",
    "economic_sign",
    "forecast_plausibility"
  ],
  "diagnostics_failed": [
    "jarque_bera",
    "arch_lm"
  ],
  "error_summary": "",
  "rmse_1yr": 28.788990667049973,
  "rmse_3yr": 114.81759941536512,
  "insample_rmse": 18.40101998623426,
  "naive_insample_rmse": 6.6734637289322345,
  "gof_volatility_near": NaN,
  "gof_volatility_far": NaN,
  "gof_volatility_weighted": NaN,
  "validation_coverage_90": NaN,
  "fit_attempts": [],
  "fit_strategy": "",
  "fit_scaled": false,
  "fit_recovered": false
}