{
  "experiment_id": "20260325_state_space_60",
  "trial_id": "20260325_state_space_60_054",
  "model_class": "State-Space",
  "champion_eligible": true,
  "description": "State-Space(local linear trend, cycle) with mortgage_rate, housing_inventory",
  "gof_composite": -0.5893249089734304,
  "gof_insample": -1.5999667472718615,
  "gof_validation_near": 0.121969709267576,
  "gof_validation_far": -0.32780310300796356,
  "gof_diagnostic": 0.5714285714285714,
  "rmse": 31.993056248638197,
  "mae": 19.977459064454212,
  "theil_u": 0.878030290732424,
  "directional_accuracy": 0.5639097744360902,
  "n_params": 7,
  "status": "ok",
  "diagnostics_passed": [
    "ljung_box",
    "cusum",
    "adf",
    "forecast_plausibility"
  ],
  "diagnostics_failed": [
    "jarque_bera",
    "arch_lm",
    "economic_sign"
  ],
  "error_summary": "",
  "rmse_1yr": 31.993056248638197,
  "rmse_3yr": 152.30323754200526,
  "insample_rmse": 17.35078378434869,
  "naive_insample_rmse": 6.6734637289322345
}