{
  "experiment_id": "20260330_xgboost_full20_300",
  "trial_id": "20260330_xgboost_full20_300_014",
  "model_class": "XGBoost",
  "champion_eligible": true,
  "description": "XGBoost n_estimators=500 learning_rate=0.05 max_depth=3 subsample=0.8 colsample_bytree=0.8 lags=[1, 2, 4] with no exogenous variables",
  "gof_composite": 0.4918132107795271,
  "gof_insample": 0.9262905872169024,
  "gof_validation_near": 0.17797436102860564,
  "gof_validation_far": -0.05107144755941695,
  "gof_diagnostic": 0.6666666666666666,
  "rmse": 29.952397750989572,
  "mae": 24.833676035563148,
  "theil_u": 0.8220256389713944,
  "directional_accuracy": 0.20300751879699247,
  "n_params": 10,
  "status": "ok",
  "diagnostics_passed": [
    "ljung_box",
    "jarque_bera",
    "cusum",
    "adf"
  ],
  "diagnostics_failed": [
    "arch_lm",
    "forecast_plausibility"
  ],
  "error_summary": "",
  "rmse_1yr": 29.952397750989572,
  "rmse_3yr": 120.56123681938791,
  "insample_rmse": 0.4918970926888962,
  "naive_insample_rmse": 6.6734637289322345,
  "gof_volatility_near": NaN,
  "gof_volatility_far": NaN,
  "gof_volatility_weighted": NaN,
  "validation_coverage_90": NaN,
  "fit_attempts": [],
  "fit_strategy": "",
  "fit_scaled": false,
  "fit_recovered": false
}