{
  "experiment_id": "20260330_arimax_garch_full20_300",
  "trial_id": "20260330_arimax_garch_full20_300_052",
  "model_class": "ARIMAX-GARCH",
  "champion_eligible": true,
  "description": "ARIMAX-GARCH(1, 1, 0) trend=t GARCH(1,1) dist=normal with personal_consumption, m2_money_supply",
  "gof_composite": -0.5290836701604861,
  "gof_insample": -1.7004993158104709,
  "gof_validation_near": 0.17599897666402375,
  "gof_validation_far": 0.0044545937843599726,
  "gof_diagnostic": 0.3333333333333333,
  "rmse": 30.024375430752794,
  "mae": 21.265492175294856,
  "theil_u": 0.8240010233359762,
  "directional_accuracy": 0.8195488721804511,
  "n_params": 8,
  "status": "ok",
  "diagnostics_passed": [
    "cusum",
    "forecast_plausibility",
    "std_resid_unit_variance"
  ],
  "diagnostics_failed": [
    "ljung_box",
    "jarque_bera",
    "arch_lm",
    "adf",
    "economic_sign",
    "volatility_coverage_90"
  ],
  "error_summary": "",
  "rmse_1yr": 30.024375430752794,
  "rmse_3yr": 114.19222333735077,
  "insample_rmse": 18.021684234067493,
  "naive_insample_rmse": 6.6734637289322345,
  "gof_volatility_near": -0.3610004553140105,
  "gof_volatility_far": -0.44716443486890944,
  "gof_volatility_weighted": -0.38684964918048015,
  "validation_coverage_90": 0.3,
  "fit_attempts": [],
  "fit_strategy": "",
  "fit_scaled": false,
  "fit_recovered": false
}