{
  "experiment_id": "20260330_arimax_garch_full20_300",
  "trial_id": "20260330_arimax_garch_full20_300_026",
  "model_class": "ARIMAX-GARCH",
  "champion_eligible": true,
  "description": "ARIMAX-GARCH(1, 1, 0) trend=t GARCH(1,1) dist=normal with treasury_10y, per_capita_income",
  "gof_composite": -0.581716902562105,
  "gof_insample": -1.9180898534683717,
  "gof_validation_near": 0.19252456076361413,
  "gof_validation_far": -0.017597886365282145,
  "gof_diagnostic": 0.3333333333333333,
  "rmse": 29.42222770621499,
  "mae": 20.546742177886788,
  "theil_u": 0.8074754392363859,
  "directional_accuracy": 0.8270676691729323,
  "n_params": 8,
  "status": "ok",
  "diagnostics_passed": [
    "cusum",
    "forecast_plausibility",
    "std_resid_unit_variance"
  ],
  "diagnostics_failed": [
    "ljung_box",
    "jarque_bera",
    "arch_lm",
    "adf",
    "economic_sign",
    "volatility_coverage_90"
  ],
  "error_summary": "",
  "rmse_1yr": 29.42222770621499,
  "rmse_3yr": 116.72171292433298,
  "insample_rmse": 19.47376679488636,
  "naive_insample_rmse": 6.6734637289322345,
  "gof_volatility_near": -0.2774690540110265,
  "gof_volatility_far": -0.4991672927649662,
  "gof_volatility_weighted": -0.3439785256372084,
  "validation_coverage_90": 0.33,
  "fit_attempts": [],
  "fit_strategy": "",
  "fit_scaled": false,
  "fit_recovered": false
}