{
  "experiment_id": "20260330_arimax_garch_full20_300",
  "trial_id": "20260330_arimax_garch_full20_300_099",
  "model_class": "ARIMAX-GARCH",
  "champion_eligible": true,
  "description": "ARIMAX-GARCH(1, 1, 1) trend=t GARCH(1,1) dist=normal with treasury_10y, housing_inventory",
  "gof_composite": -0.770609429876744,
  "gof_insample": -1.4869895036784802,
  "gof_validation_near": -0.11694606970034416,
  "gof_validation_far": -1.9951480286599041,
  "gof_diagnostic": 0.4444444444444444,
  "rmse": 40.698503014981306,
  "mae": 21.975496973459453,
  "theil_u": 1.1169460697003442,
  "directional_accuracy": 0.7644110275689223,
  "n_params": 9,
  "status": "ok",
  "diagnostics_passed": [
    "arch_lm",
    "cusum",
    "forecast_plausibility",
    "std_resid_unit_variance"
  ],
  "diagnostics_failed": [
    "ljung_box",
    "jarque_bera",
    "adf",
    "economic_sign",
    "volatility_coverage_90"
  ],
  "error_summary": "",
  "rmse_1yr": 40.698503014981306,
  "rmse_3yr": 343.5530016830532,
  "insample_rmse": 16.596834247033517,
  "naive_insample_rmse": 6.6734637289322345,
  "gof_volatility_near": -0.5546718953842564,
  "gof_volatility_far": -0.5751749497909733,
  "gof_volatility_weighted": -0.5608228117062715,
  "validation_coverage_90": 0.245,
  "fit_attempts": [],
  "fit_strategy": "",
  "fit_scaled": false,
  "fit_recovered": false
}