{
  "experiment_id": "20260331_vecm_full20_300",
  "trial_id": "20260331_vecm_full20_300_062",
  "model_class": "VECM",
  "champion_eligible": true,
  "description": "VECM(k_ar_diff=2) deterministic=ci with treasury_10y, per_capita_income",
  "gof_composite": -0.13086595503815796,
  "gof_insample": 0.316435596780566,
  "gof_validation_near": -0.10554507759544074,
  "gof_validation_far": -1.6922183328354228,
  "gof_diagnostic": 0.3333333333333333,
  "rmse": 40.28308160463544,
  "mae": 23.495614639167865,
  "theil_u": 1.1055450775954407,
  "directional_accuracy": 0.49373433583959897,
  "n_params": 25,
  "status": "ok",
  "diagnostics_passed": [
    "adf",
    "forecast_plausibility"
  ],
  "diagnostics_failed": [
    "ljung_box",
    "jarque_bera",
    "arch_lm",
    "cusum"
  ],
  "error_summary": "",
  "rmse_1yr": 40.28308160463544,
  "rmse_3yr": 308.8060024350731,
  "insample_rmse": 4.561742251274102,
  "naive_insample_rmse": 6.6734637289322345,
  "gof_volatility_near": NaN,
  "gof_volatility_far": NaN,
  "gof_volatility_weighted": NaN,
  "validation_coverage_90": NaN,
  "fit_attempts": [],
  "fit_strategy": "",
  "fit_scaled": false,
  "fit_recovered": false
}