{
  "experiment_id": "20260330_arimax_garch_full20_300",
  "trial_id": "20260330_arimax_garch_full20_300_021",
  "model_class": "ARIMAX-GARCH",
  "champion_eligible": true,
  "description": "ARIMAX-GARCH(1, 1, 0) trend=t GARCH(1,1) dist=normal with treasury_10y, fed_funds",
  "gof_composite": -0.5656277989102485,
  "gof_insample": -1.9420360203630436,
  "gof_validation_near": 0.20470742797157848,
  "gof_validation_far": -0.030966880706003952,
  "gof_diagnostic": 0.5555555555555556,
  "rmse": 28.978316875383673,
  "mae": 19.559929347070092,
  "theil_u": 0.7952925720284215,
  "directional_accuracy": 0.8045112781954887,
  "n_params": 8,
  "status": "ok",
  "diagnostics_passed": [
    "cusum",
    "adf",
    "economic_sign",
    "forecast_plausibility",
    "std_resid_unit_variance"
  ],
  "diagnostics_failed": [
    "ljung_box",
    "jarque_bera",
    "arch_lm",
    "volatility_coverage_90"
  ],
  "error_summary": "",
  "rmse_1yr": 28.978316875383673,
  "rmse_3yr": 118.2551790806931,
  "insample_rmse": 19.63357067110491,
  "naive_insample_rmse": 6.6734637289322345,
  "gof_volatility_near": -0.27467780215738635,
  "gof_volatility_far": -0.5144546920219033,
  "gof_volatility_weighted": -0.34661086911674144,
  "validation_coverage_90": 0.3025,
  "fit_attempts": [],
  "fit_strategy": "",
  "fit_scaled": false,
  "fit_recovered": false
}