{
  "experiment_id": "20260330_arimax_garch_full20_300",
  "trial_id": "20260330_arimax_garch_full20_300_098",
  "model_class": "ARIMAX-GARCH",
  "champion_eligible": true,
  "description": "ARIMAX-GARCH(1, 1, 1) trend=t GARCH(1,1) dist=normal with treasury_10y, mortgage_rate",
  "gof_composite": -0.7338968601853318,
  "gof_insample": -1.4610807425274444,
  "gof_validation_near": -0.11116300814661928,
  "gof_validation_far": -1.8171258264641859,
  "gof_diagnostic": 0.4444444444444444,
  "rmse": 40.48778384557393,
  "mae": 24.42521076973811,
  "theil_u": 1.1111630081466193,
  "directional_accuracy": 0.7117794486215538,
  "n_params": 9,
  "status": "ok",
  "diagnostics_passed": [
    "arch_lm",
    "cusum",
    "forecast_plausibility",
    "std_resid_unit_variance"
  ],
  "diagnostics_failed": [
    "ljung_box",
    "jarque_bera",
    "adf",
    "economic_sign",
    "volatility_coverage_90"
  ],
  "error_summary": "",
  "rmse_1yr": 40.48778384557393,
  "rmse_3yr": 323.1332890860999,
  "insample_rmse": 16.42393306923051,
  "naive_insample_rmse": 6.6734637289322345,
  "gof_volatility_near": -0.5375953327837151,
  "gof_volatility_far": -0.4857941860175927,
  "gof_volatility_weighted": -0.5220549887538783,
  "validation_coverage_90": 0.1975,
  "fit_attempts": [],
  "fit_strategy": "",
  "fit_scaled": false,
  "fit_recovered": false
}