{
  "experiment_id": "20260325_bvar_60",
  "trial_id": "20260325_bvar_60_017",
  "model_class": "BVAR",
  "champion_eligible": true,
  "description": "BVAR(1) prior=minnesota lambda=0.1 trend=c with building_permits",
  "gof_composite": -0.27942747608179913,
  "gof_insample": 0.08027975321480052,
  "gof_validation_near": -0.3986028433038573,
  "gof_validation_far": -1.25796699252024,
  "gof_diagnostic": 0.16666666666666666,
  "rmse": 50.96131637782147,
  "mae": 36.08628014875678,
  "theil_u": 1.3986028433038573,
  "directional_accuracy": 0.8220551378446115,
  "n_params": 7,
  "status": "ok",
  "diagnostics_passed": [
    "adf"
  ],
  "diagnostics_failed": [
    "ljung_box",
    "jarque_bera",
    "arch_lm",
    "cusum",
    "forecast_plausibility"
  ],
  "error_summary": "",
  "rmse_1yr": 50.96131637782147,
  "rmse_3yr": 258.99599303900317,
  "insample_rmse": 6.1377197076856325,
  "naive_insample_rmse": 6.6734637289322345,
  "gof_volatility_near": NaN,
  "gof_volatility_far": NaN,
  "gof_volatility_weighted": NaN,
  "validation_coverage_90": NaN,
  "fit_attempts": [],
  "fit_strategy": "",
  "fit_scaled": false,
  "fit_recovered": false
}