{
  "experiment_id": "20260329_tcn_300",
  "trial_id": "20260329_tcn_300_014",
  "model_class": "TCN",
  "champion_eligible": true,
  "description": "TCN lookback=8 channels=16 num_blocks=3 kernel_size=2 epochs=75 learning_rate=0.01 with mortgage_rate",
  "gof_composite": 0.052501432860825835,
  "gof_insample": 0.37718915331021874,
  "gof_validation_near": -0.19391312267358352,
  "gof_validation_far": -0.42558645907227177,
  "gof_diagnostic": 0.3333333333333333,
  "rmse": 43.50297488919273,
  "mae": 31.92982902018229,
  "theil_u": 1.1939131226735835,
  "directional_accuracy": 0.46365914786967416,
  "n_params": 7,
  "status": "ok",
  "diagnostics_passed": [
    "cusum",
    "adf"
  ],
  "diagnostics_failed": [
    "ljung_box",
    "jarque_bera",
    "arch_lm",
    "forecast_plausibility"
  ],
  "error_summary": "",
  "rmse_1yr": 43.50297488919273,
  "rmse_3yr": 163.51929937570583,
  "insample_rmse": 4.15630559536983,
  "naive_insample_rmse": 6.6734637289322345,
  "gof_volatility_near": NaN,
  "gof_volatility_far": NaN,
  "gof_volatility_weighted": NaN,
  "validation_coverage_90": NaN,
  "fit_attempts": [],
  "fit_strategy": "",
  "fit_scaled": false,
  "fit_recovered": false
}