{
  "experiment_id": "20260325_var_60",
  "trial_id": "20260325_var_60_013",
  "model_class": "VAR",
  "champion_eligible": true,
  "description": "VAR(1) trend=c with housing_starts",
  "gof_composite": -0.2527410160311286,
  "gof_insample": 0.1042750524454662,
  "gof_validation_near": -0.3505943299614971,
  "gof_validation_far": -1.2560645879297185,
  "gof_diagnostic": 0.16666666666666666,
  "rmse": 49.212015603135896,
  "mae": 33.86610474711594,
  "theil_u": 1.350594329961497,
  "directional_accuracy": 0.8245614035087719,
  "n_params": 3,
  "status": "ok",
  "diagnostics_passed": [
    "adf"
  ],
  "diagnostics_failed": [
    "ljung_box",
    "jarque_bera",
    "arch_lm",
    "cusum",
    "forecast_plausibility"
  ],
  "error_summary": "",
  "rmse_1yr": 49.212015603135896,
  "rmse_3yr": 258.77778118395116,
  "insample_rmse": 5.977587948604909,
  "naive_insample_rmse": 6.6734637289322345
}