{
  "experiment_id": "20260330_arimax_full20_300",
  "trial_id": "20260330_arimax_full20_300_037",
  "model_class": "ARIMAX",
  "champion_eligible": true,
  "description": "ARIMAX(1, 1, 0) trend=t with mortgage_rate, new_home_sales",
  "gof_composite": -1.1936145508151141,
  "gof_insample": -3.2708679066381325,
  "gof_validation_near": 0.15205829023557038,
  "gof_validation_far": -0.06610907447254655,
  "gof_diagnostic": 0.7142857142857143,
  "rmse": 30.896709489863216,
  "mae": 21.176047236655744,
  "theil_u": 0.8479417097644296,
  "directional_accuracy": 0.8195488721804511,
  "n_params": 5,
  "status": "ok",
  "diagnostics_passed": [
    "ljung_box",
    "cusum",
    "adf",
    "economic_sign",
    "forecast_plausibility"
  ],
  "diagnostics_failed": [
    "jarque_bera",
    "arch_lm"
  ],
  "error_summary": "",
  "rmse_1yr": 30.896709489863216,
  "rmse_3yr": 122.28610043706594,
  "insample_rmse": 28.50148206601032,
  "naive_insample_rmse": 6.6734637289322345,
  "gof_volatility_near": NaN,
  "gof_volatility_far": NaN,
  "gof_volatility_weighted": NaN,
  "validation_coverage_90": NaN,
  "fit_attempts": [],
  "fit_strategy": "",
  "fit_scaled": false,
  "fit_recovered": false
}