{
  "experiment_id": "20260330_arimax_garch_full20_300",
  "trial_id": "20260330_arimax_garch_full20_300_105",
  "model_class": "ARIMAX-GARCH",
  "champion_eligible": true,
  "description": "ARIMAX-GARCH(1, 1, 1) trend=t GARCH(1,1) dist=normal with fed_funds, mortgage_rate",
  "gof_composite": -1.224440267940651,
  "gof_insample": -1.3730116073265175,
  "gof_validation_near": 0.08751949401946546,
  "gof_validation_far": -0.3753241628578017,
  "gof_diagnostic": 0.4444444444444444,
  "rmse": 33.24832919974687,
  "mae": 21.902680892797797,
  "theil_u": 0.9124805059805345,
  "directional_accuracy": 0.7167919799498746,
  "n_params": 9,
  "status": "ok",
  "diagnostics_passed": [
    "arch_lm",
    "cusum",
    "forecast_plausibility",
    "std_resid_unit_variance"
  ],
  "diagnostics_failed": [
    "ljung_box",
    "jarque_bera",
    "adf",
    "economic_sign",
    "volatility_coverage_90"
  ],
  "error_summary": "",
  "rmse_1yr": 33.24832919974687,
  "rmse_3yr": 157.75405419559033,
  "insample_rmse": 15.836206889828697,
  "naive_insample_rmse": 6.6734637289322345,
  "gof_volatility_near": -1.4630619300195464,
  "gof_volatility_far": -7.803904662037411,
  "gof_volatility_weighted": -3.365314749624906,
  "validation_coverage_90": 0.2025,
  "fit_attempts": [],
  "fit_strategy": "",
  "fit_scaled": false,
  "fit_recovered": false
}