{
  "experiment_id": "20260329_lstm_gru_300",
  "trial_id": "20260329_lstm_gru_300_041",
  "model_class": "LSTM / GRU",
  "champion_eligible": true,
  "description": "GRU lookback=4 hidden_size=16 num_layers=1 epochs=75 learning_rate=0.01 with unemployment_rate",
  "gof_composite": 0.1946538349579447,
  "gof_insample": -0.16628934218388247,
  "gof_validation_near": 0.5982769782840452,
  "gof_validation_far": 0.12292864065832343,
  "gof_diagnostic": 0.3333333333333333,
  "rmse": 14.637703694038208,
  "mae": 10.882195882161456,
  "theil_u": 0.40172302171595475,
  "directional_accuracy": 0.8045112781954887,
  "n_params": 8,
  "status": "ok",
  "diagnostics_passed": [
    "jarque_bera",
    "forecast_plausibility"
  ],
  "diagnostics_failed": [
    "ljung_box",
    "arch_lm",
    "cusum",
    "adf"
  ],
  "error_summary": "",
  "rmse_1yr": 14.637703694038208,
  "rmse_3yr": 100.60287348364757,
  "insample_rmse": 7.783189622504374,
  "naive_insample_rmse": 6.6734637289322345,
  "gof_volatility_near": NaN,
  "gof_volatility_far": NaN,
  "gof_volatility_weighted": NaN,
  "validation_coverage_90": NaN,
  "fit_attempts": [],
  "fit_strategy": "",
  "fit_scaled": false,
  "fit_recovered": false
}