{
  "experiment_id": "20260331_vecm_full20_300",
  "trial_id": "20260331_vecm_full20_300_044",
  "model_class": "VECM",
  "champion_eligible": true,
  "description": "VECM(k_ar_diff=2) deterministic=ci with consumer_confidence, per_capita_income",
  "gof_composite": -0.007328455988461012,
  "gof_insample": 0.3023453135724652,
  "gof_validation_near": -0.025690673655911267,
  "gof_validation_far": -1.0173878598080766,
  "gof_diagnostic": 0.3333333333333333,
  "rmse": 37.37340244674702,
  "mae": 22.75758639522616,
  "theil_u": 1.0256906736559113,
  "directional_accuracy": 0.38345864661654133,
  "n_params": 25,
  "status": "ok",
  "diagnostics_passed": [
    "adf",
    "forecast_plausibility"
  ],
  "diagnostics_failed": [
    "ljung_box",
    "jarque_bera",
    "arch_lm",
    "cusum"
  ],
  "error_summary": "",
  "rmse_1yr": 37.37340244674702,
  "rmse_3yr": 231.40080161784672,
  "insample_rmse": 4.655773245193745,
  "naive_insample_rmse": 6.6734637289322345,
  "gof_volatility_near": NaN,
  "gof_volatility_far": NaN,
  "gof_volatility_weighted": NaN,
  "validation_coverage_90": NaN,
  "fit_attempts": [],
  "fit_strategy": "",
  "fit_scaled": false,
  "fit_recovered": false
}