{
  "experiment_id": "20260330_nbeats_full20_300",
  "trial_id": "20260330_nbeats_full20_300_032",
  "model_class": "N-BEATS",
  "champion_eligible": true,
  "description": "N-BEATS lookback=8 stack_width=64 n_blocks=3 n_layers=2 epochs=75 learning_rate=0.01 with fed_funds",
  "gof_composite": 0.2782291426228126,
  "gof_insample": 0.6310246131802784,
  "gof_validation_near": 0.0928761218268711,
  "gof_validation_far": -0.26680452414691325,
  "gof_diagnostic": 0.3333333333333333,
  "rmse": 33.053148126207375,
  "mae": 24.64623341878255,
  "theil_u": 0.9071238781731289,
  "directional_accuracy": 0.6466165413533834,
  "n_params": 7,
  "status": "ok",
  "diagnostics_passed": [
    "cusum",
    "adf"
  ],
  "diagnostics_failed": [
    "ljung_box",
    "jarque_bera",
    "arch_lm",
    "forecast_plausibility"
  ],
  "error_summary": "",
  "rmse_1yr": 33.053148126207375,
  "rmse_3yr": 145.30650660731067,
  "insample_rmse": 2.4623438608101536,
  "naive_insample_rmse": 6.6734637289322345,
  "gof_volatility_near": NaN,
  "gof_volatility_far": NaN,
  "gof_volatility_weighted": NaN,
  "validation_coverage_90": NaN,
  "fit_attempts": [],
  "fit_strategy": "",
  "fit_scaled": false,
  "fit_recovered": false
}