{
  "experiment_id": "20260330_svr_full20_300",
  "trial_id": "20260330_svr_full20_300_130",
  "model_class": "Support Vector Regression",
  "champion_eligible": true,
  "description": "Support Vector Regression kernel=rbf C=10.0 epsilon=0.1 gamma=0.1 lags=[1, 4, 8] with consumer_confidence",
  "gof_composite": -2.7521751013015985,
  "gof_insample": -6.854823789208506,
  "gof_validation_near": -0.09142301189616231,
  "gof_validation_far": 0.03390534585862759,
  "gof_diagnostic": 0.16666666666666666,
  "rmse": 39.768511609690165,
  "mae": 32.51965319293069,
  "theil_u": 1.0914230118961623,
  "directional_accuracy": 0.49373433583959897,
  "n_params": 5,
  "status": "ok",
  "diagnostics_passed": [
    "forecast_plausibility"
  ],
  "diagnostics_failed": [
    "ljung_box",
    "jarque_bera",
    "arch_lm",
    "cusum",
    "adf"
  ],
  "error_summary": "",
  "rmse_1yr": 39.768511609690165,
  "rmse_3yr": 110.81412843849363,
  "insample_rmse": 52.41888165443702,
  "naive_insample_rmse": 6.6734637289322345,
  "gof_volatility_near": NaN,
  "gof_volatility_far": NaN,
  "gof_volatility_weighted": NaN,
  "validation_coverage_90": NaN,
  "fit_attempts": [],
  "fit_strategy": "",
  "fit_scaled": false,
  "fit_recovered": false
}