{
  "experiment_id": "20260331_var_full20_300",
  "trial_id": "20260331_var_full20_300_005",
  "model_class": "VAR",
  "champion_eligible": true,
  "description": "VAR(2) trend=c with treasury_10y",
  "gof_composite": -0.08149092568212306,
  "gof_insample": 0.2843147257395784,
  "gof_validation_near": -0.15378571343844172,
  "gof_validation_far": -1.275945441829999,
  "gof_diagnostic": 0.5,
  "rmse": 42.040840297342704,
  "mae": 27.27531867982635,
  "theil_u": 1.1537857134384417,
  "directional_accuracy": 0.8320802005012531,
  "n_params": 10,
  "status": "ok",
  "diagnostics_passed": [
    "cusum",
    "adf",
    "forecast_plausibility"
  ],
  "diagnostics_failed": [
    "ljung_box",
    "jarque_bera",
    "arch_lm"
  ],
  "error_summary": "",
  "rmse_1yr": 42.040840297342704,
  "rmse_3yr": 261.058178335647,
  "insample_rmse": 4.776099719107842,
  "naive_insample_rmse": 6.6734637289322345,
  "gof_volatility_near": NaN,
  "gof_volatility_far": NaN,
  "gof_volatility_weighted": NaN,
  "validation_coverage_90": NaN,
  "fit_attempts": [],
  "fit_strategy": "",
  "fit_scaled": false,
  "fit_recovered": false
}