{
  "experiment_id": "20260331_vecm_full20_300",
  "trial_id": "20260331_vecm_full20_300_084",
  "model_class": "VECM",
  "champion_eligible": true,
  "description": "VECM(k_ar_diff=4) deterministic=ci with mortgage_rate, new_home_sales",
  "gof_composite": 0.13314060427003194,
  "gof_insample": 0.4774737535341159,
  "gof_validation_near": -0.07242537272169391,
  "gof_validation_far": -0.6611112223845883,
  "gof_diagnostic": 0.6666666666666666,
  "rmse": 39.076288863942864,
  "mae": 23.360610575615457,
  "theil_u": 1.072425372721694,
  "directional_accuracy": 0.6015037593984962,
  "n_params": 43,
  "status": "ok",
  "diagnostics_passed": [
    "ljung_box",
    "cusum",
    "adf",
    "forecast_plausibility"
  ],
  "diagnostics_failed": [
    "jarque_bera",
    "arch_lm"
  ],
  "error_summary": "",
  "rmse_1yr": 39.076288863942864,
  "rmse_3yr": 190.53473855680042,
  "insample_rmse": 3.4870599532051827,
  "naive_insample_rmse": 6.6734637289322345,
  "gof_volatility_near": NaN,
  "gof_volatility_far": NaN,
  "gof_volatility_weighted": NaN,
  "validation_coverage_90": NaN,
  "fit_attempts": [],
  "fit_strategy": "",
  "fit_scaled": false,
  "fit_recovered": false
}