{
  "experiment_id": "20260325_var_refine2_20",
  "trial_id": "20260325_var_refine2_20_011",
  "model_class": "VAR",
  "champion_eligible": true,
  "description": "VAR(6) trend=ct with mortgage_rate, term_spread",
  "gof_composite": -0.22836678296463458,
  "gof_insample": 0.4805039582418186,
  "gof_validation_near": -0.45009166408605994,
  "gof_validation_far": -2.1980196699860515,
  "gof_diagnostic": 0.6666666666666666,
  "rmse": 52.837430171215715,
  "mae": 34.353828793583915,
  "theil_u": 1.45009166408606,
  "directional_accuracy": 0.5839598997493735,
  "n_params": 60,
  "status": "ok",
  "diagnostics_passed": [
    "ljung_box",
    "cusum",
    "adf",
    "forecast_plausibility"
  ],
  "diagnostics_failed": [
    "jarque_bera",
    "arch_lm"
  ],
  "error_summary": "",
  "rmse_1yr": 52.837430171215715,
  "rmse_3yr": 366.823023954757,
  "insample_rmse": 3.466837991997089,
  "naive_insample_rmse": 6.6734637289322345,
  "gof_volatility_near": NaN,
  "gof_volatility_far": NaN,
  "gof_volatility_weighted": NaN,
  "validation_coverage_90": NaN,
  "fit_attempts": [],
  "fit_strategy": "",
  "fit_scaled": false,
  "fit_recovered": false
}