{
  "experiment_id": "20260330_lstm_gru_full20_300",
  "trial_id": "20260330_lstm_gru_full20_300_031",
  "model_class": "LSTM / GRU",
  "champion_eligible": true,
  "description": "GRU lookback=8 hidden_size=32 num_layers=1 epochs=75 learning_rate=0.01 with consumer_confidence",
  "gof_composite": 0.31041874333856584,
  "gof_insample": 0.12477656421141403,
  "gof_validation_near": 0.4975445672091531,
  "gof_validation_far": 0.13133901642753332,
  "gof_diagnostic": 0.6666666666666666,
  "rmse": 18.30812113589169,
  "mae": 13.285706339518226,
  "theil_u": 0.5024554327908469,
  "directional_accuracy": 0.6892230576441103,
  "n_params": 8,
  "status": "ok",
  "diagnostics_passed": [
    "jarque_bera",
    "cusum",
    "adf",
    "forecast_plausibility"
  ],
  "diagnostics_failed": [
    "ljung_box",
    "arch_lm"
  ],
  "error_summary": "",
  "rmse_1yr": 18.30812113589169,
  "rmse_3yr": 99.63817664290836,
  "insample_rmse": 5.840771853446579,
  "naive_insample_rmse": 6.6734637289322345,
  "gof_volatility_near": NaN,
  "gof_volatility_far": NaN,
  "gof_volatility_weighted": NaN,
  "validation_coverage_90": NaN,
  "fit_attempts": [],
  "fit_strategy": "",
  "fit_scaled": false,
  "fit_recovered": false
}