{
  "experiment_id": "20260330_xgboost_full20_300",
  "trial_id": "20260330_xgboost_full20_300_082",
  "model_class": "XGBoost",
  "champion_eligible": true,
  "description": "XGBoost n_estimators=500 learning_rate=0.03 max_depth=2 subsample=0.8 colsample_bytree=0.8 lags=[1, 4, 8] with consumer_confidence",
  "gof_composite": 0.5370029854201874,
  "gof_insample": 0.7955702432102267,
  "gof_validation_near": 0.36788643800662935,
  "gof_validation_far": 0.04454201000295355,
  "gof_diagnostic": 0.8333333333333334,
  "rmse": 23.032513750193505,
  "mae": 17.746165802001947,
  "theil_u": 0.6321135619933707,
  "directional_accuracy": 0.3283208020050125,
  "n_params": 11,
  "status": "ok",
  "diagnostics_passed": [
    "ljung_box",
    "jarque_bera",
    "cusum",
    "adf",
    "forecast_plausibility"
  ],
  "diagnostics_failed": [
    "arch_lm"
  ],
  "error_summary": "",
  "rmse_1yr": 23.032513750193505,
  "rmse_3yr": 109.5940692428509,
  "insample_rmse": 1.3642545670509902,
  "naive_insample_rmse": 6.6734637289322345,
  "gof_volatility_near": NaN,
  "gof_volatility_far": NaN,
  "gof_volatility_weighted": NaN,
  "validation_coverage_90": NaN,
  "fit_attempts": [],
  "fit_strategy": "",
  "fit_scaled": false,
  "fit_recovered": false
}