{
  "experiment_id": "20260330_arimax_garch_full20_300",
  "trial_id": "20260330_arimax_garch_full20_300_078",
  "model_class": "ARIMAX-GARCH",
  "champion_eligible": true,
  "description": "ARIMAX-GARCH(1, 1, 1) trend=t GARCH(1,1) dist=normal with consumer_confidence",
  "gof_composite": -1.105433902360526,
  "gof_insample": -1.6283789381365792,
  "gof_validation_near": -0.10828640603249728,
  "gof_validation_far": -1.6978926328648343,
  "gof_diagnostic": 0.4444444444444444,
  "rmse": 40.38296822108643,
  "mae": 24.7661238648664,
  "theil_u": 1.1082864060324973,
  "directional_accuracy": 0.8145363408521303,
  "n_params": 8,
  "status": "ok",
  "diagnostics_passed": [
    "arch_lm",
    "cusum",
    "forecast_plausibility",
    "std_resid_unit_variance"
  ],
  "diagnostics_failed": [
    "ljung_box",
    "jarque_bera",
    "adf",
    "economic_sign",
    "volatility_coverage_90"
  ],
  "error_summary": "",
  "rmse_1yr": 40.38296822108643,
  "rmse_3yr": 309.456862689358,
  "insample_rmse": 17.540391509543884,
  "naive_insample_rmse": 6.6734637289322345,
  "gof_volatility_near": -1.0351632149275258,
  "gof_volatility_far": -3.7780031727609584,
  "gof_volatility_weighted": -1.8580152022775556,
  "validation_coverage_90": 0.2025,
  "fit_attempts": [],
  "fit_strategy": "",
  "fit_scaled": false,
  "fit_recovered": false
}