{
  "experiment_id": "20260330_arimax_garch_full20_300",
  "trial_id": "20260330_arimax_garch_full20_300_020",
  "model_class": "ARIMAX-GARCH",
  "champion_eligible": true,
  "description": "ARIMAX-GARCH(1, 1, 0) trend=t GARCH(1,1) dist=normal with consumer_confidence, population",
  "gof_composite": -0.4779466535650191,
  "gof_insample": -1.6078098274602248,
  "gof_validation_near": 0.17326564463937322,
  "gof_validation_far": 0.007661498274229128,
  "gof_diagnostic": 0.5555555555555556,
  "rmse": 30.123970679497464,
  "mae": 21.19841391295372,
  "theil_u": 0.8267343553606268,
  "directional_accuracy": 0.8395989974937343,
  "n_params": 8,
  "status": "ok",
  "diagnostics_passed": [
    "arch_lm",
    "cusum",
    "adf",
    "forecast_plausibility",
    "std_resid_unit_variance"
  ],
  "diagnostics_failed": [
    "ljung_box",
    "jarque_bera",
    "economic_sign",
    "volatility_coverage_90"
  ],
  "error_summary": "",
  "rmse_1yr": 30.123970679497464,
  "rmse_3yr": 113.82438119630696,
  "insample_rmse": 17.40312429550884,
  "naive_insample_rmse": 6.6734637289322345,
  "gof_volatility_near": -0.3518871382292541,
  "gof_volatility_far": -0.44882096906205304,
  "gof_volatility_weighted": -0.3809672874790938,
  "validation_coverage_90": 0.3125,
  "fit_attempts": [],
  "fit_strategy": "",
  "fit_scaled": false,
  "fit_recovered": false
}