{
  "experiment_id": "20260330_nbeats_full20_300",
  "trial_id": "20260330_nbeats_full20_300_043",
  "model_class": "N-BEATS",
  "champion_eligible": true,
  "description": "N-BEATS lookback=4 stack_width=64 n_blocks=2 n_layers=2 epochs=75 learning_rate=0.01 with housing_inventory",
  "gof_composite": 0.5352945017365615,
  "gof_insample": 0.6024746801532722,
  "gof_validation_near": 0.49467354293724497,
  "gof_validation_far": 0.36334815320366787,
  "gof_diagnostic": 0.6666666666666666,
  "rmse": 18.412733518849162,
  "mae": 14.391301289876303,
  "theil_u": 0.505326457062755,
  "directional_accuracy": 0.8546365914786967,
  "n_params": 7,
  "status": "ok",
  "diagnostics_passed": [
    "jarque_bera",
    "arch_lm",
    "cusum",
    "adf"
  ],
  "diagnostics_failed": [
    "ljung_box",
    "forecast_plausibility"
  ],
  "error_summary": "",
  "rmse_1yr": 18.412733518849162,
  "rmse_3yr": 73.02599100312283,
  "insample_rmse": 2.652870803329323,
  "naive_insample_rmse": 6.6734637289322345,
  "gof_volatility_near": NaN,
  "gof_volatility_far": NaN,
  "gof_volatility_weighted": NaN,
  "validation_coverage_90": NaN,
  "fit_attempts": [],
  "fit_strategy": "",
  "fit_scaled": false,
  "fit_recovered": false
}