{
  "experiment_id": "20260330_ardl_300",
  "trial_id": "20260330_ardl_300_052",
  "model_class": "ARDL",
  "champion_eligible": true,
  "description": "ARDL(ar_lags=4, distributed_lags=2) trend=ct with unemployment_rate",
  "gof_composite": -0.023158386780894588,
  "gof_insample": 0.4463523815586383,
  "gof_validation_near": -0.32319296213473714,
  "gof_validation_far": -1.0667358272384226,
  "gof_diagnostic": 0.7142857142857143,
  "rmse": 48.213583645350155,
  "mae": 29.747869006362443,
  "theil_u": 1.3231929621347371,
  "directional_accuracy": 0.5889724310776943,
  "n_params": 9,
  "status": "ok",
  "diagnostics_passed": [
    "ljung_box",
    "cusum",
    "adf",
    "economic_sign",
    "forecast_plausibility"
  ],
  "diagnostics_failed": [
    "jarque_bera",
    "arch_lm"
  ],
  "error_summary": "",
  "rmse_1yr": 48.213583645350155,
  "rmse_3yr": 237.06117037939953,
  "insample_rmse": 3.6947473002781406,
  "naive_insample_rmse": 6.6734637289322345,
  "gof_volatility_near": NaN,
  "gof_volatility_far": NaN,
  "gof_volatility_weighted": NaN,
  "validation_coverage_90": NaN,
  "fit_attempts": [],
  "fit_strategy": "",
  "fit_scaled": false,
  "fit_recovered": false
}