{
  "experiment_id": "20260330_nbeats_full20_300",
  "trial_id": "20260330_nbeats_full20_300_027",
  "model_class": "N-BEATS",
  "champion_eligible": true,
  "description": "N-BEATS lookback=4 stack_width=64 n_blocks=2 n_layers=2 epochs=75 learning_rate=0.01 with fed_funds",
  "gof_composite": 0.03301624607888493,
  "gof_insample": 0.49904019976267233,
  "gof_validation_near": -0.30193840225875257,
  "gof_validation_far": -0.628364842459693,
  "gof_diagnostic": 0.3333333333333333,
  "rmse": 47.43912479486427,
  "mae": 34.69726116943359,
  "theil_u": 1.3019384022587526,
  "directional_accuracy": 0.6115288220551378,
  "n_params": 7,
  "status": "ok",
  "diagnostics_passed": [
    "jarque_bera",
    "adf"
  ],
  "diagnostics_failed": [
    "ljung_box",
    "arch_lm",
    "cusum",
    "forecast_plausibility"
  ],
  "error_summary": "",
  "rmse_1yr": 47.43912479486427,
  "rmse_3yr": 186.77862466533276,
  "insample_rmse": 3.343137056536944,
  "naive_insample_rmse": 6.6734637289322345,
  "gof_volatility_near": NaN,
  "gof_volatility_far": NaN,
  "gof_volatility_weighted": NaN,
  "validation_coverage_90": NaN,
  "fit_attempts": [],
  "fit_strategy": "",
  "fit_scaled": false,
  "fit_recovered": false
}