{
  "experiment_id": "20260329_lstm_gru_300",
  "trial_id": "20260329_lstm_gru_300_044",
  "model_class": "LSTM / GRU",
  "champion_eligible": true,
  "description": "GRU lookback=4 hidden_size=32 num_layers=2 epochs=75 learning_rate=0.01 with unemployment_rate",
  "gof_composite": 0.06490208636594023,
  "gof_insample": -0.20605808471726372,
  "gof_validation_near": 0.22206688477807301,
  "gof_validation_far": 0.019568292759023387,
  "gof_diagnostic": 0.6666666666666666,
  "rmse": 28.345785077884177,
  "mae": 16.32163771565755,
  "theil_u": 0.777933115221927,
  "directional_accuracy": 0.7819548872180451,
  "n_params": 8,
  "status": "ok",
  "diagnostics_passed": [
    "jarque_bera",
    "cusum",
    "adf",
    "forecast_plausibility"
  ],
  "diagnostics_failed": [
    "ljung_box",
    "arch_lm"
  ],
  "error_summary": "",
  "rmse_1yr": 28.345785077884177,
  "rmse_3yr": 112.45863401235074,
  "insample_rmse": 8.04858488334614,
  "naive_insample_rmse": 6.6734637289322345,
  "gof_volatility_near": NaN,
  "gof_volatility_far": NaN,
  "gof_volatility_weighted": NaN,
  "validation_coverage_90": NaN,
  "fit_attempts": [],
  "fit_strategy": "",
  "fit_scaled": false,
  "fit_recovered": false
}