{
  "experiment_id": "20260330_arimax_garch_full20_300",
  "trial_id": "20260330_arimax_garch_full20_300_031",
  "model_class": "ARIMAX-GARCH",
  "champion_eligible": true,
  "description": "ARIMAX-GARCH(1, 1, 0) trend=t GARCH(1,1) dist=normal with fed_funds, new_home_sales",
  "gof_composite": -0.8652416322060122,
  "gof_insample": -2.9241203066254147,
  "gof_validation_near": 0.19375599801177446,
  "gof_validation_far": -0.036249964202201834,
  "gof_diagnostic": 0.4444444444444444,
  "rmse": 29.377357453374174,
  "mae": 19.517373809566358,
  "theil_u": 0.8062440019882255,
  "directional_accuracy": 0.8270676691729323,
  "n_params": 8,
  "status": "ok",
  "diagnostics_passed": [
    "cusum",
    "adf",
    "economic_sign",
    "forecast_plausibility"
  ],
  "diagnostics_failed": [
    "ljung_box",
    "jarque_bera",
    "arch_lm",
    "volatility_coverage_90",
    "std_resid_unit_variance"
  ],
  "error_summary": "",
  "rmse_1yr": 29.377357453374174,
  "rmse_3yr": 118.86116555478169,
  "insample_rmse": 26.187474534231143,
  "naive_insample_rmse": 6.6734637289322345,
  "gof_volatility_near": -0.2600844022297697,
  "gof_volatility_far": -0.4233228980712793,
  "gof_volatility_weighted": -0.3090559509822226,
  "validation_coverage_90": 0.3225,
  "fit_attempts": [],
  "fit_strategy": "",
  "fit_scaled": false,
  "fit_recovered": false
}