{
  "experiment_id": "20260330_arimax_full20_300",
  "trial_id": "20260330_arimax_full20_300_025",
  "model_class": "ARIMAX",
  "champion_eligible": true,
  "description": "ARIMAX(1, 1, 0) trend=t with treasury_10y, personal_consumption",
  "gof_composite": -0.6287686634959272,
  "gof_insample": -1.9048725373389108,
  "gof_validation_near": 0.18444778143240537,
  "gof_validation_far": -0.018699623268507937,
  "gof_diagnostic": 0.7142857142857143,
  "rmse": 29.716523766588548,
  "mae": 20.668810420977948,
  "theil_u": 0.8155522185675946,
  "directional_accuracy": 0.8170426065162907,
  "n_params": 5,
  "status": "ok",
  "diagnostics_passed": [
    "ljung_box",
    "cusum",
    "adf",
    "economic_sign",
    "forecast_plausibility"
  ],
  "diagnostics_failed": [
    "jarque_bera",
    "arch_lm"
  ],
  "error_summary": "",
  "rmse_1yr": 29.716523766588548,
  "rmse_3yr": 116.84808565000341,
  "insample_rmse": 19.38556151510257,
  "naive_insample_rmse": 6.6734637289322345,
  "gof_volatility_near": NaN,
  "gof_volatility_far": NaN,
  "gof_volatility_weighted": NaN,
  "validation_coverage_90": NaN,
  "fit_attempts": [],
  "fit_strategy": "",
  "fit_scaled": false,
  "fit_recovered": false
}