{
  "experiment_id": "20260330_tcn_full20_300",
  "trial_id": "20260330_tcn_full20_300_002",
  "model_class": "TCN",
  "champion_eligible": true,
  "description": "TCN lookback=4 channels=16 num_blocks=3 kernel_size=2 epochs=75 learning_rate=0.01 with no exogenous variables",
  "gof_composite": 0.055337937553087295,
  "gof_insample": 0.04360676879405612,
  "gof_validation_near": -0.025600906587321504,
  "gof_validation_far": -0.13207412883759528,
  "gof_diagnostic": 0.6666666666666666,
  "rmse": 37.37013157681807,
  "mae": 30.255487345377603,
  "theil_u": 1.0256009065873215,
  "directional_accuracy": 0.6165413533834586,
  "n_params": 7,
  "status": "ok",
  "diagnostics_passed": [
    "jarque_bera",
    "cusum",
    "adf",
    "forecast_plausibility"
  ],
  "diagnostics_failed": [
    "ljung_box",
    "arch_lm"
  ],
  "error_summary": "",
  "rmse_1yr": 37.37013157681807,
  "rmse_3yr": 129.85250190251804,
  "insample_rmse": 6.382455539049167,
  "naive_insample_rmse": 6.6734637289322345,
  "gof_volatility_near": NaN,
  "gof_volatility_far": NaN,
  "gof_volatility_weighted": NaN,
  "validation_coverage_90": NaN,
  "fit_attempts": [],
  "fit_strategy": "",
  "fit_scaled": false,
  "fit_recovered": false
}