{
  "experiment_id": "20260325_arimax_60",
  "trial_id": "20260325_arimax_60_031",
  "model_class": "ARIMAX",
  "champion_eligible": true,
  "description": "ARIMAX(1, 1, 1) trend=t with mortgage_rate, housing_starts, term_spread",
  "gof_composite": -0.5536114333749814,
  "gof_insample": -1.4131367437798565,
  "gof_validation_near": 0.02522643228400301,
  "gof_validation_far": -0.36219229536864606,
  "gof_diagnostic": 0.5714285714285714,
  "rmse": 35.51812040061773,
  "mae": 25.650243201782327,
  "theil_u": 0.974773567715997,
  "directional_accuracy": 0.7869674185463659,
  "n_params": 7,
  "status": "ok",
  "diagnostics_passed": [
    "ljung_box",
    "cusum",
    "adf",
    "forecast_plausibility"
  ],
  "diagnostics_failed": [
    "jarque_bera",
    "arch_lm",
    "economic_sign"
  ],
  "error_summary": "",
  "rmse_1yr": 35.51812040061773,
  "rmse_3yr": 156.24778724302772,
  "insample_rmse": 16.10398053256851,
  "naive_insample_rmse": 6.6734637289322345
}