{
  "experiment_id": "20260325_arimax_garch_60_volaware",
  "trial_id": "20260325_arimax_garch_60_volaware_019",
  "model_class": "ARIMAX-GARCH",
  "champion_eligible": true,
  "description": "ARIMAX-GARCH(1, 1, 1) trend=t GARCH(1,1) dist=normal with mortgage_rate, per_capita_income",
  "gof_composite": -0.7458075548077235,
  "gof_insample": -1.4646947394591092,
  "gof_validation_near": -0.11180083765290316,
  "gof_validation_far": -1.952035299178184,
  "gof_diagnostic": 0.4444444444444444,
  "rmse": 40.51102463292143,
  "mae": 25.278752950857406,
  "theil_u": 1.1118008376529032,
  "directional_accuracy": 0.6791979949874687,
  "n_params": 9,
  "status": "ok",
  "diagnostics_passed": [
    "arch_lm",
    "cusum",
    "forecast_plausibility",
    "std_resid_unit_variance"
  ],
  "diagnostics_failed": [
    "ljung_box",
    "jarque_bera",
    "adf",
    "economic_sign",
    "volatility_coverage_90"
  ],
  "error_summary": "",
  "rmse_1yr": 40.51102463292143,
  "rmse_3yr": 338.60783453856936,
  "insample_rmse": 16.44805094667045,
  "naive_insample_rmse": 6.6734637289322345,
  "gof_volatility_near": -0.5198776438581667,
  "gof_volatility_far": -0.4894833387761568,
  "gof_volatility_weighted": -0.5107593523335636,
  "validation_coverage_90": 0.1725,
  "fit_attempts": [],
  "fit_strategy": "",
  "fit_scaled": false,
  "fit_recovered": false
}