{
  "experiment_id": "20260330_xgboost_full20_300",
  "trial_id": "20260330_xgboost_full20_300_092",
  "model_class": "XGBoost",
  "champion_eligible": true,
  "description": "XGBoost n_estimators=200 learning_rate=0.03 max_depth=3 subsample=0.8 colsample_bytree=0.8 lags=[1, 2, 4, 8] with consumer_confidence",
  "gof_composite": 0.39639964156725566,
  "gof_insample": 0.6865165013781734,
  "gof_validation_near": 0.3020468669061678,
  "gof_validation_far": -0.003933527118927582,
  "gof_diagnostic": 0.16666666666666666,
  "rmse": 25.431530189417014,
  "mae": 20.604400736490884,
  "theil_u": 0.6979531330938322,
  "directional_accuracy": 0.2556390977443609,
  "n_params": 12,
  "status": "ok",
  "diagnostics_passed": [
    "forecast_plausibility"
  ],
  "diagnostics_failed": [
    "ljung_box",
    "jarque_bera",
    "arch_lm",
    "cusum",
    "adf"
  ],
  "error_summary": "",
  "rmse_1yr": 25.431530189417014,
  "rmse_3yr": 115.1543674742114,
  "insample_rmse": 2.0920207576715377,
  "naive_insample_rmse": 6.6734637289322345,
  "gof_volatility_near": NaN,
  "gof_volatility_far": NaN,
  "gof_volatility_weighted": NaN,
  "validation_coverage_90": NaN,
  "fit_attempts": [],
  "fit_strategy": "",
  "fit_scaled": false,
  "fit_recovered": false
}