{
  "experiment_id": "20260325_var_60",
  "trial_id": "20260325_var_60_051",
  "model_class": "VAR",
  "champion_eligible": true,
  "description": "VAR(4) trend=c with mortgage_rate, real_gdp, building_permits",
  "gof_composite": -0.02036977053926578,
  "gof_insample": 0.5054353306163564,
  "gof_validation_near": -0.263829138614853,
  "gof_validation_far": -1.312469139581843,
  "gof_diagnostic": 0.6666666666666666,
  "rmse": 46.050525986574385,
  "mae": 27.91970707851279,
  "theil_u": 1.263829138614853,
  "directional_accuracy": 0.543859649122807,
  "n_params": 17,
  "status": "ok",
  "diagnostics_passed": [
    "ljung_box",
    "cusum",
    "adf",
    "forecast_plausibility"
  ],
  "diagnostics_failed": [
    "jarque_bera",
    "arch_lm"
  ],
  "error_summary": "",
  "rmse_1yr": 46.050525986574385,
  "rmse_3yr": 265.2475625914979,
  "insample_rmse": 3.300459382743108,
  "naive_insample_rmse": 6.6734637289322345
}