{
  "experiment_id": "20260330_arimax_full20_300",
  "trial_id": "20260330_arimax_full20_300_010",
  "model_class": "ARIMAX",
  "champion_eligible": true,
  "description": "ARIMAX(1, 1, 0) trend=t with m2_money_supply",
  "gof_composite": -0.5607549709370612,
  "gof_insample": -1.7010663902204533,
  "gof_validation_near": 0.17605858661709162,
  "gof_validation_far": 0.006054817948539792,
  "gof_diagnostic": 0.5714285714285714,
  "rmse": 30.02220340479696,
  "mae": 21.288928813360023,
  "theil_u": 0.8239414133829084,
  "directional_accuracy": 0.8195488721804511,
  "n_params": 4,
  "status": "ok",
  "diagnostics_passed": [
    "ljung_box",
    "cusum",
    "adf",
    "forecast_plausibility"
  ],
  "diagnostics_failed": [
    "jarque_bera",
    "arch_lm",
    "economic_sign"
  ],
  "error_summary": "",
  "rmse_1yr": 30.02220340479696,
  "rmse_3yr": 114.00867253795482,
  "insample_rmse": 18.025468584574117,
  "naive_insample_rmse": 6.6734637289322345,
  "gof_volatility_near": NaN,
  "gof_volatility_far": NaN,
  "gof_volatility_weighted": NaN,
  "validation_coverage_90": NaN,
  "fit_attempts": [],
  "fit_strategy": "",
  "fit_scaled": false,
  "fit_recovered": false
}