{
  "experiment_id": "20260329_xgboost_300",
  "trial_id": "20260329_xgboost_300_035",
  "model_class": "XGBoost",
  "champion_eligible": true,
  "description": "XGBoost n_estimators=500 learning_rate=0.1 max_depth=3 subsample=0.8 colsample_bytree=0.8 lags=[1, 4, 8] with no exogenous variables",
  "gof_composite": 0.558257771867255,
  "gof_insample": 0.963527133895594,
  "gof_validation_near": 0.25851023782197424,
  "gof_validation_far": -0.006433321746712739,
  "gof_diagnostic": 0.8333333333333334,
  "rmse": 27.01788755984989,
  "mae": 21.464000539143875,
  "theil_u": 0.7414897621780258,
  "directional_accuracy": 0.18045112781954886,
  "n_params": 10,
  "status": "ok",
  "diagnostics_passed": [
    "jarque_bera",
    "arch_lm",
    "cusum",
    "adf",
    "forecast_plausibility"
  ],
  "diagnostics_failed": [
    "ljung_box"
  ],
  "error_summary": "",
  "rmse_1yr": 27.01788755984989,
  "rmse_3yr": 115.44110186588387,
  "insample_rmse": 0.24340034903795568,
  "naive_insample_rmse": 6.6734637289322345,
  "gof_volatility_near": NaN,
  "gof_volatility_far": NaN,
  "gof_volatility_weighted": NaN,
  "validation_coverage_90": NaN,
  "fit_attempts": [],
  "fit_strategy": "",
  "fit_scaled": false,
  "fit_recovered": false
}