{
  "experiment_id": "20260325_var_60",
  "trial_id": "20260325_var_60_050",
  "model_class": "VAR",
  "champion_eligible": true,
  "description": "VAR(2) trend=c with mortgage_rate, real_gdp, building_permits",
  "gof_composite": -0.038814397362791256,
  "gof_insample": 0.31080654197157453,
  "gof_validation_near": -0.1369436992739148,
  "gof_validation_far": -1.1013781293703393,
  "gof_diagnostic": 0.5,
  "rmse": 41.42716271446957,
  "mae": 26.29965459125167,
  "theil_u": 1.1369436992739148,
  "directional_accuracy": 0.8045112781954887,
  "n_params": 9,
  "status": "ok",
  "diagnostics_passed": [
    "cusum",
    "adf",
    "forecast_plausibility"
  ],
  "diagnostics_failed": [
    "ljung_box",
    "jarque_bera",
    "arch_lm"
  ],
  "error_summary": "",
  "rmse_1yr": 41.42716271446957,
  "rmse_3yr": 241.0347525759216,
  "insample_rmse": 4.5993075443700775,
  "naive_insample_rmse": 6.6734637289322345
}