{
  "experiment_id": "20260331_var_full20_300",
  "trial_id": "20260331_var_full20_300_021",
  "model_class": "VAR",
  "champion_eligible": true,
  "description": "VAR(4) trend=c with personal_consumption",
  "gof_composite": -0.14585562648366884,
  "gof_insample": 0.45384511801952354,
  "gof_validation_near": -0.3216826549439764,
  "gof_validation_far": -1.8764760741850215,
  "gof_diagnostic": 0.6666666666666666,
  "rmse": 48.15855212375376,
  "mae": 32.25763495095109,
  "theil_u": 1.3216826549439764,
  "directional_accuracy": 0.39849624060150374,
  "n_params": 18,
  "status": "ok",
  "diagnostics_passed": [
    "ljung_box",
    "cusum",
    "adf",
    "forecast_plausibility"
  ],
  "diagnostics_failed": [
    "jarque_bera",
    "arch_lm"
  ],
  "error_summary": "",
  "rmse_1yr": 48.15855212375376,
  "rmse_3yr": 329.9409511982957,
  "insample_rmse": 3.6447447952759746,
  "naive_insample_rmse": 6.6734637289322345,
  "gof_volatility_near": NaN,
  "gof_volatility_far": NaN,
  "gof_volatility_weighted": NaN,
  "validation_coverage_90": NaN,
  "fit_attempts": [],
  "fit_strategy": "",
  "fit_scaled": false,
  "fit_recovered": false
}