{
  "experiment_id": "20260330_arimax_garch_full20_300",
  "trial_id": "20260330_arimax_garch_full20_300_033",
  "model_class": "ARIMAX-GARCH",
  "champion_eligible": true,
  "description": "ARIMAX-GARCH(1, 1, 0) trend=t GARCH(1,1) dist=normal with fed_funds, per_capita_income",
  "gof_composite": -0.5208577985532074,
  "gof_insample": -1.8053104785120242,
  "gof_validation_near": 0.2192143222502535,
  "gof_validation_far": 0.008117652040916523,
  "gof_diagnostic": 0.5555555555555556,
  "rmse": 28.44972476466783,
  "mae": 19.889678096364563,
  "theil_u": 0.7807856777497465,
  "directional_accuracy": 0.8345864661654135,
  "n_params": 8,
  "status": "ok",
  "diagnostics_passed": [
    "arch_lm",
    "cusum",
    "adf",
    "forecast_plausibility",
    "std_resid_unit_variance"
  ],
  "diagnostics_failed": [
    "ljung_box",
    "jarque_bera",
    "economic_sign",
    "volatility_coverage_90"
  ],
  "error_summary": "",
  "rmse_1yr": 28.44972476466783,
  "rmse_3yr": 113.77205890896926,
  "insample_rmse": 18.721137726743525,
  "naive_insample_rmse": 6.6734637289322345,
  "gof_volatility_near": -0.3251143843865012,
  "gof_volatility_far": -0.447207187388974,
  "gof_volatility_weighted": -0.361742225287243,
  "validation_coverage_90": 0.3125,
  "fit_attempts": [],
  "fit_strategy": "",
  "fit_scaled": false,
  "fit_recovered": false
}