{
  "experiment_id": "20260329_tcn_300",
  "trial_id": "20260329_tcn_300_057",
  "model_class": "TCN",
  "champion_eligible": true,
  "description": "TCN lookback=4 channels=16 num_blocks=2 kernel_size=2 epochs=75 learning_rate=0.01 with mortgage_rate, real_gdp",
  "gof_composite": 0.0417763744660855,
  "gof_insample": 0.3629592611207543,
  "gof_validation_near": -0.34192995200121223,
  "gof_validation_far": -0.33599008965639077,
  "gof_diagnostic": 0.6666666666666666,
  "rmse": 48.896309033136326,
  "mae": 37.17908483886719,
  "theil_u": 1.3419299520012122,
  "directional_accuracy": 0.5112781954887218,
  "n_params": 7,
  "status": "ok",
  "diagnostics_passed": [
    "jarque_bera",
    "cusum",
    "adf",
    "forecast_plausibility"
  ],
  "diagnostics_failed": [
    "ljung_box",
    "arch_lm"
  ],
  "error_summary": "",
  "rmse_1yr": 48.896309033136326,
  "rmse_3yr": 153.24231094034567,
  "insample_rmse": 4.251268264762837,
  "naive_insample_rmse": 6.6734637289322345,
  "gof_volatility_near": NaN,
  "gof_volatility_far": NaN,
  "gof_volatility_weighted": NaN,
  "validation_coverage_90": NaN,
  "fit_attempts": [],
  "fit_strategy": "",
  "fit_scaled": false,
  "fit_recovered": false
}