{
  "experiment_id": "20260331_vecm_full20_300",
  "trial_id": "20260331_vecm_full20_300_030",
  "model_class": "VECM",
  "champion_eligible": true,
  "description": "VECM(k_ar_diff=4) deterministic=ci with consumer_confidence, fed_funds",
  "gof_composite": 0.05931178385493835,
  "gof_insample": 0.46750387189713394,
  "gof_validation_near": -0.15683088233896925,
  "gof_validation_far": -1.0408819294573957,
  "gof_diagnostic": 0.8333333333333334,
  "rmse": 42.15179804099858,
  "mae": 24.377270253696665,
  "theil_u": 1.1568308823389692,
  "directional_accuracy": 0.5288220551378446,
  "n_params": 43,
  "status": "ok",
  "diagnostics_passed": [
    "ljung_box",
    "arch_lm",
    "cusum",
    "adf",
    "forecast_plausibility"
  ],
  "diagnostics_failed": [
    "jarque_bera"
  ],
  "error_summary": "",
  "rmse_1yr": 42.15179804099858,
  "rmse_3yr": 234.09564610384217,
  "insample_rmse": 3.5535935966913295,
  "naive_insample_rmse": 6.6734637289322345,
  "gof_volatility_near": NaN,
  "gof_volatility_far": NaN,
  "gof_volatility_weighted": NaN,
  "validation_coverage_90": NaN,
  "fit_attempts": [],
  "fit_strategy": "",
  "fit_scaled": false,
  "fit_recovered": false
}