{
  "experiment_id": "20260330_arimax_full20_300",
  "trial_id": "20260330_arimax_full20_300_042",
  "model_class": "ARIMAX",
  "champion_eligible": true,
  "description": "ARIMAX(1, 1, 0) trend=t with housing_inventory, new_home_sales",
  "gof_composite": 0.11123912552204215,
  "gof_insample": 0.0003814146954314035,
  "gof_validation_near": 0.14286320525187446,
  "gof_validation_far": 0.026277204419042577,
  "gof_diagnostic": 0.5714285714285714,
  "rmse": 31.231753592782486,
  "mae": 21.405044304667904,
  "theil_u": 0.8571367947481255,
  "directional_accuracy": 0.8245614035087719,
  "n_params": 5,
  "status": "ok",
  "diagnostics_passed": [
    "ljung_box",
    "cusum",
    "adf",
    "forecast_plausibility"
  ],
  "diagnostics_failed": [
    "jarque_bera",
    "arch_lm",
    "economic_sign"
  ],
  "error_summary": "",
  "rmse_1yr": 31.231753592782486,
  "rmse_3yr": 111.68910051458326,
  "insample_rmse": 6.670918371796591,
  "naive_insample_rmse": 6.6734637289322345,
  "gof_volatility_near": NaN,
  "gof_volatility_far": NaN,
  "gof_volatility_weighted": NaN,
  "validation_coverage_90": NaN,
  "fit_attempts": [],
  "fit_strategy": "",
  "fit_scaled": false,
  "fit_recovered": false
}