{
  "experiment_id": "20260329_tcn_300",
  "trial_id": "20260329_tcn_300_054",
  "model_class": "TCN",
  "champion_eligible": true,
  "description": "TCN lookback=8 channels=16 num_blocks=3 kernel_size=2 epochs=75 learning_rate=0.01 with real_gdp",
  "gof_composite": -0.006171446266469767,
  "gof_insample": 0.17448176802305615,
  "gof_validation_near": 0.015808091865341156,
  "gof_validation_far": -0.7655354597459665,
  "gof_diagnostic": 0.3333333333333333,
  "rmse": 35.86129932959491,
  "mae": 25.121857604980466,
  "theil_u": 0.9841919081346588,
  "directional_accuracy": 0.5739348370927319,
  "n_params": 7,
  "status": "ok",
  "diagnostics_passed": [
    "arch_lm",
    "adf"
  ],
  "diagnostics_failed": [
    "ljung_box",
    "jarque_bera",
    "cusum",
    "forecast_plausibility"
  ],
  "error_summary": "",
  "rmse_1yr": 35.86129932959491,
  "rmse_3yr": 202.51253058934196,
  "insample_rmse": 5.509065978670401,
  "naive_insample_rmse": 6.6734637289322345,
  "gof_volatility_near": NaN,
  "gof_volatility_far": NaN,
  "gof_volatility_weighted": NaN,
  "validation_coverage_90": NaN,
  "fit_attempts": [],
  "fit_strategy": "",
  "fit_scaled": false,
  "fit_recovered": false
}