{
  "experiment_id": "20260325_arimax_garch_60",
  "trial_id": "20260325_arimax_garch_60_023",
  "model_class": "ARIMAX-GARCH",
  "champion_eligible": true,
  "description": "ARIMAX-GARCH(1, 1, 0) trend=t GARCH(2,1) dist=t with mortgage_rate, unemployment_rate",
  "gof_composite": -0.6009055106803136,
  "gof_insample": -1.8439055851729913,
  "gof_validation_near": 0.19821160407732052,
  "gof_validation_far": -0.027639396445003905,
  "gof_diagnostic": 0.7142857142857143,
  "rmse": 29.215007182567593,
  "mae": 21.194262546834214,
  "theil_u": 0.8017883959226795,
  "directional_accuracy": 0.8270676691729323,
  "n_params": 10,
  "status": "ok",
  "diagnostics_passed": [
    "ljung_box",
    "cusum",
    "adf",
    "economic_sign",
    "forecast_plausibility"
  ],
  "diagnostics_failed": [
    "jarque_bera",
    "arch_lm"
  ],
  "error_summary": "",
  "rmse_1yr": 29.215007182567593,
  "rmse_3yr": 117.87350605652836,
  "insample_rmse": 18.978700771159758,
  "naive_insample_rmse": 6.6734637289322345,
  "fit_attempts": [],
  "fit_strategy": "",
  "fit_scaled": false,
  "fit_recovered": false
}