{
  "experiment_id": "20260325_vecm_refine_20",
  "trial_id": "20260325_vecm_refine_20_012",
  "model_class": "VECM",
  "champion_eligible": true,
  "description": "VECM(k_ar_diff=4) deterministic=li with building_permits",
  "gof_composite": 0.046722754661700186,
  "gof_insample": 0.46131501964069066,
  "gof_validation_near": -0.16149790143501952,
  "gof_validation_far": -0.9863043623932395,
  "gof_diagnostic": 0.6666666666666666,
  "rmse": 42.32185163257667,
  "mae": 26.245805435593507,
  "theil_u": 1.1614979014350195,
  "directional_accuracy": 0.6716791979949874,
  "n_params": 21,
  "status": "ok",
  "diagnostics_passed": [
    "ljung_box",
    "cusum",
    "adf",
    "forecast_plausibility"
  ],
  "diagnostics_failed": [
    "jarque_bera",
    "arch_lm"
  ],
  "error_summary": "",
  "rmse_1yr": 42.32185163257667,
  "rmse_3yr": 227.83542563726368,
  "insample_rmse": 3.594894677748424,
  "naive_insample_rmse": 6.6734637289322345,
  "gof_volatility_near": NaN,
  "gof_volatility_far": NaN,
  "gof_volatility_weighted": NaN,
  "validation_coverage_90": NaN,
  "fit_attempts": [],
  "fit_strategy": "",
  "fit_scaled": false,
  "fit_recovered": false
}