{
  "experiment_id": "20260330_xgboost_full20_300",
  "trial_id": "20260330_xgboost_full20_300_084",
  "model_class": "XGBoost",
  "champion_eligible": true,
  "description": "XGBoost n_estimators=500 learning_rate=0.03 max_depth=4 subsample=0.8 colsample_bytree=0.8 lags=[1, 4, 8] with consumer_confidence",
  "gof_composite": 0.5443817491956718,
  "gof_insample": 0.9363253826117031,
  "gof_validation_near": 0.2957852546020385,
  "gof_validation_far": -0.002266064175930227,
  "gof_diagnostic": 0.6666666666666666,
  "rmse": 25.65968645779138,
  "mae": 20.67709389241536,
  "theil_u": 0.7042147453979615,
  "directional_accuracy": 0.3408521303258145,
  "n_params": 11,
  "status": "ok",
  "diagnostics_passed": [
    "jarque_bera",
    "cusum",
    "adf",
    "forecast_plausibility"
  ],
  "diagnostics_failed": [
    "ljung_box",
    "arch_lm"
  ],
  "error_summary": "",
  "rmse_1yr": 25.65968645779138,
  "rmse_3yr": 114.9631041731056,
  "insample_rmse": 0.42493024959443715,
  "naive_insample_rmse": 6.6734637289322345,
  "gof_volatility_near": NaN,
  "gof_volatility_far": NaN,
  "gof_volatility_weighted": NaN,
  "validation_coverage_90": NaN,
  "fit_attempts": [],
  "fit_strategy": "",
  "fit_scaled": false,
  "fit_recovered": false
}