{
  "experiment_id": "20260330_xgboost_full20_300",
  "trial_id": "20260330_xgboost_full20_300_081",
  "model_class": "XGBoost",
  "champion_eligible": true,
  "description": "XGBoost n_estimators=200 learning_rate=0.1 max_depth=4 subsample=0.8 colsample_bytree=0.8 lags=[1, 4, 8] with consumer_confidence",
  "gof_composite": 0.5504478162243496,
  "gof_insample": 0.9549914100604182,
  "gof_validation_near": 0.24954181571877032,
  "gof_validation_far": -0.014811444231471071,
  "gof_diagnostic": 0.8333333333333334,
  "rmse": 27.344672678584217,
  "mae": 22.27166139729817,
  "theil_u": 0.7504581842812297,
  "directional_accuracy": 0.3308270676691729,
  "n_params": 11,
  "status": "ok",
  "diagnostics_passed": [
    "jarque_bera",
    "arch_lm",
    "cusum",
    "adf",
    "forecast_plausibility"
  ],
  "diagnostics_failed": [
    "ljung_box"
  ],
  "error_summary": "",
  "rmse_1yr": 27.344672678584217,
  "rmse_3yr": 116.40209915235015,
  "insample_rmse": 0.30036319245218296,
  "naive_insample_rmse": 6.6734637289322345,
  "gof_volatility_near": NaN,
  "gof_volatility_far": NaN,
  "gof_volatility_weighted": NaN,
  "validation_coverage_90": NaN,
  "fit_attempts": [],
  "fit_strategy": "",
  "fit_scaled": false,
  "fit_recovered": false
}