{
  "experiment_id": "20260325_arimax_60",
  "trial_id": "20260325_arimax_60_015",
  "model_class": "ARIMAX",
  "champion_eligible": true,
  "description": "ARIMAX(1, 1, 0) trend=t with mortgage_rate, real_gdp, building_permits",
  "gof_composite": -0.617466586321274,
  "gof_insample": -1.8596626580228497,
  "gof_validation_near": 0.17155105258504477,
  "gof_validation_far": -0.03381975296980788,
  "gof_diagnostic": 0.7142857142857143,
  "rmse": 30.186445790682797,
  "mae": 21.17293385003578,
  "theil_u": 0.8284489474149552,
  "directional_accuracy": 0.8320802005012531,
  "n_params": 6,
  "status": "ok",
  "diagnostics_passed": [
    "ljung_box",
    "cusum",
    "adf",
    "economic_sign",
    "forecast_plausibility"
  ],
  "diagnostics_failed": [
    "jarque_bera",
    "arch_lm"
  ],
  "error_summary": "",
  "rmse_1yr": 30.186445790682797,
  "rmse_3yr": 118.58241259979457,
  "insample_rmse": 19.08385502529743,
  "naive_insample_rmse": 6.6734637289322345
}