{
  "experiment_id": "20260330_arimax_full20_300",
  "trial_id": "20260330_arimax_full20_300_009",
  "model_class": "ARIMAX",
  "champion_eligible": true,
  "description": "ARIMAX(1, 1, 0) trend=t with per_capita_income",
  "gof_composite": -0.5577332805835147,
  "gof_insample": -1.705175593562441,
  "gof_validation_near": 0.18806855600267902,
  "gof_validation_far": 0.009134033984446788,
  "gof_diagnostic": 0.5714285714285714,
  "rmse": 29.584592504406494,
  "mae": 20.843325619458376,
  "theil_u": 0.811931443997321,
  "directional_accuracy": 0.8295739348370927,
  "n_params": 4,
  "status": "ok",
  "diagnostics_passed": [
    "ljung_box",
    "cusum",
    "adf",
    "forecast_plausibility"
  ],
  "diagnostics_failed": [
    "jarque_bera",
    "arch_lm",
    "economic_sign"
  ],
  "error_summary": "",
  "rmse_1yr": 29.584592504406494,
  "rmse_3yr": 113.65547666855409,
  "insample_rmse": 18.052891204031678,
  "naive_insample_rmse": 6.6734637289322345,
  "gof_volatility_near": NaN,
  "gof_volatility_far": NaN,
  "gof_volatility_weighted": NaN,
  "validation_coverage_90": NaN,
  "fit_attempts": [],
  "fit_strategy": "",
  "fit_scaled": false,
  "fit_recovered": false
}