{
  "experiment_id": "20260330_arimax_garch_full20_300",
  "trial_id": "20260330_arimax_garch_full20_300_086",
  "model_class": "ARIMAX-GARCH",
  "champion_eligible": true,
  "description": "ARIMAX-GARCH(1, 1, 1) trend=t GARCH(1,1) dist=normal with m2_money_supply",
  "gof_composite": -1.2328078626476702,
  "gof_insample": -1.5974174428662007,
  "gof_validation_near": 0.07997687878792059,
  "gof_validation_far": -0.35600384705020094,
  "gof_diagnostic": 0.4444444444444444,
  "rmse": 33.523161760663825,
  "mae": 21.103901209324725,
  "theil_u": 0.9200231212120794,
  "directional_accuracy": 0.7092731829573935,
  "n_params": 8,
  "status": "ok",
  "diagnostics_passed": [
    "arch_lm",
    "cusum",
    "forecast_plausibility",
    "std_resid_unit_variance"
  ],
  "diagnostics_failed": [
    "ljung_box",
    "jarque_bera",
    "adf",
    "economic_sign",
    "volatility_coverage_90"
  ],
  "error_summary": "",
  "rmse_1yr": 33.523161760663825,
  "rmse_3yr": 155.53795254530377,
  "insample_rmse": 17.333771093863504,
  "naive_insample_rmse": 6.6734637289322345,
  "gof_volatility_near": -1.0053206621189053,
  "gof_volatility_far": -8.086530578045416,
  "gof_volatility_weighted": -3.129683636896858,
  "validation_coverage_90": 0.1575,
  "fit_attempts": [],
  "fit_strategy": "",
  "fit_scaled": false,
  "fit_recovered": false
}