{
  "experiment_id": "20260330_arimax_garch_full20_300",
  "trial_id": "20260330_arimax_garch_full20_300_023",
  "model_class": "ARIMAX-GARCH",
  "champion_eligible": true,
  "description": "ARIMAX-GARCH(1, 1, 0) trend=t GARCH(1,1) dist=normal with treasury_10y, housing_inventory",
  "gof_composite": -0.5343019379220129,
  "gof_insample": -1.6658521195643665,
  "gof_validation_near": 0.17222308501784467,
  "gof_validation_far": -0.005927393842465101,
  "gof_diagnostic": 0.4444444444444444,
  "rmse": 30.16195874091878,
  "mae": 20.628588413496132,
  "theil_u": 0.8277769149821553,
  "directional_accuracy": 0.8471177944862155,
  "n_params": 8,
  "status": "ok",
  "diagnostics_passed": [
    "cusum",
    "adf",
    "forecast_plausibility",
    "std_resid_unit_variance"
  ],
  "diagnostics_failed": [
    "ljung_box",
    "jarque_bera",
    "arch_lm",
    "economic_sign",
    "volatility_coverage_90"
  ],
  "error_summary": "",
  "rmse_1yr": 30.16195874091878,
  "rmse_3yr": 115.38307032671574,
  "insample_rmse": 17.79046742660992,
  "naive_insample_rmse": 6.6734637289322345,
  "gof_volatility_near": -0.32241091377308373,
  "gof_volatility_far": -0.8670915794276302,
  "gof_volatility_weighted": -0.4858151134694476,
  "validation_coverage_90": 0.3175,
  "fit_attempts": [],
  "fit_strategy": "",
  "fit_scaled": false,
  "fit_recovered": false
}