{
  "experiment_id": "20260325_vecm_60",
  "trial_id": "20260325_vecm_60_023",
  "model_class": "VECM",
  "champion_eligible": true,
  "description": "VECM(k_ar_diff=2) deterministic=ci with housing_inventory",
  "gof_composite": 0.0495636531308125,
  "gof_insample": 0.397290279496599,
  "gof_validation_near": -0.021172008658487007,
  "gof_validation_far": -1.0129483709157112,
  "gof_diagnostic": 0.5,
  "rmse": 37.20875447849669,
  "mae": 21.05298832513991,
  "theil_u": 1.021172008658487,
  "directional_accuracy": 0.6491228070175439,
  "n_params": 13,
  "status": "ok",
  "diagnostics_passed": [
    "cusum",
    "adf",
    "forecast_plausibility"
  ],
  "diagnostics_failed": [
    "ljung_box",
    "jarque_bera",
    "arch_lm"
  ],
  "error_summary": "",
  "rmse_1yr": 37.20875447849669,
  "rmse_3yr": 230.89157812694867,
  "insample_rmse": 4.022161458854331,
  "naive_insample_rmse": 6.6734637289322345
}