{
  "experiment_id": "20260330_arimax_garch_full20_300",
  "trial_id": "20260330_arimax_garch_full20_300_037",
  "model_class": "ARIMAX-GARCH",
  "champion_eligible": true,
  "description": "ARIMAX-GARCH(1, 1, 0) trend=t GARCH(1,1) dist=normal with mortgage_rate, new_home_sales",
  "gof_composite": -0.9799617405078019,
  "gof_insample": -3.2708679066381325,
  "gof_validation_near": 0.15205829023557038,
  "gof_validation_far": -0.06610907447254655,
  "gof_diagnostic": 0.3333333333333333,
  "rmse": 30.896709489863216,
  "mae": 21.176047236655744,
  "theil_u": 0.8479417097644296,
  "directional_accuracy": 0.8195488721804511,
  "n_params": 8,
  "status": "ok",
  "diagnostics_passed": [
    "cusum",
    "economic_sign",
    "forecast_plausibility"
  ],
  "diagnostics_failed": [
    "ljung_box",
    "jarque_bera",
    "arch_lm",
    "adf",
    "volatility_coverage_90",
    "std_resid_unit_variance"
  ],
  "error_summary": "",
  "rmse_1yr": 30.896709489863216,
  "rmse_3yr": 122.28610043706594,
  "insample_rmse": 28.50148206601032,
  "naive_insample_rmse": 6.6734637289322345,
  "gof_volatility_near": -0.19489382560717772,
  "gof_volatility_far": -0.3910926330676998,
  "gof_volatility_weighted": -0.2537534678453343,
  "validation_coverage_90": 0.3575,
  "fit_attempts": [],
  "fit_strategy": "",
  "fit_scaled": false,
  "fit_recovered": false
}