{
  "experiment_id": "20260325_dynamic_factor_60",
  "trial_id": "20260325_dynamic_factor_60_016",
  "model_class": "Dynamic Factor",
  "champion_eligible": true,
  "description": "Dynamic Factor(k_factors=1, factor_order=1) with building_permits",
  "gof_composite": -0.5804733630683476,
  "gof_insample": -1.778637141433792,
  "gof_validation_near": 0.30264224109385307,
  "gof_validation_far": -0.05517749474008449,
  "gof_diagnostic": 0.3333333333333333,
  "rmse": 25.40983635940152,
  "mae": 20.687850939421093,
  "theil_u": 0.6973577589061469,
  "directional_accuracy": 0.18796992481203006,
  "n_params": 5,
  "status": "ok",
  "diagnostics_passed": [
    "ljung_box",
    "forecast_plausibility"
  ],
  "diagnostics_failed": [
    "jarque_bera",
    "arch_lm",
    "cusum",
    "adf"
  ],
  "error_summary": "",
  "rmse_1yr": 25.40983635940152,
  "rmse_3yr": 121.0322134858072,
  "insample_rmse": 18.54313417922236,
  "naive_insample_rmse": 6.6734637289322345,
  "fit_attempts": [],
  "fit_strategy": "",
  "fit_scaled": false,
  "fit_recovered": false
}