{
  "experiment_id": "20260329_xgboost_300",
  "trial_id": "20260329_xgboost_300_059",
  "model_class": "XGBoost",
  "champion_eligible": true,
  "description": "XGBoost n_estimators=200 learning_rate=0.05 max_depth=3 subsample=0.8 colsample_bytree=0.8 lags=[1, 2, 4] with mortgage_rate",
  "gof_composite": 0.4536201703211422,
  "gof_insample": 0.7787111558710338,
  "gof_validation_near": 0.23248177516968493,
  "gof_validation_far": -0.03933053335551806,
  "gof_diagnostic": 0.6666666666666666,
  "rmse": 27.96629455501817,
  "mae": 22.927777323404943,
  "theil_u": 0.7675182248303151,
  "directional_accuracy": 0.18546365914786966,
  "n_params": 11,
  "status": "ok",
  "diagnostics_passed": [
    "arch_lm",
    "cusum",
    "adf",
    "forecast_plausibility"
  ],
  "diagnostics_failed": [
    "ljung_box",
    "jarque_bera"
  ],
  "error_summary": "",
  "rmse_1yr": 27.96629455501817,
  "rmse_3yr": 119.21451663105138,
  "insample_rmse": 1.4767630749119944,
  "naive_insample_rmse": 6.6734637289322345,
  "gof_volatility_near": NaN,
  "gof_volatility_far": NaN,
  "gof_volatility_weighted": NaN,
  "validation_coverage_90": NaN,
  "fit_attempts": [],
  "fit_strategy": "",
  "fit_scaled": false,
  "fit_recovered": false
}