{
  "experiment_id": "20260325_var_60",
  "trial_id": "20260325_var_60_017",
  "model_class": "VAR",
  "champion_eligible": true,
  "description": "VAR(2) trend=c with building_permits",
  "gof_composite": -0.057657844298330915,
  "gof_insample": 0.30782198577106934,
  "gof_validation_near": -0.1391055695742367,
  "gof_validation_far": -1.213997928371839,
  "gof_diagnostic": 0.5,
  "rmse": 41.50593543888522,
  "mae": 26.124748080393076,
  "theil_u": 1.1391055695742367,
  "directional_accuracy": 0.5739348370927319,
  "n_params": 5,
  "status": "ok",
  "diagnostics_passed": [
    "cusum",
    "adf",
    "forecast_plausibility"
  ],
  "diagnostics_failed": [
    "ljung_box",
    "jarque_bera",
    "arch_lm"
  ],
  "error_summary": "",
  "rmse_1yr": 41.50593543888522,
  "rmse_3yr": 253.95260158561427,
  "insample_rmse": 4.619224871921109,
  "naive_insample_rmse": 6.6734637289322345
}