{
  "experiment_id": "20260325_vecm_60",
  "trial_id": "20260325_vecm_60_050",
  "model_class": "VECM",
  "champion_eligible": true,
  "description": "VECM(k_ar_diff=2) deterministic=ci with mortgage_rate, real_gdp, building_permits",
  "gof_composite": -0.0012687726552841616,
  "gof_insample": 0.34391791727784315,
  "gof_validation_near": -0.05310864388231851,
  "gof_validation_far": -1.1349860947173998,
  "gof_diagnostic": 0.5,
  "rmse": 38.37243935120873,
  "mae": 24.64432527852028,
  "theil_u": 1.0531086438823185,
  "directional_accuracy": 0.6390977443609023,
  "n_params": 50,
  "status": "ok",
  "diagnostics_passed": [
    "cusum",
    "adf",
    "forecast_plausibility"
  ],
  "diagnostics_failed": [
    "ljung_box",
    "jarque_bera",
    "arch_lm"
  ],
  "error_summary": "",
  "rmse_1yr": 38.37243935120873,
  "rmse_3yr": 244.88969305464266,
  "insample_rmse": 4.378339982248631,
  "naive_insample_rmse": 6.6734637289322345
}