{
  "experiment_id": "20260330_lightgbm_full20_300",
  "trial_id": "20260330_lightgbm_full20_300_049",
  "model_class": "LightGBM",
  "champion_eligible": true,
  "description": "LightGBM n_estimators=500 learning_rate=0.05 max_depth=2 num_leaves=7 lags=[1, 2, 4, 8] with no exogenous variables",
  "gof_composite": -0.10934098321960783,
  "gof_insample": -0.4812151475544053,
  "gof_validation_near": 0.14094393036219355,
  "gof_validation_far": 0.003209112280355031,
  "gof_diagnostic": 0.3333333333333333,
  "rmse": 31.30168679457549,
  "mae": 26.543633301686942,
  "theil_u": 0.8590560696378065,
  "directional_accuracy": 0.11278195488721804,
  "n_params": 12,
  "status": "ok",
  "diagnostics_passed": [
    "cusum",
    "adf"
  ],
  "diagnostics_failed": [
    "ljung_box",
    "jarque_bera",
    "arch_lm",
    "forecast_plausibility"
  ],
  "error_summary": "",
  "rmse_1yr": 31.30168679457549,
  "rmse_3yr": 114.33508402575323,
  "insample_rmse": 9.884835561949332,
  "naive_insample_rmse": 6.6734637289322345,
  "gof_volatility_near": NaN,
  "gof_volatility_far": NaN,
  "gof_volatility_weighted": NaN,
  "validation_coverage_90": NaN,
  "fit_attempts": [],
  "fit_strategy": "",
  "fit_scaled": false,
  "fit_recovered": false
}