{
  "experiment_id": "20260325_arimax_garch_60_volaware",
  "trial_id": "20260325_arimax_garch_60_volaware_007",
  "model_class": "ARIMAX-GARCH",
  "champion_eligible": true,
  "description": "ARIMAX-GARCH(1, 1, 0) trend=t GARCH(1,1) dist=normal with mortgage_rate, building_permits",
  "gof_composite": -0.551581885863726,
  "gof_insample": -1.841149715091115,
  "gof_validation_near": 0.16942638093666507,
  "gof_validation_far": -0.03499091739529625,
  "gof_diagnostic": 0.4444444444444444,
  "rmse": 30.263863096525167,
  "mae": 21.40593060491644,
  "theil_u": 0.8305736190633349,
  "directional_accuracy": 0.8345864661654135,
  "n_params": 8,
  "status": "ok",
  "diagnostics_passed": [
    "cusum",
    "economic_sign",
    "forecast_plausibility",
    "std_resid_unit_variance"
  ],
  "diagnostics_failed": [
    "ljung_box",
    "jarque_bera",
    "arch_lm",
    "adf",
    "volatility_coverage_90"
  ],
  "error_summary": "",
  "rmse_1yr": 30.263863096525167,
  "rmse_3yr": 118.7167488830069,
  "insample_rmse": 18.960309572126707,
  "naive_insample_rmse": 6.6734637289322345,
  "gof_volatility_near": -0.28823309724617907,
  "gof_volatility_far": -0.42797503009854876,
  "gof_volatility_weighted": -0.33015567710189,
  "validation_coverage_90": 0.32,
  "fit_attempts": [],
  "fit_strategy": "",
  "fit_scaled": false,
  "fit_recovered": false
}