{
  "experiment_id": "20260330_xgboost_full20_300",
  "trial_id": "20260330_xgboost_full20_300_033",
  "model_class": "XGBoost",
  "champion_eligible": true,
  "description": "XGBoost n_estimators=500 learning_rate=0.05 max_depth=4 subsample=0.8 colsample_bytree=0.8 lags=[1, 4, 8] with no exogenous variables",
  "gof_composite": 0.5308172893526444,
  "gof_insample": 0.9654490775725979,
  "gof_validation_near": 0.1784873700896601,
  "gof_validation_far": -0.007775030274061345,
  "gof_diagnostic": 0.8333333333333334,
  "rmse": 29.933705084096854,
  "mae": 23.477374582926426,
  "theil_u": 0.8215126299103399,
  "directional_accuracy": 0.16541353383458646,
  "n_params": 10,
  "status": "ok",
  "diagnostics_passed": [
    "jarque_bera",
    "arch_lm",
    "cusum",
    "adf",
    "forecast_plausibility"
  ],
  "diagnostics_failed": [
    "ljung_box"
  ],
  "error_summary": "",
  "rmse_1yr": 29.933705084096854,
  "rmse_3yr": 115.59500009980876,
  "insample_rmse": 0.23057432762041905,
  "naive_insample_rmse": 6.6734637289322345,
  "gof_volatility_near": NaN,
  "gof_volatility_far": NaN,
  "gof_volatility_weighted": NaN,
  "validation_coverage_90": NaN,
  "fit_attempts": [],
  "fit_strategy": "",
  "fit_scaled": false,
  "fit_recovered": false
}