{
  "experiment_id": "20260330_arimax_full20_300",
  "trial_id": "20260330_arimax_full20_300_070",
  "model_class": "ARIMAX",
  "champion_eligible": true,
  "description": "ARIMAX(1, 1, 0) trend=t with treasury_10y, mortgage_rate, housing_inventory",
  "gof_composite": -0.5486214669604513,
  "gof_insample": -1.6565961059306593,
  "gof_validation_near": 0.16900094885825323,
  "gof_validation_far": -0.015174758876222327,
  "gof_diagnostic": 0.5714285714285714,
  "rmse": 30.279364694315433,
  "mae": 20.67984801117773,
  "theil_u": 0.8309990511417468,
  "directional_accuracy": 0.8370927318295739,
  "n_params": 6,
  "status": "ok",
  "diagnostics_passed": [
    "ljung_box",
    "cusum",
    "adf",
    "forecast_plausibility"
  ],
  "diagnostics_failed": [
    "jarque_bera",
    "arch_lm",
    "economic_sign"
  ],
  "error_summary": "",
  "rmse_1yr": 30.279364694315433,
  "rmse_3yr": 116.44377249722837,
  "insample_rmse": 17.728697755350872,
  "naive_insample_rmse": 6.6734637289322345,
  "gof_volatility_near": NaN,
  "gof_volatility_far": NaN,
  "gof_volatility_weighted": NaN,
  "validation_coverage_90": NaN,
  "fit_attempts": [],
  "fit_strategy": "",
  "fit_scaled": false,
  "fit_recovered": false
}