{
  "experiment_id": "20260325_arimax_60",
  "trial_id": "20260325_arimax_60_033",
  "model_class": "ARIMAX",
  "champion_eligible": true,
  "description": "ARIMAX(1, 1, 1) trend=t with mortgage_rate, real_gdp, building_permits",
  "gof_composite": -0.8762224411505599,
  "gof_insample": -1.4675667331216005,
  "gof_validation_near": -0.13673020477133702,
  "gof_validation_far": -1.9898868891653936,
  "gof_diagnostic": 0.5714285714285714,
  "rmse": 41.41938355046823,
  "mae": 26.312254557238777,
  "theil_u": 1.136730204771337,
  "directional_accuracy": 0.681704260651629,
  "n_params": 7,
  "status": "ok",
  "diagnostics_passed": [
    "ljung_box",
    "cusum",
    "adf",
    "forecast_plausibility"
  ],
  "diagnostics_failed": [
    "jarque_bera",
    "arch_lm",
    "economic_sign"
  ],
  "error_summary": "",
  "rmse_1yr": 41.41938355046823,
  "rmse_3yr": 342.9495322557271,
  "insample_rmse": 16.46721709220681,
  "naive_insample_rmse": 6.6734637289322345
}