{
  "experiment_id": "20260329_tcn_300",
  "trial_id": "20260329_tcn_300_009",
  "model_class": "TCN",
  "champion_eligible": true,
  "description": "TCN lookback=4 channels=16 num_blocks=2 kernel_size=2 epochs=75 learning_rate=0.01 with mortgage_rate",
  "gof_composite": -0.8366759392679254,
  "gof_insample": 0.4131855579546252,
  "gof_validation_near": -0.6705300898725688,
  "gof_validation_far": -5.337319762184731,
  "gof_diagnostic": 0.3333333333333333,
  "rmse": 60.86961201048469,
  "mae": 43.492591939290364,
  "theil_u": 1.6705300898725688,
  "directional_accuracy": 0.5037593984962406,
  "n_params": 7,
  "status": "ok",
  "diagnostics_passed": [
    "cusum",
    "adf"
  ],
  "diagnostics_failed": [
    "ljung_box",
    "jarque_bera",
    "arch_lm",
    "forecast_plausibility"
  ],
  "error_summary": "",
  "rmse_1yr": 60.86961201048469,
  "rmse_3yr": 726.9107256438432,
  "insample_rmse": 3.9160848946034155,
  "naive_insample_rmse": 6.6734637289322345,
  "gof_volatility_near": NaN,
  "gof_volatility_far": NaN,
  "gof_volatility_weighted": NaN,
  "validation_coverage_90": NaN,
  "fit_attempts": [],
  "fit_strategy": "",
  "fit_scaled": false,
  "fit_recovered": false
}