{
  "experiment_id": "20260330_arimax_garch_full20_300",
  "trial_id": "20260330_arimax_garch_full20_300_091",
  "model_class": "ARIMAX-GARCH",
  "champion_eligible": true,
  "description": "ARIMAX-GARCH(1, 1, 1) trend=t GARCH(1,1) dist=normal with consumer_confidence, housing_inventory",
  "gof_composite": -1.2868816747113765,
  "gof_insample": -1.4588365073853118,
  "gof_validation_near": 0.09300695829956396,
  "gof_validation_far": -0.2796798692643643,
  "gof_diagnostic": 0.4444444444444444,
  "rmse": 33.0483807979336,
  "mae": 19.30781580453078,
  "theil_u": 0.906993041700436,
  "directional_accuracy": 0.7919799498746867,
  "n_params": 9,
  "status": "ok",
  "diagnostics_passed": [
    "arch_lm",
    "cusum",
    "forecast_plausibility",
    "std_resid_unit_variance"
  ],
  "diagnostics_failed": [
    "ljung_box",
    "jarque_bera",
    "adf",
    "economic_sign",
    "volatility_coverage_90"
  ],
  "error_summary": "",
  "rmse_1yr": 33.0483807979336,
  "rmse_3yr": 146.78334962824965,
  "insample_rmse": 16.408956247410295,
  "naive_insample_rmse": 6.6734637289322345,
  "gof_volatility_near": -1.6107069250691408,
  "gof_volatility_far": -8.0944694360211,
  "gof_volatility_weighted": -3.5558356783547285,
  "validation_coverage_90": 0.25,
  "fit_attempts": [],
  "fit_strategy": "",
  "fit_scaled": false,
  "fit_recovered": false
}