{
  "experiment_id": "20260331_var_full20_300",
  "trial_id": "20260331_var_full20_300_028",
  "model_class": "VAR",
  "champion_eligible": true,
  "description": "VAR(1) trend=c with population",
  "gof_composite": -0.25231339677109454,
  "gof_insample": 0.12817469143590265,
  "gof_validation_near": -0.3799342637935401,
  "gof_validation_far": -1.2484863178958885,
  "gof_diagnostic": 0.16666666666666666,
  "rmse": 50.281083678950075,
  "mae": 35.70944878633845,
  "theil_u": 1.3799342637935401,
  "directional_accuracy": 0.8220551378446115,
  "n_params": 6,
  "status": "ok",
  "diagnostics_passed": [
    "adf"
  ],
  "diagnostics_failed": [
    "ljung_box",
    "jarque_bera",
    "arch_lm",
    "cusum",
    "forecast_plausibility"
  ],
  "error_summary": "",
  "rmse_1yr": 50.281083678950075,
  "rmse_3yr": 257.9085295166631,
  "insample_rmse": 5.818094574667657,
  "naive_insample_rmse": 6.6734637289322345,
  "gof_volatility_near": NaN,
  "gof_volatility_far": NaN,
  "gof_volatility_weighted": NaN,
  "validation_coverage_90": NaN,
  "fit_attempts": [],
  "fit_strategy": "",
  "fit_scaled": false,
  "fit_recovered": false
}