{
  "experiment_id": "20260330_arimax_garch_full20_300",
  "trial_id": "20260330_arimax_garch_full20_300_043",
  "model_class": "ARIMAX-GARCH",
  "champion_eligible": true,
  "description": "ARIMAX-GARCH(1, 1, 0) trend=t GARCH(1,1) dist=normal with housing_inventory, personal_consumption",
  "gof_composite": -0.42476636309594784,
  "gof_insample": -1.3916773450860465,
  "gof_validation_near": 0.16082086436950904,
  "gof_validation_far": 0.01448595819874865,
  "gof_diagnostic": 0.5555555555555556,
  "rmse": 30.577424916074637,
  "mae": 21.25621866633255,
  "theil_u": 0.839179135630491,
  "directional_accuracy": 0.8320802005012531,
  "n_params": 8,
  "status": "ok",
  "diagnostics_passed": [
    "arch_lm",
    "cusum",
    "adf",
    "forecast_plausibility",
    "std_resid_unit_variance"
  ],
  "diagnostics_failed": [
    "ljung_box",
    "jarque_bera",
    "economic_sign",
    "volatility_coverage_90"
  ],
  "error_summary": "",
  "rmse_1yr": 30.577424916074637,
  "rmse_3yr": 113.04159394522628,
  "insample_rmse": 15.960772013740675,
  "naive_insample_rmse": 6.6734637289322345,
  "gof_volatility_near": -0.40055253149226466,
  "gof_volatility_far": -0.45834445369060384,
  "gof_volatility_weighted": -0.4178901081517664,
  "validation_coverage_90": 0.28,
  "fit_attempts": [],
  "fit_strategy": "",
  "fit_scaled": false,
  "fit_recovered": false
}