{
  "experiment_id": "20260329_tcn_300",
  "trial_id": "20260329_tcn_300_078",
  "model_class": "TCN",
  "champion_eligible": true,
  "description": "TCN lookback=8 channels=16 num_blocks=3 kernel_size=2 epochs=75 learning_rate=0.01 with mortgage_rate, housing_starts",
  "gof_composite": 0.05445506922249625,
  "gof_insample": 0.19007652272513487,
  "gof_validation_near": -0.17248374364792762,
  "gof_validation_far": -0.18581930838299798,
  "gof_diagnostic": 0.6666666666666666,
  "rmse": 42.722146100280106,
  "mae": 33.69198644002278,
  "theil_u": 1.1724837436479276,
  "directional_accuracy": 0.531328320802005,
  "n_params": 7,
  "status": "ok",
  "diagnostics_passed": [
    "jarque_bera",
    "arch_lm",
    "adf",
    "forecast_plausibility"
  ],
  "diagnostics_failed": [
    "ljung_box",
    "cusum"
  ],
  "error_summary": "",
  "rmse_1yr": 42.722146100280106,
  "rmse_3yr": 136.0172448741965,
  "insample_rmse": 5.404994948804483,
  "naive_insample_rmse": 6.6734637289322345,
  "gof_volatility_near": NaN,
  "gof_volatility_far": NaN,
  "gof_volatility_weighted": NaN,
  "validation_coverage_90": NaN,
  "fit_attempts": [],
  "fit_strategy": "",
  "fit_scaled": false,
  "fit_recovered": false
}