{
  "experiment_id": "20260329_tcn_300",
  "trial_id": "20260329_tcn_300_037",
  "model_class": "TCN",
  "champion_eligible": true,
  "description": "TCN lookback=8 channels=16 num_blocks=2 kernel_size=2 epochs=75 learning_rate=0.01 with per_capita_income",
  "gof_composite": -0.579958399676418,
  "gof_insample": 0.21017549211388586,
  "gof_validation_near": -0.38665143703368554,
  "gof_validation_far": -3.9691150681789944,
  "gof_diagnostic": 0.6666666666666666,
  "rmse": 50.525839359445506,
  "mae": 34.30842430623372,
  "theil_u": 1.3866514370336855,
  "directional_accuracy": 0.543859649122807,
  "n_params": 7,
  "status": "ok",
  "diagnostics_passed": [
    "jarque_bera",
    "cusum",
    "adf",
    "forecast_plausibility"
  ],
  "diagnostics_failed": [
    "ljung_box",
    "arch_lm"
  ],
  "error_summary": "",
  "rmse_1yr": 50.525839359445506,
  "rmse_3yr": 569.9732971612765,
  "insample_rmse": 5.270865205599734,
  "naive_insample_rmse": 6.6734637289322345,
  "gof_volatility_near": NaN,
  "gof_volatility_far": NaN,
  "gof_volatility_weighted": NaN,
  "validation_coverage_90": NaN,
  "fit_attempts": [],
  "fit_strategy": "",
  "fit_scaled": false,
  "fit_recovered": false
}