{
  "experiment_id": "20260330_arimax_garch_full20_300",
  "trial_id": "20260330_arimax_garch_full20_300_104",
  "model_class": "ARIMAX-GARCH",
  "champion_eligible": true,
  "description": "ARIMAX-GARCH(1, 1, 1) trend=t GARCH(1,1) dist=normal with treasury_10y, population",
  "gof_composite": -0.7037211950895098,
  "gof_insample": -1.43301723485984,
  "gof_validation_near": -0.10638397042820924,
  "gof_validation_far": -1.6878239073626515,
  "gof_diagnostic": 0.5555555555555556,
  "rmse": 40.31364859744722,
  "mae": 25.13401211743848,
  "theil_u": 1.1063839704282092,
  "directional_accuracy": 0.7543859649122807,
  "n_params": 9,
  "status": "ok",
  "diagnostics_passed": [
    "arch_lm",
    "cusum",
    "economic_sign",
    "forecast_plausibility",
    "std_resid_unit_variance"
  ],
  "diagnostics_failed": [
    "ljung_box",
    "jarque_bera",
    "adf",
    "volatility_coverage_90"
  ],
  "error_summary": "",
  "rmse_1yr": 40.31364859744722,
  "rmse_3yr": 308.30194786167743,
  "insample_rmse": 16.23665226870414,
  "naive_insample_rmse": 6.6734637289322345,
  "gof_volatility_near": -0.5560606587249011,
  "gof_volatility_far": -0.4891010875591759,
  "gof_volatility_weighted": -0.5359727873751835,
  "validation_coverage_90": 0.235,
  "fit_attempts": [],
  "fit_strategy": "",
  "fit_scaled": false,
  "fit_recovered": false
}