{
  "experiment_id": "20260330_arimax_full20_300",
  "trial_id": "20260330_arimax_full20_300_097",
  "model_class": "ARIMAX",
  "champion_eligible": true,
  "description": "ARIMAX(1, 1, 1) trend=t with treasury_10y, fed_funds",
  "gof_composite": -0.5536662822577471,
  "gof_insample": -1.4723035925009027,
  "gof_validation_near": 0.09369282668243384,
  "gof_validation_far": -0.36453461159396583,
  "gof_diagnostic": 0.5714285714285714,
  "rmse": 33.023389603456685,
  "mae": 21.48798831387228,
  "theil_u": 0.9063071733175662,
  "directional_accuracy": 0.7268170426065163,
  "n_params": 6,
  "status": "ok",
  "diagnostics_passed": [
    "ljung_box",
    "cusum",
    "adf",
    "forecast_plausibility"
  ],
  "diagnostics_failed": [
    "jarque_bera",
    "arch_lm",
    "economic_sign"
  ],
  "error_summary": "",
  "rmse_1yr": 33.023389603456685,
  "rmse_3yr": 156.5164583612494,
  "insample_rmse": 16.498828351463633,
  "naive_insample_rmse": 6.6734637289322345,
  "gof_volatility_near": NaN,
  "gof_volatility_far": NaN,
  "gof_volatility_weighted": NaN,
  "validation_coverage_90": NaN,
  "fit_attempts": [],
  "fit_strategy": "",
  "fit_scaled": false,
  "fit_recovered": false
}