{
  "experiment_id": "20260331_vecm_full20_300",
  "trial_id": "20260331_vecm_full20_300_007",
  "model_class": "VECM",
  "champion_eligible": true,
  "description": "VECM(k_ar_diff=1) deterministic=ci with fed_funds",
  "gof_composite": -0.18460437216637665,
  "gof_insample": 0.264352583062757,
  "gof_validation_near": -0.23424508582012082,
  "gof_validation_far": -1.6112863912518036,
  "gof_diagnostic": 0.3333333333333333,
  "rmse": 44.97256287400907,
  "mae": 29.853328812225733,
  "theil_u": 1.2342450858201208,
  "directional_accuracy": 0.5213032581453634,
  "n_params": 9,
  "status": "ok",
  "diagnostics_passed": [
    "adf",
    "forecast_plausibility"
  ],
  "diagnostics_failed": [
    "ljung_box",
    "jarque_bera",
    "arch_lm",
    "cusum"
  ],
  "error_summary": "",
  "rmse_1yr": 44.97256287400907,
  "rmse_3yr": 299.5228514198192,
  "insample_rmse": 4.90931635421338,
  "naive_insample_rmse": 6.6734637289322345,
  "gof_volatility_near": NaN,
  "gof_volatility_far": NaN,
  "gof_volatility_weighted": NaN,
  "validation_coverage_90": NaN,
  "fit_attempts": [],
  "fit_strategy": "",
  "fit_scaled": false,
  "fit_recovered": false
}