{
  "experiment_id": "20260325_arimax_60",
  "trial_id": "20260325_arimax_60_052",
  "model_class": "ARIMAX",
  "champion_eligible": true,
  "description": "ARIMAX(2, 1, 0) trend=t with mortgage_rate, unemployment_rate, real_gdp",
  "gof_composite": -0.6344154387187909,
  "gof_insample": -1.8471514118940968,
  "gof_validation_near": 0.18069785621721768,
  "gof_validation_far": -0.10627987186690313,
  "gof_diagnostic": 0.5714285714285714,
  "rmse": 29.853160930025826,
  "mae": 20.912841857072173,
  "theil_u": 0.8193021437827823,
  "directional_accuracy": 0.8170426065162907,
  "n_params": 7,
  "status": "ok",
  "diagnostics_passed": [
    "ljung_box",
    "cusum",
    "adf",
    "forecast_plausibility"
  ],
  "diagnostics_failed": [
    "jarque_bera",
    "arch_lm",
    "economic_sign"
  ],
  "error_summary": "",
  "rmse_1yr": 29.853160930025826,
  "rmse_3yr": 126.89381861752855,
  "insample_rmse": 19.000361678053455,
  "naive_insample_rmse": 6.6734637289322345
}