{
  "experiment_id": "20260330_uecm_300",
  "trial_id": "20260330_uecm_300_033",
  "model_class": "UECM / ECM",
  "champion_eligible": true,
  "description": "UECM(ar_lags=4, distributed_lags=2) trend=c with unemployment_rate",
  "gof_composite": -22.374503399786402,
  "gof_insample": -55.39255942348315,
  "gof_validation_near": -0.034349544050394476,
  "gof_validation_far": -1.464953361741458,
  "gof_diagnostic": 0.14285714285714285,
  "rmse": 37.688908335899534,
  "mae": 22.131389696817248,
  "theil_u": 1.0343495440503945,
  "directional_accuracy": 0.41604010025062654,
  "n_params": 8,
  "status": "ok",
  "diagnostics_passed": [
    "forecast_plausibility"
  ],
  "diagnostics_failed": [
    "ljung_box",
    "jarque_bera",
    "arch_lm",
    "cusum",
    "adf",
    "economic_sign"
  ],
  "error_summary": "",
  "rmse_1yr": 37.688908335899534,
  "rmse_3yr": 282.73798768266784,
  "insample_rmse": 376.33369989427047,
  "naive_insample_rmse": 6.6734637289322345,
  "gof_volatility_near": NaN,
  "gof_volatility_far": NaN,
  "gof_volatility_weighted": NaN,
  "validation_coverage_90": NaN,
  "fit_attempts": [],
  "fit_strategy": "",
  "fit_scaled": false,
  "fit_recovered": false
}