{
  "experiment_id": "20260331_vecm_full20_300",
  "trial_id": "20260331_vecm_full20_300_022",
  "model_class": "VECM",
  "champion_eligible": true,
  "description": "VECM(k_ar_diff=1) deterministic=ci with per_capita_income",
  "gof_composite": -0.0377779791847695,
  "gof_insample": 0.2883472261895428,
  "gof_validation_near": -0.023203406673953042,
  "gof_validation_far": -1.188860071053576,
  "gof_diagnostic": 0.3333333333333333,
  "rmse": 37.28277314466134,
  "mae": 23.10241951219883,
  "theil_u": 1.023203406673953,
  "directional_accuracy": 0.581453634085213,
  "n_params": 9,
  "status": "ok",
  "diagnostics_passed": [
    "adf",
    "forecast_plausibility"
  ],
  "diagnostics_failed": [
    "ljung_box",
    "jarque_bera",
    "arch_lm",
    "cusum"
  ],
  "error_summary": "",
  "rmse_1yr": 37.28277314466134,
  "rmse_3yr": 251.06920942772032,
  "insample_rmse": 4.749188973618102,
  "naive_insample_rmse": 6.6734637289322345,
  "gof_volatility_near": NaN,
  "gof_volatility_far": NaN,
  "gof_volatility_weighted": NaN,
  "validation_coverage_90": NaN,
  "fit_attempts": [],
  "fit_strategy": "",
  "fit_scaled": false,
  "fit_recovered": false
}