{
  "experiment_id": "20260331_var_full20_300",
  "trial_id": "20260331_var_full20_300_013",
  "model_class": "VAR",
  "champion_eligible": true,
  "description": "VAR(1) trend=c with housing_inventory",
  "gof_composite": -0.0808161887382134,
  "gof_insample": 0.29431561424179176,
  "gof_validation_near": -0.13304489169685474,
  "gof_validation_far": -1.3465114822735398,
  "gof_diagnostic": 0.5,
  "rmse": 41.285100679216264,
  "mae": 24.317509273030467,
  "theil_u": 1.1330448916968547,
  "directional_accuracy": 0.40852130325814534,
  "n_params": 6,
  "status": "ok",
  "diagnostics_passed": [
    "cusum",
    "adf",
    "forecast_plausibility"
  ],
  "diagnostics_failed": [
    "ljung_box",
    "jarque_bera",
    "arch_lm"
  ],
  "error_summary": "",
  "rmse_1yr": 41.285100679216264,
  "rmse_3yr": 269.1523275327113,
  "insample_rmse": 4.709359152431226,
  "naive_insample_rmse": 6.6734637289322345,
  "gof_volatility_near": NaN,
  "gof_volatility_far": NaN,
  "gof_volatility_weighted": NaN,
  "validation_coverage_90": NaN,
  "fit_attempts": [],
  "fit_strategy": "",
  "fit_scaled": false,
  "fit_recovered": false
}