{
  "experiment_id": "20260329_xgboost_300",
  "trial_id": "20260329_xgboost_300_051",
  "model_class": "XGBoost",
  "champion_eligible": true,
  "description": "XGBoost n_estimators=500 learning_rate=0.05 max_depth=4 subsample=0.8 colsample_bytree=0.8 lags=[1, 2, 4, 8] with no exogenous variables",
  "gof_composite": 0.5219561469468781,
  "gof_insample": 0.9735732646714605,
  "gof_validation_near": 0.20368921179182087,
  "gof_validation_far": -0.03620699810340122,
  "gof_diagnostic": 0.6666666666666666,
  "rmse": 29.0154179274272,
  "mae": 24.064890207926428,
  "theil_u": 0.7963107882081791,
  "directional_accuracy": 0.17293233082706766,
  "n_params": 11,
  "status": "ok",
  "diagnostics_passed": [
    "jarque_bera",
    "cusum",
    "adf",
    "forecast_plausibility"
  ],
  "diagnostics_failed": [
    "ljung_box",
    "arch_lm"
  ],
  "error_summary": "",
  "rmse_1yr": 29.0154179274272,
  "rmse_3yr": 118.85623720664253,
  "insample_rmse": 0.17635785968910025,
  "naive_insample_rmse": 6.6734637289322345,
  "gof_volatility_near": NaN,
  "gof_volatility_far": NaN,
  "gof_volatility_weighted": NaN,
  "validation_coverage_90": NaN,
  "fit_attempts": [],
  "fit_strategy": "",
  "fit_scaled": false,
  "fit_recovered": false
}