{
  "experiment_id": "20260330_arimax_full20_300",
  "trial_id": "20260330_arimax_full20_300_085",
  "model_class": "ARIMAX",
  "champion_eligible": true,
  "description": "ARIMAX(1, 1, 1) trend=t with per_capita_income",
  "gof_composite": -0.6187960638359626,
  "gof_insample": -1.5919416469567476,
  "gof_validation_near": 0.08836364043837985,
  "gof_validation_far": -0.4672635756636918,
  "gof_diagnostic": 0.5714285714285714,
  "rmse": 33.21757078042185,
  "mae": 21.80419632063819,
  "theil_u": 0.9116363595616201,
  "directional_accuracy": 0.7017543859649122,
  "n_params": 5,
  "status": "ok",
  "diagnostics_passed": [
    "ljung_box",
    "cusum",
    "adf",
    "forecast_plausibility"
  ],
  "diagnostics_failed": [
    "jarque_bera",
    "arch_lm",
    "economic_sign"
  ],
  "error_summary": "",
  "rmse_1yr": 33.21757078042185,
  "rmse_3yr": 168.299797157274,
  "insample_rmse": 17.297228568474733,
  "naive_insample_rmse": 6.6734637289322345,
  "gof_volatility_near": NaN,
  "gof_volatility_far": NaN,
  "gof_volatility_weighted": NaN,
  "validation_coverage_90": NaN,
  "fit_attempts": [],
  "fit_strategy": "",
  "fit_scaled": false,
  "fit_recovered": false
}