{
  "experiment_id": "20260329_tcn_300",
  "trial_id": "20260329_tcn_300_031",
  "model_class": "TCN",
  "champion_eligible": true,
  "description": "TCN lookback=8 channels=32 num_blocks=2 kernel_size=2 epochs=75 learning_rate=0.01 with mortgage_rate, unemployment_rate",
  "gof_composite": 0.2393040472899266,
  "gof_insample": 0.5266768262415403,
  "gof_validation_near": -0.11857687285634233,
  "gof_validation_far": 0.023123704175757265,
  "gof_diagnostic": 0.6666666666666666,
  "rmse": 40.75792508464224,
  "mae": 27.681643112182616,
  "theil_u": 1.1185768728563423,
  "directional_accuracy": 0.7142857142857143,
  "n_params": 7,
  "status": "ok",
  "diagnostics_passed": [
    "jarque_bera",
    "cusum",
    "adf",
    "forecast_plausibility"
  ],
  "diagnostics_failed": [
    "ljung_box",
    "arch_lm"
  ],
  "error_summary": "",
  "rmse_1yr": 40.75792508464224,
  "rmse_3yr": 112.05081701875005,
  "insample_rmse": 3.1587050321401704,
  "naive_insample_rmse": 6.6734637289322345,
  "gof_volatility_near": NaN,
  "gof_volatility_far": NaN,
  "gof_volatility_weighted": NaN,
  "validation_coverage_90": NaN,
  "fit_attempts": [],
  "fit_strategy": "",
  "fit_scaled": false,
  "fit_recovered": false
}