{
  "experiment_id": "20260325_vecm_refine2_20",
  "trial_id": "20260325_vecm_refine2_20_011",
  "model_class": "VECM",
  "champion_eligible": true,
  "description": "VECM(k_ar_diff=1) deterministic=li with mortgage_rate, building_permits",
  "gof_composite": 0.13762975273520273,
  "gof_insample": 0.2861036353128268,
  "gof_validation_near": 0.12846256732971173,
  "gof_validation_far": -0.36737955525773613,
  "gof_diagnostic": 0.3333333333333333,
  "rmse": 31.756474008379662,
  "mae": 22.563527949484044,
  "theil_u": 0.8715374326702883,
  "directional_accuracy": 0.2882205513784461,
  "n_params": 16,
  "status": "ok",
  "diagnostics_passed": [
    "adf",
    "forecast_plausibility"
  ],
  "diagnostics_failed": [
    "ljung_box",
    "jarque_bera",
    "arch_lm",
    "cusum"
  ],
  "error_summary": "",
  "rmse_1yr": 31.756474008379662,
  "rmse_3yr": 156.84278244471875,
  "insample_rmse": 4.764161495956429,
  "naive_insample_rmse": 6.6734637289322345,
  "gof_volatility_near": NaN,
  "gof_volatility_far": NaN,
  "gof_volatility_weighted": NaN,
  "validation_coverage_90": NaN,
  "fit_attempts": [],
  "fit_strategy": "",
  "fit_scaled": false,
  "fit_recovered": false
}