{
  "experiment_id": "20260331_vecm_full20_300",
  "trial_id": "20260331_vecm_full20_300_029",
  "model_class": "VECM",
  "champion_eligible": true,
  "description": "VECM(k_ar_diff=2) deterministic=ci with consumer_confidence, fed_funds",
  "gof_composite": -0.150397115255932,
  "gof_insample": 0.31217921355939104,
  "gof_validation_near": -0.22230070334963492,
  "gof_validation_far": -1.5386459189376636,
  "gof_diagnostic": 0.3333333333333333,
  "rmse": 44.537341783954496,
  "mae": 28.15632125263369,
  "theil_u": 1.222300703349635,
  "directional_accuracy": 0.6942355889724311,
  "n_params": 25,
  "status": "ok",
  "diagnostics_passed": [
    "cusum",
    "forecast_plausibility"
  ],
  "diagnostics_failed": [
    "ljung_box",
    "jarque_bera",
    "arch_lm",
    "adf"
  ],
  "error_summary": "",
  "rmse_1yr": 44.537341783954496,
  "rmse_3yr": 291.1907582917332,
  "insample_rmse": 4.590147070317048,
  "naive_insample_rmse": 6.6734637289322345,
  "gof_volatility_near": NaN,
  "gof_volatility_far": NaN,
  "gof_volatility_weighted": NaN,
  "validation_coverage_90": NaN,
  "fit_attempts": [],
  "fit_strategy": "",
  "fit_scaled": false,
  "fit_recovered": false
}