{
  "experiment_id": "20260325_vecm_60",
  "trial_id": "20260325_vecm_60_027",
  "model_class": "VECM",
  "champion_eligible": true,
  "description": "VECM(k_ar_diff=4) deterministic=ci with mortgage_rate, unemployment_rate",
  "gof_composite": 0.16123540519164264,
  "gof_insample": 0.4895753262574867,
  "gof_validation_near": 0.12037026902111381,
  "gof_validation_far": -0.9559399075693904,
  "gof_diagnostic": 0.6666666666666666,
  "rmse": 32.05133553844347,
  "mae": 17.99367044017259,
  "theil_u": 0.8796297309788862,
  "directional_accuracy": 0.5137844611528822,
  "n_params": 43,
  "status": "ok",
  "diagnostics_passed": [
    "ljung_box",
    "cusum",
    "adf",
    "forecast_plausibility"
  ],
  "diagnostics_failed": [
    "jarque_bera",
    "arch_lm"
  ],
  "error_summary": "",
  "rmse_1yr": 32.05133553844347,
  "rmse_3yr": 224.35252612799627,
  "insample_rmse": 3.4063005465727323,
  "naive_insample_rmse": 6.6734637289322345
}