{
  "experiment_id": "20260329_xgboost_300",
  "trial_id": "20260329_xgboost_300_015",
  "model_class": "XGBoost",
  "champion_eligible": true,
  "description": "XGBoost n_estimators=500 learning_rate=0.05 max_depth=4 subsample=0.8 colsample_bytree=0.8 lags=[1, 2, 4] with no exogenous variables",
  "gof_composite": 0.5224888203460692,
  "gof_insample": 0.9647029313630378,
  "gof_validation_near": 0.21358233764901435,
  "gof_validation_far": -0.032085580286450366,
  "gof_diagnostic": 0.6666666666666666,
  "rmse": 28.654939097294786,
  "mae": 24.011993398030594,
  "theil_u": 0.7864176623509856,
  "directional_accuracy": 0.18295739348370926,
  "n_params": 10,
  "status": "ok",
  "diagnostics_passed": [
    "jarque_bera",
    "arch_lm",
    "cusum",
    "adf"
  ],
  "diagnostics_failed": [
    "ljung_box",
    "forecast_plausibility"
  ],
  "error_summary": "",
  "rmse_1yr": 28.654939097294786,
  "rmse_3yr": 118.38349747937201,
  "insample_rmse": 0.23555370728639907,
  "naive_insample_rmse": 6.6734637289322345,
  "gof_volatility_near": NaN,
  "gof_volatility_far": NaN,
  "gof_volatility_weighted": NaN,
  "validation_coverage_90": NaN,
  "fit_attempts": [],
  "fit_strategy": "",
  "fit_scaled": false,
  "fit_recovered": false
}