{
  "experiment_id": "20260325_arimax_60",
  "trial_id": "20260325_arimax_60_014",
  "model_class": "ARIMAX",
  "champion_eligible": true,
  "description": "ARIMAX(1, 1, 0) trend=t with mortgage_rate, consumer_confidence, housing_inventory",
  "gof_composite": -0.5953038986533992,
  "gof_insample": -1.7739759696381676,
  "gof_validation_near": 0.1690798453820992,
  "gof_validation_far": -0.01356209216482629,
  "gof_diagnostic": 0.5714285714285714,
  "rmse": 30.2764899177253,
  "mae": 20.54419653302733,
  "theil_u": 0.8309201546179008,
  "directional_accuracy": 0.8421052631578947,
  "n_params": 6,
  "status": "ok",
  "diagnostics_passed": [
    "ljung_box",
    "cusum",
    "adf",
    "forecast_plausibility"
  ],
  "diagnostics_failed": [
    "jarque_bera",
    "arch_lm",
    "economic_sign"
  ],
  "error_summary": "",
  "rmse_1yr": 30.2764899177253,
  "rmse_3yr": 116.25879449810681,
  "insample_rmse": 18.512028018309937,
  "naive_insample_rmse": 6.6734637289322345
}