{
  "experiment_id": "20260330_svr_full20_300",
  "trial_id": "20260330_svr_full20_300_106",
  "model_class": "Support Vector Regression",
  "champion_eligible": true,
  "description": "Support Vector Regression kernel=rbf C=50.0 epsilon=0.1 gamma=0.1 lags=[1, 2, 4] with consumer_confidence",
  "gof_composite": 0.02823392241127502,
  "gof_insample": -0.2688487470432721,
  "gof_validation_near": 0.2366186656250472,
  "gof_validation_far": 0.13082369950989348,
  "gof_diagnostic": 0.3333333333333333,
  "rmse": 27.815557421652922,
  "mae": 22.322074241062214,
  "theil_u": 0.7633813343749528,
  "directional_accuracy": 0.5664160401002506,
  "n_params": 5,
  "status": "ok",
  "diagnostics_passed": [
    "cusum",
    "forecast_plausibility"
  ],
  "diagnostics_failed": [
    "ljung_box",
    "jarque_bera",
    "arch_lm",
    "adf"
  ],
  "error_summary": "",
  "rmse_1yr": 27.815557421652922,
  "rmse_3yr": 99.69728513176406,
  "insample_rmse": 8.467616090894388,
  "naive_insample_rmse": 6.6734637289322345,
  "gof_volatility_near": NaN,
  "gof_volatility_far": NaN,
  "gof_volatility_weighted": NaN,
  "validation_coverage_90": NaN,
  "fit_attempts": [],
  "fit_strategy": "",
  "fit_scaled": false,
  "fit_recovered": false
}