{
  "experiment_id": "20260331_threshold_var_full20_300",
  "trial_id": "20260331_threshold_var_full20_300_015",
  "model_class": "Threshold VAR / SETAR",
  "champion_eligible": true,
  "description": "Threshold VAR(1) delay=1 q=0.6 threshold=hpi with treasury_10y",
  "gof_composite": -1.6382139725472558,
  "gof_insample": 0.1969675578382003,
  "gof_validation_near": -2.7489659645647735,
  "gof_validation_far": -5.254641609454658,
  "gof_diagnostic": 0.3333333333333333,
  "rmse": 136.60221093112884,
  "mae": 110.12862403638154,
  "theil_u": 3.7489659645647735,
  "directional_accuracy": 0.23809523809523808,
  "n_params": 15,
  "status": "ok",
  "diagnostics_passed": [
    "cusum",
    "adf"
  ],
  "diagnostics_failed": [
    "ljung_box",
    "jarque_bera",
    "arch_lm",
    "forecast_plausibility"
  ],
  "error_summary": "",
  "rmse_1yr": 136.60221093112884,
  "rmse_3yr": 717.4272786581744,
  "insample_rmse": 5.359007875922643,
  "naive_insample_rmse": 6.6734637289322345,
  "gof_volatility_near": NaN,
  "gof_volatility_far": NaN,
  "gof_volatility_weighted": NaN,
  "validation_coverage_90": NaN,
  "fit_attempts": [],
  "fit_strategy": "",
  "fit_scaled": false,
  "fit_recovered": false
}