{
  "experiment_id": "20260325_state_space_60",
  "trial_id": "20260325_state_space_60_060",
  "model_class": "State-Space",
  "champion_eligible": true,
  "description": "State-Space(local linear trend, cycle) with mortgage_rate, real_gdp, building_permits",
  "gof_composite": -0.6607812008435492,
  "gof_insample": -1.7874014506510418,
  "gof_validation_near": 0.12487095024180561,
  "gof_validation_far": -0.40636016397557206,
  "gof_diagnostic": 0.7142857142857143,
  "rmse": 31.887342850525297,
  "mae": 21.277631526245962,
  "theil_u": 0.8751290497581944,
  "directional_accuracy": 0.48621553884711777,
  "n_params": 8,
  "status": "ok",
  "diagnostics_passed": [
    "ljung_box",
    "cusum",
    "adf",
    "economic_sign",
    "forecast_plausibility"
  ],
  "diagnostics_failed": [
    "jarque_bera",
    "arch_lm"
  ],
  "error_summary": "",
  "rmse_1yr": 31.887342850525297,
  "rmse_3yr": 161.31398219988975,
  "insample_rmse": 18.60162247889282,
  "naive_insample_rmse": 6.6734637289322345
}