{
  "experiment_id": "20260331_bvar_full20_300",
  "trial_id": "20260331_bvar_full20_300_062",
  "model_class": "BVAR",
  "champion_eligible": true,
  "description": "BVAR(1) prior=minnesota lambda=0.2 trend=c with treasury_10y, fed_funds",
  "gof_composite": -0.36132160627557813,
  "gof_insample": 0.08145003055609468,
  "gof_validation_near": -0.44068532457684384,
  "gof_validation_far": -1.7088561437519156,
  "gof_diagnostic": 0.16666666666666666,
  "rmse": 52.49468852301915,
  "mae": 39.21466530995592,
  "theil_u": 1.4406853245768438,
  "directional_accuracy": 0.20802005012531327,
  "n_params": 13,
  "status": "ok",
  "diagnostics_passed": [
    "adf"
  ],
  "diagnostics_failed": [
    "ljung_box",
    "jarque_bera",
    "arch_lm",
    "cusum",
    "forecast_plausibility"
  ],
  "error_summary": "",
  "rmse_1yr": 52.49468852301915,
  "rmse_3yr": 310.7144122455737,
  "insample_rmse": 6.129909904295714,
  "naive_insample_rmse": 6.6734637289322345,
  "gof_volatility_near": NaN,
  "gof_volatility_far": NaN,
  "gof_volatility_weighted": NaN,
  "validation_coverage_90": NaN,
  "fit_attempts": [],
  "fit_strategy": "",
  "fit_scaled": false,
  "fit_recovered": false
}