{
  "experiment_id": "20260325_arimax_garch_60_volaware",
  "trial_id": "20260325_arimax_garch_60_volaware_008",
  "model_class": "ARIMAX-GARCH",
  "champion_eligible": true,
  "description": "ARIMAX-GARCH(1, 1, 0) trend=t GARCH(1,1) dist=normal with mortgage_rate, term_spread",
  "gof_composite": -0.5391739388174923,
  "gof_insample": -1.7793780287560383,
  "gof_validation_near": 0.1794506319527719,
  "gof_validation_far": -0.022399680109013387,
  "gof_diagnostic": 0.3333333333333333,
  "rmse": 29.89860641917153,
  "mae": 21.07005378144447,
  "theil_u": 0.8205493680472281,
  "directional_accuracy": 0.8220551378446115,
  "n_params": 8,
  "status": "ok",
  "diagnostics_passed": [
    "cusum",
    "forecast_plausibility",
    "std_resid_unit_variance"
  ],
  "diagnostics_failed": [
    "ljung_box",
    "jarque_bera",
    "arch_lm",
    "adf",
    "economic_sign",
    "volatility_coverage_90"
  ],
  "error_summary": "",
  "rmse_1yr": 29.89860641917153,
  "rmse_3yr": 117.27249393359743,
  "insample_rmse": 18.548078463894594,
  "naive_insample_rmse": 6.6734637289322345,
  "gof_volatility_near": -0.28366947587697444,
  "gof_volatility_far": -0.4223252696378046,
  "gof_volatility_weighted": -0.3252662140052235,
  "validation_coverage_90": 0.3225,
  "fit_attempts": [],
  "fit_strategy": "",
  "fit_scaled": false,
  "fit_recovered": false
}