{
  "experiment_id": "20260325_state_space_60",
  "trial_id": "20260325_state_space_60_002",
  "model_class": "State-Space",
  "champion_eligible": true,
  "description": "State-Space(local level, no_cycle) with mortgage_rate",
  "gof_composite": -0.45289213709090725,
  "gof_insample": -1.4535474317060175,
  "gof_validation_near": 0.2656557508533066,
  "gof_validation_far": -0.04873213376200236,
  "gof_diagnostic": 0.42857142857142855,
  "rmse": 26.7575243323511,
  "mae": 21.841225793115186,
  "theil_u": 0.7343442491466934,
  "directional_accuracy": 0.5338345864661654,
  "n_params": 3,
  "status": "ok",
  "diagnostics_passed": [
    "ljung_box",
    "adf",
    "forecast_plausibility"
  ],
  "diagnostics_failed": [
    "jarque_bera",
    "arch_lm",
    "cusum",
    "economic_sign"
  ],
  "error_summary": "",
  "rmse_1yr": 26.7575243323511,
  "rmse_3yr": 120.29291008919289,
  "insample_rmse": 16.373659792704945,
  "naive_insample_rmse": 6.6734637289322345
}