{
  "experiment_id": "20260325_var_refine_20",
  "trial_id": "20260325_var_refine_20_016",
  "model_class": "VAR",
  "champion_eligible": true,
  "description": "VAR(6) trend=ct with mortgage_rate, real_gdp",
  "gof_composite": -0.1962898102735876,
  "gof_insample": 0.509315666900804,
  "gof_validation_near": -0.49422190713071834,
  "gof_validation_far": -1.9580338413654963,
  "gof_diagnostic": 0.6666666666666666,
  "rmse": 54.445417233730495,
  "mae": 36.08414135195961,
  "theil_u": 1.4942219071307183,
  "directional_accuracy": 0.6365914786967418,
  "n_params": 60,
  "status": "ok",
  "diagnostics_passed": [
    "ljung_box",
    "cusum",
    "adf",
    "forecast_plausibility"
  ],
  "diagnostics_failed": [
    "jarque_bera",
    "arch_lm"
  ],
  "error_summary": "",
  "rmse_1yr": 54.445417233730495,
  "rmse_3yr": 339.29588639926345,
  "insample_rmse": 3.274564099292787,
  "naive_insample_rmse": 6.6734637289322345,
  "gof_volatility_near": NaN,
  "gof_volatility_far": NaN,
  "gof_volatility_weighted": NaN,
  "validation_coverage_90": NaN,
  "fit_attempts": [],
  "fit_strategy": "",
  "fit_scaled": false,
  "fit_recovered": false
}