{
  "experiment_id": "20260330_arimax_garch_full20_300",
  "trial_id": "20260330_arimax_garch_full20_300_102",
  "model_class": "ARIMAX-GARCH",
  "champion_eligible": true,
  "description": "ARIMAX-GARCH(1, 1, 1) trend=t GARCH(1,1) dist=normal with treasury_10y, per_capita_income",
  "gof_composite": -0.7572374894969512,
  "gof_insample": -1.5528067844848352,
  "gof_validation_near": -0.10051661119428568,
  "gof_validation_far": -1.838320486435372,
  "gof_diagnostic": 0.4444444444444444,
  "rmse": 40.099857847876045,
  "mae": 24.88824820649175,
  "theil_u": 1.1005166111942857,
  "directional_accuracy": 0.706766917293233,
  "n_params": 9,
  "status": "ok",
  "diagnostics_passed": [
    "arch_lm",
    "cusum",
    "forecast_plausibility",
    "std_resid_unit_variance"
  ],
  "diagnostics_failed": [
    "ljung_box",
    "jarque_bera",
    "adf",
    "economic_sign",
    "volatility_coverage_90"
  ],
  "error_summary": "",
  "rmse_1yr": 40.099857847876045,
  "rmse_3yr": 325.5643839712534,
  "insample_rmse": 17.036063483231676,
  "naive_insample_rmse": 6.6734637289322345,
  "gof_volatility_near": -0.516355050241559,
  "gof_volatility_far": -0.48688751148751486,
  "gof_volatility_weighted": -0.5075147886153457,
  "validation_coverage_90": 0.1775,
  "fit_attempts": [],
  "fit_strategy": "",
  "fit_scaled": false,
  "fit_recovered": false
}