{
  "experiment_id": "20260325_bvar_60",
  "trial_id": "20260325_bvar_60_034",
  "model_class": "BVAR",
  "champion_eligible": true,
  "description": "BVAR(1) prior=minnesota lambda=0.2 trend=c with mortgage_rate, real_gdp",
  "gof_composite": -0.41074254251932685,
  "gof_insample": 0.08557082793293058,
  "gof_validation_near": -0.737269413559257,
  "gof_validation_far": -1.4683994152006168,
  "gof_diagnostic": 0.3333333333333333,
  "rmse": 63.30141300783203,
  "mae": 47.001134020306445,
  "theil_u": 1.737269413559257,
  "directional_accuracy": 0.5363408521303258,
  "n_params": 13,
  "status": "ok",
  "diagnostics_passed": [
    "adf",
    "forecast_plausibility"
  ],
  "diagnostics_failed": [
    "ljung_box",
    "jarque_bera",
    "arch_lm",
    "cusum"
  ],
  "error_summary": "",
  "rmse_1yr": 63.30141300783203,
  "rmse_3yr": 283.13326097084115,
  "insample_rmse": 6.102409912467121,
  "naive_insample_rmse": 6.6734637289322345,
  "gof_volatility_near": NaN,
  "gof_volatility_far": NaN,
  "gof_volatility_weighted": NaN,
  "validation_coverage_90": NaN,
  "fit_attempts": [],
  "fit_strategy": "",
  "fit_scaled": false,
  "fit_recovered": false
}