{
  "experiment_id": "20260329_tcn_300",
  "trial_id": "20260329_tcn_300_024",
  "model_class": "TCN",
  "champion_eligible": true,
  "description": "TCN lookback=8 channels=32 num_blocks=3 kernel_size=2 epochs=75 learning_rate=0.01 with unemployment_rate",
  "gof_composite": 0.23683952099504407,
  "gof_insample": 0.4203160985408614,
  "gof_validation_near": 0.18563186679317867,
  "gof_validation_far": -0.19727603421497553,
  "gof_diagnostic": 0.3333333333333333,
  "rmse": 29.673378888843146,
  "mae": 17.716313120524084,
  "theil_u": 0.8143681332068213,
  "directional_accuracy": 0.5513784461152882,
  "n_params": 7,
  "status": "ok",
  "diagnostics_passed": [
    "cusum",
    "adf"
  ],
  "diagnostics_failed": [
    "ljung_box",
    "jarque_bera",
    "arch_lm",
    "forecast_plausibility"
  ],
  "error_summary": "",
  "rmse_1yr": 29.673378888843146,
  "rmse_3yr": 137.33136775272305,
  "insample_rmse": 3.8684994906334893,
  "naive_insample_rmse": 6.6734637289322345,
  "gof_volatility_near": NaN,
  "gof_volatility_far": NaN,
  "gof_volatility_weighted": NaN,
  "validation_coverage_90": NaN,
  "fit_attempts": [],
  "fit_strategy": "",
  "fit_scaled": false,
  "fit_recovered": false
}