{
  "experiment_id": "20260325_vecm_60",
  "trial_id": "20260325_vecm_60_022",
  "model_class": "VECM",
  "champion_eligible": true,
  "description": "VECM(k_ar_diff=1) deterministic=ci with housing_inventory",
  "gof_composite": 0.0705731588208708,
  "gof_insample": 0.36586221568962607,
  "gof_validation_near": 0.0065289804943974294,
  "gof_validation_far": -0.8537124708534582,
  "gof_diagnostic": 0.5,
  "rmse": 36.199405127494366,
  "mae": 19.824697083101196,
  "theil_u": 0.9934710195056026,
  "directional_accuracy": 0.5839598997493735,
  "n_params": 9,
  "status": "ok",
  "diagnostics_passed": [
    "cusum",
    "adf",
    "forecast_plausibility"
  ],
  "diagnostics_failed": [
    "ljung_box",
    "jarque_bera",
    "arch_lm"
  ],
  "error_summary": "",
  "rmse_1yr": 36.199405127494366,
  "rmse_3yr": 212.6267141140116,
  "insample_rmse": 4.231895502740733,
  "naive_insample_rmse": 6.6734637289322345
}