{
  "experiment_id": "20260325_arimax",
  "trial_id": "20260325_arimax_009",
  "model_class": "ARIMAX",
  "champion_eligible": true,
  "description": "ARIMAX(2, 1, 1) trend=t with mortgage_rate, unemployment_rate",
  "gof_composite": -0.6921513201137666,
  "gof_insample": -1.4606550001234337,
  "gof_validation_near": -0.01310318923934628,
  "gof_validation_far": -1.0696404064898606,
  "gof_diagnostic": 0.5714285714285714,
  "rmse": 36.91474845585556,
  "mae": 24.329759523635637,
  "theil_u": 1.0131031892393463,
  "directional_accuracy": 0.8120300751879699,
  "n_params": 7,
  "status": "ok",
  "diagnostics_passed": [
    "ljung_box",
    "cusum",
    "adf",
    "forecast_plausibility"
  ],
  "diagnostics_failed": [
    "jarque_bera",
    "arch_lm",
    "economic_sign"
  ],
  "error_summary": "",
  "rmse_1yr": 36.91474845585556,
  "rmse_3yr": 237.39433485438016,
  "insample_rmse": 16.42109189273948,
  "naive_insample_rmse": 6.6734637289322345
}