{
  "experiment_id": "20260325_bvar_60",
  "trial_id": "20260325_bvar_60_018",
  "model_class": "BVAR",
  "champion_eligible": true,
  "description": "BVAR(1) prior=minnesota lambda=0.2 trend=c with building_permits",
  "gof_composite": -0.27892903746070724,
  "gof_insample": 0.08123508164472282,
  "gof_validation_near": -0.3981138625801779,
  "gof_validation_far": -1.2583325658813385,
  "gof_diagnostic": 0.16666666666666666,
  "rmse": 50.94349923875201,
  "mae": 36.07533837700132,
  "theil_u": 1.398113862580178,
  "directional_accuracy": 0.8220551378446115,
  "n_params": 7,
  "status": "ok",
  "diagnostics_passed": [
    "adf"
  ],
  "diagnostics_failed": [
    "ljung_box",
    "jarque_bera",
    "arch_lm",
    "cusum",
    "forecast_plausibility"
  ],
  "error_summary": "",
  "rmse_1yr": 50.94349923875201,
  "rmse_3yr": 259.0379254658278,
  "insample_rmse": 6.131344358059328,
  "naive_insample_rmse": 6.6734637289322345,
  "gof_volatility_near": NaN,
  "gof_volatility_far": NaN,
  "gof_volatility_weighted": NaN,
  "validation_coverage_90": NaN,
  "fit_attempts": [],
  "fit_strategy": "",
  "fit_scaled": false,
  "fit_recovered": false
}