{
  "experiment_id": "20260331_var_full20_300",
  "trial_id": "20260331_var_full20_300_034",
  "model_class": "VAR",
  "champion_eligible": true,
  "description": "VAR(1) trend=c with consumer_confidence, fed_funds",
  "gof_composite": -0.07105111096696212,
  "gof_insample": 0.16123796929185974,
  "gof_validation_near": -0.17057371764771379,
  "gof_validation_far": -0.7278588722689303,
  "gof_diagnostic": 0.3333333333333333,
  "rmse": 42.65254990308032,
  "mae": 29.86297068489547,
  "theil_u": 1.1705737176477138,
  "directional_accuracy": 0.8020050125313283,
  "n_params": 12,
  "status": "ok",
  "diagnostics_passed": [
    "adf",
    "forecast_plausibility"
  ],
  "diagnostics_failed": [
    "ljung_box",
    "jarque_bera",
    "arch_lm",
    "cusum"
  ],
  "error_summary": "",
  "rmse_1yr": 42.65254990308032,
  "rmse_3yr": 198.19090621650545,
  "insample_rmse": 5.597447989136319,
  "naive_insample_rmse": 6.6734637289322345,
  "gof_volatility_near": NaN,
  "gof_volatility_far": NaN,
  "gof_volatility_weighted": NaN,
  "validation_coverage_90": NaN,
  "fit_attempts": [],
  "fit_strategy": "",
  "fit_scaled": false,
  "fit_recovered": false
}