{
  "experiment_id": "20260330_arimax_garch_full20_300",
  "trial_id": "20260330_arimax_garch_full20_300_065",
  "model_class": "ARIMAX-GARCH",
  "champion_eligible": true,
  "description": "ARIMAX-GARCH(1, 1, 0) trend=t GARCH(1,1) dist=normal with consumer_confidence, mortgage_rate, new_home_sales",
  "gof_composite": -1.0125009808920693,
  "gof_insample": -3.3640566323096506,
  "gof_validation_near": 0.156977902056882,
  "gof_validation_far": -0.056748521593893875,
  "gof_diagnostic": 0.2222222222222222,
  "rmse": 30.717452100474752,
  "mae": 20.665011473815426,
  "theil_u": 0.843022097943118,
  "directional_accuracy": 0.8120300751879699,
  "n_params": 9,
  "status": "ok",
  "diagnostics_passed": [
    "cusum",
    "forecast_plausibility"
  ],
  "diagnostics_failed": [
    "ljung_box",
    "jarque_bera",
    "arch_lm",
    "adf",
    "economic_sign",
    "volatility_coverage_90",
    "std_resid_unit_variance"
  ],
  "error_summary": "",
  "rmse_1yr": 30.717452100474752,
  "rmse_3yr": 121.21241526087351,
  "insample_rmse": 29.12337364672461,
  "naive_insample_rmse": 6.6734637289322345,
  "gof_volatility_near": -0.1741918657321757,
  "gof_volatility_far": -0.3812301369746234,
  "gof_volatility_weighted": -0.23630334710491,
  "validation_coverage_90": 0.3575,
  "fit_attempts": [],
  "fit_strategy": "",
  "fit_scaled": false,
  "fit_recovered": false
}