{
  "experiment_id": "20260325_vecm_60",
  "trial_id": "20260325_vecm_60_053",
  "model_class": "VECM",
  "champion_eligible": true,
  "description": "VECM(k_ar_diff=2) deterministic=ci with mortgage_rate, housing_starts, building_permits",
  "gof_composite": -0.040366529670528326,
  "gof_insample": 0.3187769344952137,
  "gof_validation_near": -0.05511583621768534,
  "gof_validation_far": -1.3239117386161596,
  "gof_diagnostic": 0.5,
  "rmse": 38.44557602765945,
  "mae": 25.1158846680106,
  "theil_u": 1.0551158362176853,
  "directional_accuracy": 0.6265664160401002,
  "n_params": 50,
  "status": "ok",
  "diagnostics_passed": [
    "cusum",
    "adf",
    "forecast_plausibility"
  ],
  "diagnostics_failed": [
    "ljung_box",
    "jarque_bera",
    "arch_lm"
  ],
  "error_summary": "",
  "rmse_1yr": 38.44557602765945,
  "rmse_3yr": 266.5600650814179,
  "insample_rmse": 4.546117418958219,
  "naive_insample_rmse": 6.6734637289322345
}