{
  "experiment_id": "20260330_arimax_full20_300",
  "trial_id": "20260330_arimax_full20_300_102",
  "model_class": "ARIMAX",
  "champion_eligible": true,
  "description": "ARIMAX(1, 1, 1) trend=t with treasury_10y, per_capita_income",
  "gof_composite": -0.8749087435343827,
  "gof_insample": -1.5528067844848352,
  "gof_validation_near": -0.10051661119428568,
  "gof_validation_far": -1.838320486435372,
  "gof_diagnostic": 0.5714285714285714,
  "rmse": 40.099857847876045,
  "mae": 24.88824820649175,
  "theil_u": 1.1005166111942857,
  "directional_accuracy": 0.706766917293233,
  "n_params": 6,
  "status": "ok",
  "diagnostics_passed": [
    "ljung_box",
    "cusum",
    "adf",
    "forecast_plausibility"
  ],
  "diagnostics_failed": [
    "jarque_bera",
    "arch_lm",
    "economic_sign"
  ],
  "error_summary": "",
  "rmse_1yr": 40.099857847876045,
  "rmse_3yr": 325.5643839712534,
  "insample_rmse": 17.036063483231676,
  "naive_insample_rmse": 6.6734637289322345,
  "gof_volatility_near": NaN,
  "gof_volatility_far": NaN,
  "gof_volatility_weighted": NaN,
  "validation_coverage_90": NaN,
  "fit_attempts": [],
  "fit_strategy": "",
  "fit_scaled": false,
  "fit_recovered": false
}